//  Catapult Ultra Synthesis 2023.1_2/1049935 (Production Release) Sat Jun 10 10:53:51 PDT 2023
//  
//          Copyright (c) Siemens EDA, 1996-2023, All Rights Reserved.
//                        UNPUBLISHED, LICENSED SOFTWARE.
//             CONFIDENTIAL AND PROPRIETARY INFORMATION WHICH IS THE
//                   PROPERTY OF SIEMENS EDA OR ITS LICENSORS.
//  
//  Running on Linux ghp7482@hansolo.poly.edu 4.18.0-553.89.1.el8_10.x86_64 x86_64 aol
//  
//  Package information: SIFLIBS v26.1_2.0, HLS_PKGS v26.1_2.0, 
//                       SIF_TOOLKITS v26.1_2.0, SIF_XILINX v26.1_2.0, 
//                       SIF_ALTERA v26.1_2.0, CCS_LIBS v26.1_2.0, 
//                       CDS_PPRO v2022.1_1, CDS_DesigChecker v2023.1_1, 
//                       CDS_OASYS v21.1_3.1, CDS_PSR v22.2_0.9, 
//                       DesignPad v2.78_1.0
//  
//  Start time Wed Jan 14 15:06:21 2026
# -------------------------------------------------
# Logging session transcript to file "/tmp/log2309448f80f2518.0"
dofile ./outputs_sampler_o3-mini_19/initial.tcl
# > solution new -state initial
# Info: Branching solution 'solution.v2' at state 'initial' (PRJ-2)
# solution.v2
# > solution options defaults
# > solution options set /OnTheFly/VthAttributeType cell_lib
# cell_lib
# > solution options set /Input/TargetPlatform x86_64
# x86_64
# > solution options set /Output/OutputVHDL false
# false
# > solution options set /Output/GenerateCycleNetlist false
# false
# > solution file add tmp_sampler/sampler_llm.c -type C++
# /INPUTFILES/1
# > directive set -DESIGN_GOAL area
# /DESIGN_GOAL area
# > directive set -SPECULATE true
# /SPECULATE true
# > directive set -MERGEABLE true
# /MERGEABLE true
# > directive set -REGISTER_THRESHOLD 512
# /REGISTER_THRESHOLD 512
# > directive set -MEM_MAP_THRESHOLD 128
# /MEM_MAP_THRESHOLD 128
# > directive set -LOGIC_OPT false
# /LOGIC_OPT false
# > directive set -FSM_ENCODING none
# /FSM_ENCODING none
# > directive set -FSM_BINARY_ENCODING_THRESHOLD 64
# /FSM_BINARY_ENCODING_THRESHOLD 64
# > directive set -REG_MAX_FANOUT 0
# /REG_MAX_FANOUT 0
# > directive set -NO_X_ASSIGNMENTS true
# /NO_X_ASSIGNMENTS true
# > directive set -SAFE_FSM false
# /SAFE_FSM false
# > directive set -REGISTER_SHARING_MAX_WIDTH_DIFFERENCE 8
# /REGISTER_SHARING_MAX_WIDTH_DIFFERENCE 8
# > directive set -REGISTER_SHARING_LIMIT 0
# /REGISTER_SHARING_LIMIT 0
# > directive set -ASSIGN_OVERHEAD 0
# /ASSIGN_OVERHEAD 0
# > directive set -TIMING_CHECKS true
# /TIMING_CHECKS true
# > directive set -MUXPATH true
# /MUXPATH true
# > directive set -REALLOC true
# /REALLOC true
# > directive set -UNROLL no
# /UNROLL no
# > directive set -IO_MODE super
# /IO_MODE super
# > directive set -CHAN_IO_PROTOCOL use_library
# /CHAN_IO_PROTOCOL use_library
# > directive set -ARRAY_SIZE 4096
# /ARRAY_SIZE 4096
# > directive set -IDLE_SIGNAL {}
# /IDLE_SIGNAL {}
# > directive set -STALL_FLAG_SV off
# /STALL_FLAG_SV off
# > directive set -STALL_FLAG false
# /STALL_FLAG false
# > directive set -TRANSACTION_DONE_SIGNAL true
# /TRANSACTION_DONE_SIGNAL true
# > directive set -DONE_FLAG {}
# /DONE_FLAG {}
# > directive set -READY_FLAG {}
# /READY_FLAG {}
# > directive set -START_FLAG {}
# /START_FLAG {}
# > directive set -TRANSACTION_SYNC ready
# /TRANSACTION_SYNC ready
# > directive set -RESET_CLEARS_ALL_REGS use_library
# /RESET_CLEARS_ALL_REGS use_library
# > directive set -CLOCK_OVERHEAD 20.000000
# /CLOCK_OVERHEAD 20.000000
# > directive set -ON_THE_FLY_PROTOTYPING false
# /ON_THE_FLY_PROTOTYPING false
# > directive set -OPT_CONST_MULTS use_library
# /OPT_CONST_MULTS use_library
# > directive set -CHARACTERIZE_ROM false
# /CHARACTERIZE_ROM false
# > directive set -PROTOTYPE_ROM true
# /PROTOTYPE_ROM true
# > directive set -ROM_THRESHOLD 512
# /ROM_THRESHOLD 512
# > directive set -CLUSTER_ADDTREE_IN_WIDTH_THRESHOLD 0
# /CLUSTER_ADDTREE_IN_WIDTH_THRESHOLD 0
# > directive set -CLUSTER_ADDTREE_IN_COUNT_THRESHOLD 0
# /CLUSTER_ADDTREE_IN_COUNT_THRESHOLD 0
# > directive set -CLUSTER_OPT_CONSTANT_INPUTS true
# /CLUSTER_OPT_CONSTANT_INPUTS true
# > directive set -CLUSTER_RTL_SYN false
# /CLUSTER_RTL_SYN false
# > directive set -CLUSTER_FAST_MODE false
# /CLUSTER_FAST_MODE false
# > directive set -CLUSTER_TYPE combinational
# /CLUSTER_TYPE combinational
# > directive set -PROTOTYPING_ENGINE oasys
# /PROTOTYPING_ENGINE oasys
# > directive set -PIPELINE_RAMP_UP true
# /PIPELINE_RAMP_UP true
# > go new
# > go analyze
# Info: Starting transformation 'analyze' on solution 'solution.v2' (SOL-8)
# Creating project directory '/home/ghp7482/projects/c2hlsc/Catapult_129/'. (PRJ-1)
# Moving session transcript to file "/home/ghp7482/projects/c2hlsc/catapult.log"
# Front End called with arguments: -- /home/ghp7482/projects/c2hlsc/tmp_sampler/sampler_llm.c (CIN-69)
# Edison Design Group C++/C Front End - Version 6.3 (CIN-1)
# Warning: $PROJECT_HOME/include/ac_int.h(3628): variable "x" is used before its value is set (CRD-549)
# Warning: $PROJECT_HOME/include/ac_int.h(3629): variable "x" is used before its value is set (CRD-549)
# Warning: $PROJECT_HOME/include/ac_int.h(3630): variable "x" is used before its value is set (CRD-549)
# Warning: $PROJECT_HOME/include/ac_int.h(3631): variable "x" is used before its value is set (CRD-549)
# Warning: $PROJECT_HOME/include/ac_int.h(3632): variable "x" is used before its value is set (CRD-549)
# Warning: $PROJECT_HOME/include/ac_int.h(3633): variable "x" is used before its value is set (CRD-549)
# Warning: $PROJECT_HOME/include/ac_int.h(3634): variable "x" is used before its value is set (CRD-549)
# Warning: $PROJECT_HOME/include/ac_int.h(3635): variable "x" is used before its value is set (CRD-549)
# Warning: $PROJECT_HOME/include/ac_int.h(3636): variable "x" is used before its value is set (CRD-549)
# Warning: $PROJECT_HOME/include/ac_int.h(3637): variable "x" is used before its value is set (CRD-549)
# Warning: $PROJECT_HOME/include/ac_int.h(3638): variable "x" is used before its value is set (CRD-549)
# Warning: $PROJECT_HOME/include/ac_int.h(3639): variable "x" is used before its value is set (CRD-549)
# Warning: $PROJECT_HOME/include/ac_fixed.h(224): statement is unreachable (CRD-111)
# Warning: $PROJECT_HOME/include/ac_fixed.h(224):           detected during: (CRD-111)
# Warning: $PROJECT_HOME/include/ac_fixed.h(224):             instantiation of "bool ac_fixed<W, I, S, Q, O>::quantization_adjust(bool, bool, bool) [with W=54, I=2, S=true, Q=AC_TRN, O=AC_WRAP]" at line 366 (CRD-111)
# Warning: $PROJECT_HOME/include/ac_fixed.h(224):             instantiation of "ac_fixed<W, I, S, Q, O>::ac_fixed(const ac_fixed<W2, I2, S2, Q2, O2> &) [with W=54, I=2, S=true, Q=AC_TRN, O=AC_WRAP, W2=32, I2=32, S2=true, Q2=AC_TRN, O2=AC_WRAP]" at line 409 (CRD-111)
# Warning: $PROJECT_HOME/include/ac_fixed.h(224):             instantiation of "ac_fixed<W, I, S, Q, O>::ac_fixed(const ac_int<W2, S2> &) [with W=54, I=2, S=true, Q=AC_TRN, O=AC_WRAP, W2=32, S2=true]" at line 435 (CRD-111)
# Warning: $PROJECT_HOME/include/ac_fixed.h(224):             instantiation of "ac_fixed<W, I, S, Q, O>::ac_fixed(signed int) [with W=54, I=2, S=true, Q=AC_TRN, O=AC_WRAP]" at line 1561 (CRD-111)
# Warning: $PROJECT_HOME/include/ac_fixed.h(202): integer conversion resulted in a change of sign (CRD-68)
# Warning: $PROJECT_HOME/include/ac_fixed.h(202):           detected during: (CRD-68)
# Warning: $PROJECT_HOME/include/ac_fixed.h(202):             instantiation of "void ac_fixed<W, I, S, Q, O>::overflow_adjust(bool, bool) [with W=54, I=2, S=true, Q=AC_TRN, O=AC_WRAP]" at line 392 (CRD-68)
# Warning: $PROJECT_HOME/include/ac_fixed.h(202):             instantiation of "ac_fixed<W, I, S, Q, O>::ac_fixed(const ac_fixed<W2, I2, S2, Q2, O2> &) [with W=54, I=2, S=true, Q=AC_TRN, O=AC_WRAP, W2=32, I2=32, S2=true, Q2=AC_TRN, O2=AC_WRAP]" at line 409 (CRD-68)
# Warning: $PROJECT_HOME/include/ac_fixed.h(202):             instantiation of "ac_fixed<W, I, S, Q, O>::ac_fixed(const ac_int<W2, S2> &) [with W=54, I=2, S=true, Q=AC_TRN, O=AC_WRAP, W2=32, S2=true]" at line 435 (CRD-68)
# Warning: $PROJECT_HOME/include/ac_fixed.h(202):             instantiation of "ac_fixed<W, I, S, Q, O>::ac_fixed(signed int) [with W=54, I=2, S=true, Q=AC_TRN, O=AC_WRAP]" at line 1561 (CRD-68)
# Warning: $PROJECT_HOME/include/ac_fixed.h(224): statement is unreachable (CRD-111)
# Warning: $PROJECT_HOME/include/ac_fixed.h(224):           detected during: (CRD-111)
# Warning: $PROJECT_HOME/include/ac_fixed.h(224):             instantiation of "bool ac_fixed<W, I, S, Q, O>::quantization_adjust(bool, bool, bool) [with W=25, I=2, S=true, Q=AC_TRN, O=AC_WRAP]" at line 366 (CRD-111)
# Warning: $PROJECT_HOME/include/ac_fixed.h(224):             instantiation of "ac_fixed<W, I, S, Q, O>::ac_fixed(const ac_fixed<W2, I2, S2, Q2, O2> &) [with W=25, I=2, S=true, Q=AC_TRN, O=AC_WRAP, W2=32, I2=32, S2=true, Q2=AC_TRN, O2=AC_WRAP]" at line 409 (CRD-111)
# Warning: $PROJECT_HOME/include/ac_fixed.h(224):             instantiation of "ac_fixed<W, I, S, Q, O>::ac_fixed(const ac_int<W2, S2> &) [with W=25, I=2, S=true, Q=AC_TRN, O=AC_WRAP, W2=32, S2=true]" at line 435 (CRD-111)
# Warning: $PROJECT_HOME/include/ac_fixed.h(224):             instantiation of "ac_fixed<W, I, S, Q, O>::ac_fixed(signed int) [with W=25, I=2, S=true, Q=AC_TRN, O=AC_WRAP]" at line 1579 (CRD-111)
# Warning: $PROJECT_HOME/include/ac_fixed.h(202): integer conversion resulted in a change of sign (CRD-68)
# Warning: $PROJECT_HOME/include/ac_fixed.h(202):           detected during: (CRD-68)
# Warning: $PROJECT_HOME/include/ac_fixed.h(202):             instantiation of "void ac_fixed<W, I, S, Q, O>::overflow_adjust(bool, bool) [with W=25, I=2, S=true, Q=AC_TRN, O=AC_WRAP]" at line 392 (CRD-68)
# Warning: $PROJECT_HOME/include/ac_fixed.h(202):             instantiation of "ac_fixed<W, I, S, Q, O>::ac_fixed(const ac_fixed<W2, I2, S2, Q2, O2> &) [with W=25, I=2, S=true, Q=AC_TRN, O=AC_WRAP, W2=32, I2=32, S2=true, Q2=AC_TRN, O2=AC_WRAP]" at line 409 (CRD-68)
# Warning: $PROJECT_HOME/include/ac_fixed.h(202):             instantiation of "ac_fixed<W, I, S, Q, O>::ac_fixed(const ac_int<W2, S2> &) [with W=25, I=2, S=true, Q=AC_TRN, O=AC_WRAP, W2=32, S2=true]" at line 435 (CRD-68)
# Warning: $PROJECT_HOME/include/ac_fixed.h(202):             instantiation of "ac_fixed<W, I, S, Q, O>::ac_fixed(signed int) [with W=25, I=2, S=true, Q=AC_TRN, O=AC_WRAP]" at line 1579 (CRD-68)
# Warning: $PROJECT_HOME/include/ac_fixed.h(224): statement is unreachable (CRD-111)
# Warning: $PROJECT_HOME/include/ac_fixed.h(224):           detected during: (CRD-111)
# Warning: $PROJECT_HOME/include/ac_fixed.h(224):             instantiation of "bool ac_fixed<W, I, S, Q, O>::quantization_adjust(bool, bool, bool) [with W=53, I=1, S=false, Q=AC_TRN, O=AC_WRAP]" at line 366 (CRD-111)
# Warning: $PROJECT_HOME/include/ac_fixed.h(224):             instantiation of "ac_fixed<W, I, S, Q, O>::ac_fixed(const ac_fixed<W2, I2, S2, Q2, O2> &) [with W=53, I=1, S=false, Q=AC_TRN, O=AC_WRAP, W2=32, I2=32, S2=true, Q2=AC_TRN, O2=AC_WRAP]" at line 409 (CRD-111)
# Warning: $PROJECT_HOME/include/ac_fixed.h(224):             instantiation of "ac_fixed<W, I, S, Q, O>::ac_fixed(const ac_int<W2, S2> &) [with W=53, I=1, S=false, Q=AC_TRN, O=AC_WRAP, W2=32, S2=true]" at line 435 (CRD-111)
# Warning: $PROJECT_HOME/include/ac_fixed.h(224):             instantiation of "ac_fixed<W, I, S, Q, O>::ac_fixed(signed int) [with W=53, I=1, S=false, Q=AC_TRN, O=AC_WRAP]" at line 1599 (CRD-111)
# Warning: $PROJECT_HOME/include/ac_fixed.h(202): integer conversion resulted in a change of sign (CRD-68)
# Warning: $PROJECT_HOME/include/ac_fixed.h(202):           detected during: (CRD-68)
# Warning: $PROJECT_HOME/include/ac_fixed.h(202):             instantiation of "void ac_fixed<W, I, S, Q, O>::overflow_adjust(bool, bool) [with W=53, I=1, S=false, Q=AC_TRN, O=AC_WRAP]" at line 392 (CRD-68)
# Warning: $PROJECT_HOME/include/ac_fixed.h(202):             instantiation of "ac_fixed<W, I, S, Q, O>::ac_fixed(const ac_fixed<W2, I2, S2, Q2, O2> &) [with W=53, I=1, S=false, Q=AC_TRN, O=AC_WRAP, W2=32, I2=32, S2=true, Q2=AC_TRN, O2=AC_WRAP]" at line 409 (CRD-68)
# Warning: $PROJECT_HOME/include/ac_fixed.h(202):             instantiation of "ac_fixed<W, I, S, Q, O>::ac_fixed(const ac_int<W2, S2> &) [with W=53, I=1, S=false, Q=AC_TRN, O=AC_WRAP, W2=32, S2=true]" at line 435 (CRD-68)
# Warning: $PROJECT_HOME/include/ac_fixed.h(202):             instantiation of "ac_fixed<W, I, S, Q, O>::ac_fixed(signed int) [with W=53, I=1, S=false, Q=AC_TRN, O=AC_WRAP]" at line 1599 (CRD-68)
# Warning: $PROJECT_HOME/include/ac_fixed.h(224): statement is unreachable (CRD-111)
# Warning: $PROJECT_HOME/include/ac_fixed.h(224):           detected during: (CRD-111)
# Warning: $PROJECT_HOME/include/ac_fixed.h(224):             instantiation of "bool ac_fixed<W, I, S, Q, O>::quantization_adjust(bool, bool, bool) [with W=24, I=1, S=false, Q=AC_TRN, O=AC_WRAP]" at line 366 (CRD-111)
# Warning: $PROJECT_HOME/include/ac_fixed.h(224):             instantiation of "ac_fixed<W, I, S, Q, O>::ac_fixed(const ac_fixed<W2, I2, S2, Q2, O2> &) [with W=24, I=1, S=false, Q=AC_TRN, O=AC_WRAP, W2=32, I2=32, S2=true, Q2=AC_TRN, O2=AC_WRAP]" at line 409 (CRD-111)
# Warning: $PROJECT_HOME/include/ac_fixed.h(224):             instantiation of "ac_fixed<W, I, S, Q, O>::ac_fixed(const ac_int<W2, S2> &) [with W=24, I=1, S=false, Q=AC_TRN, O=AC_WRAP, W2=32, S2=true]" at line 435 (CRD-111)
# Warning: $PROJECT_HOME/include/ac_fixed.h(224):             instantiation of "ac_fixed<W, I, S, Q, O>::ac_fixed(signed int) [with W=24, I=1, S=false, Q=AC_TRN, O=AC_WRAP]" at line 1620 (CRD-111)
# Warning: $PROJECT_HOME/include/ac_fixed.h(202): integer conversion resulted in a change of sign (CRD-68)
# Warning: $PROJECT_HOME/include/ac_fixed.h(202):           detected during: (CRD-68)
# Warning: $PROJECT_HOME/include/ac_fixed.h(202):             instantiation of "void ac_fixed<W, I, S, Q, O>::overflow_adjust(bool, bool) [with W=24, I=1, S=false, Q=AC_TRN, O=AC_WRAP]" at line 392 (CRD-68)
# Warning: $PROJECT_HOME/include/ac_fixed.h(202):             instantiation of "ac_fixed<W, I, S, Q, O>::ac_fixed(const ac_fixed<W2, I2, S2, Q2, O2> &) [with W=24, I=1, S=false, Q=AC_TRN, O=AC_WRAP, W2=32, I2=32, S2=true, Q2=AC_TRN, O2=AC_WRAP]" at line 409 (CRD-68)
# Warning: $PROJECT_HOME/include/ac_fixed.h(202):             instantiation of "ac_fixed<W, I, S, Q, O>::ac_fixed(const ac_int<W2, S2> &) [with W=24, I=1, S=false, Q=AC_TRN, O=AC_WRAP, W2=32, S2=true]" at line 435 (CRD-68)
# Warning: $PROJECT_HOME/include/ac_fixed.h(202):             instantiation of "ac_fixed<W, I, S, Q, O>::ac_fixed(signed int) [with W=24, I=1, S=false, Q=AC_TRN, O=AC_WRAP]" at line 1620 (CRD-68)
# Source file analysis completed (CIN-68)
# Info: Completed transformation 'analyze' on solution 'solution.v2': elapsed time 3.19 seconds, memory usage 1237344kB, peak memory usage 1237344kB (SOL-9)
# > solution design set sampler_hls -top
# solution design set sampler_hls -top (HC-8)
# > go compile
# Info: Starting transformation 'compile' on solution 'sampler_hls.v1' (SOL-8)
# Generating synthesis internal form... (CIN-3)
# $PROJECT_HOME/tmp_sampler/sampler_llm.c(1229): Found top design routine 'sampler_hls' specified by directive (CIN-52)
# $PROJECT_HOME/tmp_sampler/sampler_llm.c(1229): Synthesizing routine 'sampler_hls' (CIN-13)
# $PROJECT_HOME/tmp_sampler/sampler_llm.c(1229): Inlining routine 'sampler_hls' (CIN-14)
# $PROJECT_HOME/tmp_sampler/sampler_llm.c(286): Inlining routine 'fpr_floor' (CIN-14)
# $PROJECT_HOME/tmp_sampler/sampler_llm.c(279): Inlining routine 'fpr_irsh' (CIN-14)
# $PROJECT_HOME/tmp_sampler/sampler_llm.c(496): Inlining routine 'fpr_of' (CIN-14)
# $PROJECT_HOME/tmp_sampler/sampler_llm.c(440): Inlining routine 'fpr_scaled' (CIN-14)
# $PROJECT_HOME/tmp_sampler/sampler_llm.c(200): Inlining routine 'FPR' (CIN-14)
# $PROJECT_HOME/tmp_sampler/sampler_llm.c(434): Inlining routine 'fpr_sub' (CIN-14)
# $PROJECT_HOME/tmp_sampler/sampler_llm.c(327): Inlining routine 'fpr_add' (CIN-14)
# $PROJECT_HOME/tmp_sampler/sampler_llm.c(266): Inlining routine 'fpr_ulsh' (CIN-14)
# $PROJECT_HOME/tmp_sampler/sampler_llm.c(253): Inlining routine 'fpr_ursh' (CIN-14)
# $PROJECT_HOME/tmp_sampler/sampler_llm.c(200): Inlining routine 'FPR' (CIN-14)
# $PROJECT_HOME/tmp_sampler/sampler_llm.c(597): Inlining routine 'fpr_sqr' (CIN-14)
# $PROJECT_HOME/tmp_sampler/sampler_llm.c(501): Inlining routine 'fpr_mul' (CIN-14)
# $PROJECT_HOME/tmp_sampler/sampler_llm.c(200): Inlining routine 'FPR' (CIN-14)
# $PROJECT_HOME/tmp_sampler/sampler_llm.c(603): Inlining routine 'fpr_half' (CIN-14)
# $PROJECT_HOME/tmp_sampler/sampler_llm.c(501): Inlining routine 'fpr_mul' (CIN-14)
# $PROJECT_HOME/tmp_sampler/sampler_llm.c(200): Inlining routine 'FPR' (CIN-14)
# $PROJECT_HOME/tmp_sampler/sampler_llm.c(1158): Inlining routine 'gaussian0_sampler_no_structs' (CIN-14)
# $PROJECT_HOME/tmp_sampler/sampler_llm.c(1128): Inlining routine 'prng_get_u64_no_structs' (CIN-14)
# $PROJECT_HOME/tmp_sampler/sampler_llm.c(1023): Inlining routine 'prng_refill_no_structs' (CIN-14)
# $PROJECT_HOME/tmp_sampler/sampler_llm.c(998): Inlining routine 'read_uint64' (CIN-14)
# $PROJECT_HOME/tmp_sampler/sampler_llm.c(1011): Inlining routine 'write_uint64' (CIN-14)
# $PROJECT_HOME/tmp_sampler/sampler_llm.c(1147): Inlining routine 'prng_get_u8_no_structs' (CIN-14)
# $PROJECT_HOME/tmp_sampler/sampler_llm.c(1023): Inlining routine 'prng_refill_no_structs' (CIN-14)
# $PROJECT_HOME/tmp_sampler/sampler_llm.c(998): Inlining routine 'read_uint64' (CIN-14)
# $PROJECT_HOME/tmp_sampler/sampler_llm.c(1011): Inlining routine 'write_uint64' (CIN-14)
# $PROJECT_HOME/tmp_sampler/sampler_llm.c(1147): Inlining routine 'prng_get_u8_no_structs' (CIN-14)
# $PROJECT_HOME/tmp_sampler/sampler_llm.c(1023): Inlining routine 'prng_refill_no_structs' (CIN-14)
# $PROJECT_HOME/tmp_sampler/sampler_llm.c(998): Inlining routine 'read_uint64' (CIN-14)
# $PROJECT_HOME/tmp_sampler/sampler_llm.c(1011): Inlining routine 'write_uint64' (CIN-14)
# $PROJECT_HOME/tmp_sampler/sampler_llm.c(496): Inlining routine 'fpr_of' (CIN-14)
# $PROJECT_HOME/tmp_sampler/sampler_llm.c(440): Inlining routine 'fpr_scaled' (CIN-14)
# $PROJECT_HOME/tmp_sampler/sampler_llm.c(200): Inlining routine 'FPR' (CIN-14)
# $PROJECT_HOME/tmp_sampler/sampler_llm.c(434): Inlining routine 'fpr_sub' (CIN-14)
# $PROJECT_HOME/tmp_sampler/sampler_llm.c(327): Inlining routine 'fpr_add' (CIN-14)
# $PROJECT_HOME/tmp_sampler/sampler_llm.c(266): Inlining routine 'fpr_ulsh' (CIN-14)
# $PROJECT_HOME/tmp_sampler/sampler_llm.c(253): Inlining routine 'fpr_ursh' (CIN-14)
# $PROJECT_HOME/tmp_sampler/sampler_llm.c(200): Inlining routine 'FPR' (CIN-14)
# $PROJECT_HOME/tmp_sampler/sampler_llm.c(597): Inlining routine 'fpr_sqr' (CIN-14)
# $PROJECT_HOME/tmp_sampler/sampler_llm.c(501): Inlining routine 'fpr_mul' (CIN-14)
# $PROJECT_HOME/tmp_sampler/sampler_llm.c(200): Inlining routine 'FPR' (CIN-14)
# $PROJECT_HOME/tmp_sampler/sampler_llm.c(501): Inlining routine 'fpr_mul' (CIN-14)
# $PROJECT_HOME/tmp_sampler/sampler_llm.c(200): Inlining routine 'FPR' (CIN-14)
# $PROJECT_HOME/tmp_sampler/sampler_llm.c(496): Inlining routine 'fpr_of' (CIN-14)
# $PROJECT_HOME/tmp_sampler/sampler_llm.c(440): Inlining routine 'fpr_scaled' (CIN-14)
# $PROJECT_HOME/tmp_sampler/sampler_llm.c(200): Inlining routine 'FPR' (CIN-14)
# $PROJECT_HOME/tmp_sampler/sampler_llm.c(501): Inlining routine 'fpr_mul' (CIN-14)
# $PROJECT_HOME/tmp_sampler/sampler_llm.c(200): Inlining routine 'FPR' (CIN-14)
# $PROJECT_HOME/tmp_sampler/sampler_llm.c(434): Inlining routine 'fpr_sub' (CIN-14)
# $PROJECT_HOME/tmp_sampler/sampler_llm.c(327): Inlining routine 'fpr_add' (CIN-14)
# $PROJECT_HOME/tmp_sampler/sampler_llm.c(266): Inlining routine 'fpr_ulsh' (CIN-14)
# $PROJECT_HOME/tmp_sampler/sampler_llm.c(253): Inlining routine 'fpr_ursh' (CIN-14)
# $PROJECT_HOME/tmp_sampler/sampler_llm.c(200): Inlining routine 'FPR' (CIN-14)
# $PROJECT_HOME/tmp_sampler/sampler_llm.c(1207): Inlining routine 'BerExp_no_structs' (CIN-14)
# $PROJECT_HOME/tmp_sampler/sampler_llm.c(501): Inlining routine 'fpr_mul' (CIN-14)
# $PROJECT_HOME/tmp_sampler/sampler_llm.c(200): Inlining routine 'FPR' (CIN-14)
# $PROJECT_HOME/tmp_sampler/sampler_llm.c(618): Inlining routine 'fpr_trunc' (CIN-14)
# $PROJECT_HOME/tmp_sampler/sampler_llm.c(253): Inlining routine 'fpr_ursh' (CIN-14)
# $PROJECT_HOME/tmp_sampler/sampler_llm.c(496): Inlining routine 'fpr_of' (CIN-14)
# $PROJECT_HOME/tmp_sampler/sampler_llm.c(440): Inlining routine 'fpr_scaled' (CIN-14)
# $PROJECT_HOME/tmp_sampler/sampler_llm.c(200): Inlining routine 'FPR' (CIN-14)
# $PROJECT_HOME/tmp_sampler/sampler_llm.c(501): Inlining routine 'fpr_mul' (CIN-14)
# $PROJECT_HOME/tmp_sampler/sampler_llm.c(200): Inlining routine 'FPR' (CIN-14)
# $PROJECT_HOME/tmp_sampler/sampler_llm.c(434): Inlining routine 'fpr_sub' (CIN-14)
# $PROJECT_HOME/tmp_sampler/sampler_llm.c(327): Inlining routine 'fpr_add' (CIN-14)
# $PROJECT_HOME/tmp_sampler/sampler_llm.c(266): Inlining routine 'fpr_ulsh' (CIN-14)
# $PROJECT_HOME/tmp_sampler/sampler_llm.c(253): Inlining routine 'fpr_ursh' (CIN-14)
# $PROJECT_HOME/tmp_sampler/sampler_llm.c(200): Inlining routine 'FPR' (CIN-14)
# $PROJECT_HOME/tmp_sampler/sampler_llm.c(650): Inlining routine 'fpr_expm_p63' (CIN-14)
# $PROJECT_HOME/tmp_sampler/sampler_llm.c(501): Inlining routine 'fpr_mul' (CIN-14)
# $PROJECT_HOME/tmp_sampler/sampler_llm.c(200): Inlining routine 'FPR' (CIN-14)
# $PROJECT_HOME/tmp_sampler/sampler_llm.c(618): Inlining routine 'fpr_trunc' (CIN-14)
# $PROJECT_HOME/tmp_sampler/sampler_llm.c(253): Inlining routine 'fpr_ursh' (CIN-14)
# $PROJECT_HOME/tmp_sampler/sampler_llm.c(501): Inlining routine 'fpr_mul' (CIN-14)
# $PROJECT_HOME/tmp_sampler/sampler_llm.c(200): Inlining routine 'FPR' (CIN-14)
# $PROJECT_HOME/tmp_sampler/sampler_llm.c(618): Inlining routine 'fpr_trunc' (CIN-14)
# $PROJECT_HOME/tmp_sampler/sampler_llm.c(253): Inlining routine 'fpr_ursh' (CIN-14)
# $PROJECT_HOME/tmp_sampler/sampler_llm.c(1147): Inlining routine 'prng_get_u8_no_structs' (CIN-14)
# $PROJECT_HOME/tmp_sampler/sampler_llm.c(1023): Inlining routine 'prng_refill_no_structs' (CIN-14)
# $PROJECT_HOME/tmp_sampler/sampler_llm.c(998): Inlining routine 'read_uint64' (CIN-14)
# $PROJECT_HOME/tmp_sampler/sampler_llm.c(1011): Inlining routine 'write_uint64' (CIN-14)
# $PROJECT_HOME/tmp_sampler/sampler_llm.c(1229): Optimizing block '/sampler_hls' ... (CIN-4)
# Warning: $PROJECT_HOME/tmp_sampler/sampler_llm.c(1160): Reducing the number of bits used to represent array elements of 'gaussian0_sampler_no_structs:dist.rom', from '32' bits to '24' bits. (MEM-87)
# Warning: $PROJECT_HOME/tmp_sampler/sampler_llm.c(1025): Reducing the number of bits used to represent array elements of 'prng_refill_no_structs:CW.rom', from '32' bits to '18' bits. (MEM-87)
# $PROJECT_HOME/tmp_sampler/sampler_llm.c(1037): Loop '/sampler_hls/core/prng_refill_no_structs:for:for' iterated at most 4 times. (LOOP-2)
# $PROJECT_HOME/tmp_sampler/sampler_llm.c(1080): Loop '/sampler_hls/core/prng_refill_no_structs:for:for#3' iterated at most 4 times. (LOOP-2)
# $PROJECT_HOME/tmp_sampler/sampler_llm.c(1084): Loop '/sampler_hls/core/prng_refill_no_structs:for:for#4' iterated at most 10 times. (LOOP-2)
# $PROJECT_HOME/tmp_sampler/sampler_llm.c(1115): Loop '/sampler_hls/core/prng_refill_no_structs:for:for#5' iterated at most 16 times. (LOOP-2)
# $PROJECT_HOME/tmp_sampler/sampler_llm.c(1030): Loop '/sampler_hls/core/prng_refill_no_structs:for' iterated at most 8 times. (LOOP-2)
# $PROJECT_HOME/tmp_sampler/sampler_llm.c(1037): Loop '/sampler_hls/core/prng_refill_no_structs#1:for:for' iterated at most 4 times. (LOOP-2)
# $PROJECT_HOME/tmp_sampler/sampler_llm.c(1080): Loop '/sampler_hls/core/prng_refill_no_structs#1:for:for#3' iterated at most 4 times. (LOOP-2)
# $PROJECT_HOME/tmp_sampler/sampler_llm.c(1084): Loop '/sampler_hls/core/prng_refill_no_structs#1:for:for#4' iterated at most 10 times. (LOOP-2)
# $PROJECT_HOME/tmp_sampler/sampler_llm.c(1115): Loop '/sampler_hls/core/prng_refill_no_structs#1:for:for#5' iterated at most 16 times. (LOOP-2)
# $PROJECT_HOME/tmp_sampler/sampler_llm.c(1030): Loop '/sampler_hls/core/prng_refill_no_structs#1:for' iterated at most 8 times. (LOOP-2)
# $PROJECT_HOME/tmp_sampler/sampler_llm.c(1192): Loop '/sampler_hls/core/gaussian0_sampler_no_structs:for' iterated at most 18 times. (LOOP-2)
# $PROJECT_HOME/tmp_sampler/sampler_llm.c(1037): Loop '/sampler_hls/core/prng_refill_no_structs#2:for:for' iterated at most 4 times. (LOOP-2)
# $PROJECT_HOME/tmp_sampler/sampler_llm.c(1080): Loop '/sampler_hls/core/prng_refill_no_structs#2:for:for#3' iterated at most 4 times. (LOOP-2)
# $PROJECT_HOME/tmp_sampler/sampler_llm.c(1084): Loop '/sampler_hls/core/prng_refill_no_structs#2:for:for#4' iterated at most 10 times. (LOOP-2)
# $PROJECT_HOME/tmp_sampler/sampler_llm.c(1115): Loop '/sampler_hls/core/prng_refill_no_structs#2:for:for#5' iterated at most 16 times. (LOOP-2)
# $PROJECT_HOME/tmp_sampler/sampler_llm.c(1030): Loop '/sampler_hls/core/prng_refill_no_structs#2:for' iterated at most 8 times. (LOOP-2)
# $PROJECT_HOME/tmp_sampler/sampler_llm.c(687): Loop '/sampler_hls/core/fpr_expm_p63:for' iterated at most 12 times. (LOOP-2)
# $PROJECT_HOME/tmp_sampler/sampler_llm.c(1037): Loop '/sampler_hls/core/prng_refill_no_structs#3:for:for' iterated at most 4 times. (LOOP-2)
# $PROJECT_HOME/tmp_sampler/sampler_llm.c(1080): Loop '/sampler_hls/core/prng_refill_no_structs#3:for:for#3' iterated at most 4 times. (LOOP-2)
# $PROJECT_HOME/tmp_sampler/sampler_llm.c(1084): Loop '/sampler_hls/core/prng_refill_no_structs#3:for:for#4' iterated at most 10 times. (LOOP-2)
# $PROJECT_HOME/tmp_sampler/sampler_llm.c(1115): Loop '/sampler_hls/core/prng_refill_no_structs#3:for:for#5' iterated at most 16 times. (LOOP-2)
# $PROJECT_HOME/tmp_sampler/sampler_llm.c(1030): Loop '/sampler_hls/core/prng_refill_no_structs#3:for' iterated at most 8 times. (LOOP-2)
# Info: Running transformation 'compile' on solution 'sampler_hls.v1': elapsed time 29.84 seconds, memory usage 1302880kB, peak memory usage 1302880kB (SOL-15)
# $PROJECT_HOME/tmp_sampler/sampler_llm.c(1039): Loop '/sampler_hls/core/prng_refill_no_structs:for:for#1' iterated at most 12 times. (LOOP-2)
# $PROJECT_HOME/tmp_sampler/sampler_llm.c(1052): Loop '/sampler_hls/core/prng_refill_no_structs:for:for#2' iterated at most 10 times. (LOOP-2)
# $PROJECT_HOME/tmp_sampler/sampler_llm.c(1039): Loop '/sampler_hls/core/prng_refill_no_structs#1:for:for#1' iterated at most 12 times. (LOOP-2)
# $PROJECT_HOME/tmp_sampler/sampler_llm.c(1052): Loop '/sampler_hls/core/prng_refill_no_structs#1:for:for#2' iterated at most 10 times. (LOOP-2)
# Info: Running transformation 'compile' on solution 'sampler_hls.v1': elapsed time 52.58 seconds, memory usage 1302880kB, peak memory usage 1335652kB (SOL-15)
# $PROJECT_HOME/tmp_sampler/sampler_llm.c(1039): Loop '/sampler_hls/core/prng_refill_no_structs#2:for:for#1' iterated at most 12 times. (LOOP-2)
# $PROJECT_HOME/tmp_sampler/sampler_llm.c(1052): Loop '/sampler_hls/core/prng_refill_no_structs#2:for:for#2' iterated at most 10 times. (LOOP-2)
# $PROJECT_HOME/tmp_sampler/sampler_llm.c(1039): Loop '/sampler_hls/core/prng_refill_no_structs#3:for:for#1' iterated at most 12 times. (LOOP-2)
# $PROJECT_HOME/tmp_sampler/sampler_llm.c(1052): Loop '/sampler_hls/core/prng_refill_no_structs#3:for:for#2' iterated at most 10 times. (LOOP-2)
# Info: Running transformation 'compile' on solution 'sampler_hls.v1': elapsed time 75.39 seconds, memory usage 1433960kB, peak memory usage 1433960kB (SOL-15)
# Design 'sampler_hls' was read (SOL-1)
# Makefile for Original Design + Testbench written to file './scverify/Verify_orig_cxx_osci.mk'
# Info: CDesignChecker Shell script written to '/home/ghp7482/projects/c2hlsc/Catapult_129/sampler_hls.v1/CDesignChecker/design_checker.sh'
# Info: Completed transformation 'compile' on solution 'sampler_hls.v1': elapsed time 83.29 seconds, memory usage 1237344kB, peak memory usage 1433960kB (SOL-9)
# Info: Design complexity at end of 'compile': Total ops = 10863, Real ops = 4927, Vars = 1599 (SOL-21)
# > solution library add nangate-45nm_beh -- -rtlsyntool DesignCompiler -vendor Nangate -technology 045nm
# > solution library add ram_nangate-45nm_pipe_beh
# > solution library add ram_nangate-45nm-dualport_beh
# > solution library add ram_nangate-45nm-separate_beh
# > solution library add ram_nangate-45nm-singleport_beh
# > solution library add ram_nangate-45nm-register-file_beh
# > solution library add rom_nangate-45nm_beh
# > solution library add rom_nangate-45nm-sync_regin_beh
# > solution library add rom_nangate-45nm-sync_regout_beh
# > go libraries
# Info: Starting transformation 'libraries' on solution 'sampler_hls.v1' (SOL-8)
# Info: Please set ComponentLibs/TechLibSearchPath to enable flows that use downstream synthesis tools (LIB-220)
# Reading component library '$MGC_HOME/pkgs/siflibs/mgc_busdefs.lib' [mgc_busdefs]... (LIB-49)
# Reading component library '$MGC_HOME/pkgs/siflibs/stdops.lib' [STDOPS]... (LIB-49)
# Reading component library '$MGC_HOME/pkgs/siflibs/fpops.lib' [FPOPS]... (LIB-49)
# Reading component library '$MGC_HOME/pkgs/siflibs/ccs_ioport.lib' [ccs_ioport]... (LIB-49)
# Reading component library '$MGC_HOME/pkgs/siflibs/mgc_ioport.lib' [mgc_ioport]... (LIB-49)
# Reading component library '$MGC_HOME/pkgs/cds_assert/assert_ops.lib' [ASSERT_OPS]... (LIB-49)
# Reading component library '$MGC_HOME/pkgs/cds_assert/assert_mods.lib' [assert_mods]... (LIB-49)
# Reading component library '$MGC_HOME/pkgs/siflibs/ccs_connections.lib' [ccs_connections]... (LIB-49)
# Reading component library '$MGC_HOME/pkgs/siflibs/nangate/nangate-45nm_beh.lib' [nangate-45nm_beh]... (LIB-49)
# Warning: Component library 'nangate-45nm_beh' created with a newer version of Catapult Library Builder, 2023.2/1049340 > 2023.1_2/1049935 (LIB-83)
# Reading component library '$MGC_HOME/pkgs/siflibs/nangate/ram_nangate-45nm_pipe_beh.lib' [ram_nangate-45nm_pipe_beh]... (LIB-49)
# Reading component library '$MGC_HOME/pkgs/siflibs/nangate/ram_nangate-45nm-dualport_beh.lib' [ram_nangate-45nm-dualport_beh]... (LIB-49)
# Reading component library '$MGC_HOME/pkgs/siflibs/nangate/ram_nangate-45nm-separate_beh.lib' [ram_nangate-45nm-separate_beh]... (LIB-49)
# Reading component library '$MGC_HOME/pkgs/siflibs/nangate/ram_nangate-45nm-singleport_beh.lib' [ram_nangate-45nm-singleport_beh]... (LIB-49)
# Reading component library '$MGC_HOME/pkgs/siflibs/nangate/ram_nangate-45nm-register-file_beh.lib' [ram_nangate-45nm-register-file_beh]... (LIB-49)
# Reading component library '$MGC_HOME/pkgs/siflibs/nangate/rom_nangate-45nm_beh.lib' [rom_nangate-45nm_beh]... (LIB-49)
# Reading component library '$MGC_HOME/pkgs/siflibs/nangate/rom_nangate-45nm-sync_regin_beh.lib' [rom_nangate-45nm-sync_regin_beh]... (LIB-49)
# Reading component library '$MGC_HOME/pkgs/siflibs/nangate/rom_nangate-45nm-sync_regout_beh.lib' [rom_nangate-45nm-sync_regout_beh]... (LIB-49)
# Info: Completed transformation 'libraries' on solution 'sampler_hls.v1': elapsed time 1.08 seconds, memory usage 1237344kB, peak memory usage 1433960kB (SOL-9)
# Info: Design complexity at end of 'libraries': Total ops = 10863, Real ops = 4927, Vars = 1599 (SOL-21)
# > directive set -CLOCKS {clk {-CLOCK_PERIOD 20.0 -CLOCK_EDGE rising -CLOCK_UNCERTAINTY 0.0 -CLOCK_HIGH_TIME 10.0 -RESET_SYNC_NAME rst_n -RESET_ASYNC_NAME arst_n -RESET_KIND sync -RESET_SYNC_ACTIVE low -RESET_ASYNC_ACTIVE low -ENABLE_ACTIVE high}}
# /CLOCKS {clk {-CLOCK_PERIOD 20.0 -CLOCK_EDGE rising -CLOCK_UNCERTAINTY 0.0 -CLOCK_HIGH_TIME 10.0 -RESET_SYNC_NAME rst_n -RESET_ASYNC_NAME arst_n -RESET_KIND sync -RESET_SYNC_ACTIVE low -RESET_ASYNC_ACTIVE low -ENABLE_ACTIVE high}}
# > go assembly
# Info: Starting transformation 'assembly' on solution 'sampler_hls.v1' (SOL-8)
# Info: Running transformation 'assembly' on solution 'sampler_hls.v1': elapsed time 29.85 seconds, memory usage 1335652kB, peak memory usage 1433960kB (SOL-15)
# Info: Completed transformation 'assembly' on solution 'sampler_hls.v1': elapsed time 45.30 seconds, memory usage 1237344kB, peak memory usage 1433960kB (SOL-9)
# Info: Design complexity at end of 'assembly': Total ops = 11516, Real ops = 5481, Vars = 1600 (SOL-21)
# > go extract
# Info: Starting transformation 'loops' on solution 'sampler_hls.v1' (SOL-8)
# $PROJECT_HOME/tmp_sampler/sampler_llm.c(1037): Loop '/sampler_hls/core/prng_refill_no_structs:for:for' is left rolled. (LOOP-4)
# $PROJECT_HOME/tmp_sampler/sampler_llm.c(1039): Loop '/sampler_hls/core/prng_refill_no_structs:for:for#1' is left rolled. (LOOP-4)
# $PROJECT_HOME/tmp_sampler/sampler_llm.c(1052): Loop '/sampler_hls/core/prng_refill_no_structs:for:for#2' is left rolled. (LOOP-4)
# $PROJECT_HOME/tmp_sampler/sampler_llm.c(1080): Loop '/sampler_hls/core/prng_refill_no_structs:for:for#3' is left rolled. (LOOP-4)
# $PROJECT_HOME/tmp_sampler/sampler_llm.c(1084): Loop '/sampler_hls/core/prng_refill_no_structs:for:for#4' is left rolled. (LOOP-4)
# $PROJECT_HOME/tmp_sampler/sampler_llm.c(1115): Loop '/sampler_hls/core/prng_refill_no_structs:for:for#5' is left rolled. (LOOP-4)
# $PROJECT_HOME/tmp_sampler/sampler_llm.c(1030): Loop '/sampler_hls/core/prng_refill_no_structs:for' is left rolled. (LOOP-4)
# $PROJECT_HOME/tmp_sampler/sampler_llm.c(1037): Loop '/sampler_hls/core/prng_refill_no_structs#1:for:for' is left rolled. (LOOP-4)
# $PROJECT_HOME/tmp_sampler/sampler_llm.c(1039): Loop '/sampler_hls/core/prng_refill_no_structs#1:for:for#1' is left rolled. (LOOP-4)
# $PROJECT_HOME/tmp_sampler/sampler_llm.c(1052): Loop '/sampler_hls/core/prng_refill_no_structs#1:for:for#2' is left rolled. (LOOP-4)
# $PROJECT_HOME/tmp_sampler/sampler_llm.c(1080): Loop '/sampler_hls/core/prng_refill_no_structs#1:for:for#3' is left rolled. (LOOP-4)
# $PROJECT_HOME/tmp_sampler/sampler_llm.c(1084): Loop '/sampler_hls/core/prng_refill_no_structs#1:for:for#4' is left rolled. (LOOP-4)
# $PROJECT_HOME/tmp_sampler/sampler_llm.c(1115): Loop '/sampler_hls/core/prng_refill_no_structs#1:for:for#5' is left rolled. (LOOP-4)
# $PROJECT_HOME/tmp_sampler/sampler_llm.c(1030): Loop '/sampler_hls/core/prng_refill_no_structs#1:for' is left rolled. (LOOP-4)
# $PROJECT_HOME/tmp_sampler/sampler_llm.c(1192): Loop '/sampler_hls/core/gaussian0_sampler_no_structs:for' is left rolled. (LOOP-4)
# $PROJECT_HOME/tmp_sampler/sampler_llm.c(1037): Loop '/sampler_hls/core/prng_refill_no_structs#2:for:for' is left rolled. (LOOP-4)
# $PROJECT_HOME/tmp_sampler/sampler_llm.c(1039): Loop '/sampler_hls/core/prng_refill_no_structs#2:for:for#1' is left rolled. (LOOP-4)
# $PROJECT_HOME/tmp_sampler/sampler_llm.c(1052): Loop '/sampler_hls/core/prng_refill_no_structs#2:for:for#2' is left rolled. (LOOP-4)
# $PROJECT_HOME/tmp_sampler/sampler_llm.c(1080): Loop '/sampler_hls/core/prng_refill_no_structs#2:for:for#3' is left rolled. (LOOP-4)
# $PROJECT_HOME/tmp_sampler/sampler_llm.c(1084): Loop '/sampler_hls/core/prng_refill_no_structs#2:for:for#4' is left rolled. (LOOP-4)
# $PROJECT_HOME/tmp_sampler/sampler_llm.c(1115): Loop '/sampler_hls/core/prng_refill_no_structs#2:for:for#5' is left rolled. (LOOP-4)
# $PROJECT_HOME/tmp_sampler/sampler_llm.c(1030): Loop '/sampler_hls/core/prng_refill_no_structs#2:for' is left rolled. (LOOP-4)
# $PROJECT_HOME/tmp_sampler/sampler_llm.c(687): Loop '/sampler_hls/core/fpr_expm_p63:for' is left rolled. (LOOP-4)
# $PROJECT_HOME/tmp_sampler/sampler_llm.c(1037): Loop '/sampler_hls/core/prng_refill_no_structs#3:for:for' is left rolled. (LOOP-4)
# $PROJECT_HOME/tmp_sampler/sampler_llm.c(1039): Loop '/sampler_hls/core/prng_refill_no_structs#3:for:for#1' is left rolled. (LOOP-4)
# $PROJECT_HOME/tmp_sampler/sampler_llm.c(1052): Loop '/sampler_hls/core/prng_refill_no_structs#3:for:for#2' is left rolled. (LOOP-4)
# $PROJECT_HOME/tmp_sampler/sampler_llm.c(1080): Loop '/sampler_hls/core/prng_refill_no_structs#3:for:for#3' is left rolled. (LOOP-4)
# $PROJECT_HOME/tmp_sampler/sampler_llm.c(1084): Loop '/sampler_hls/core/prng_refill_no_structs#3:for:for#4' is left rolled. (LOOP-4)
# $PROJECT_HOME/tmp_sampler/sampler_llm.c(1115): Loop '/sampler_hls/core/prng_refill_no_structs#3:for:for#5' is left rolled. (LOOP-4)
# $PROJECT_HOME/tmp_sampler/sampler_llm.c(1030): Loop '/sampler_hls/core/prng_refill_no_structs#3:for' is left rolled. (LOOP-4)
# $PROJECT_HOME/tmp_sampler/sampler_llm.c(1221): Loop '/sampler_hls/core/BerExp_no_structs:do' is left rolled. (LOOP-4)
# $PROJECT_HOME/tmp_sampler/sampler_llm.c(1243): Loop '/sampler_hls/core/for' is left rolled. (LOOP-4)
# $PROJECT_HOME/tmp_sampler/sampler_llm.c(1229): Loop '/sampler_hls/core/main' is left rolled. (LOOP-4)
# Loop '/sampler_hls/core/prng_refill_no_structs:for:for#4' is merged and folded into Loop 'prng_refill_no_structs:for:for#3' (LOOP-9)
# Loop '/sampler_hls/core/prng_refill_no_structs#1:for:for#4' is merged and folded into Loop 'prng_refill_no_structs#1:for:for#3' (LOOP-9)
# Loop '/sampler_hls/core/prng_refill_no_structs#2:for:for#4' is merged and folded into Loop 'prng_refill_no_structs#2:for:for#3' (LOOP-9)
# Loop '/sampler_hls/core/prng_refill_no_structs#3:for:for#4' is merged and folded into Loop 'prng_refill_no_structs#3:for:for#3' (LOOP-9)
# Info: Running transformation 'loops' on solution 'sampler_hls.v1': elapsed time 29.85 seconds, memory usage 1237344kB, peak memory usage 1433960kB (SOL-15)
# Loop '/sampler_hls/core/prng_refill_no_structs:for:for#5' is merged and folded into Loop 'prng_refill_no_structs:for:for#3' (LOOP-9)
# Loop '/sampler_hls/core/prng_refill_no_structs#1:for:for#5' is merged and folded into Loop 'prng_refill_no_structs#1:for:for#3' (LOOP-9)
# Loop '/sampler_hls/core/prng_refill_no_structs#2:for:for#5' is merged and folded into Loop 'prng_refill_no_structs#2:for:for#3' (LOOP-9)
# Loop '/sampler_hls/core/prng_refill_no_structs#3:for:for#5' is merged and folded into Loop 'prng_refill_no_structs#3:for:for#3' (LOOP-9)
# Info: Running transformation 'loops' on solution 'sampler_hls.v1': elapsed time 53.61 seconds, memory usage 1237344kB, peak memory usage 1433960kB (SOL-15)
# Info: Running transformation 'loops' on solution 'sampler_hls.v1': elapsed time 77.43 seconds, memory usage 1335652kB, peak memory usage 1433960kB (SOL-15)
# Info: Completed transformation 'loops' on solution 'sampler_hls.v1': elapsed time 81.71 seconds, memory usage 1237344kB, peak memory usage 1433960kB (SOL-9)
# Info: Design complexity at end of 'loops': Total ops = 11546, Real ops = 5489, Vars = 1615 (SOL-21)
# Info: Starting transformation 'memories' on solution 'sampler_hls.v1' (SOL-8)
# $PROJECT_HOME/tmp_sampler/sampler_llm.c(1229): I/O-Port Resource '/sampler_hls/mu:rsc' (from var: mu) mapped to 'ccs_ioport.ccs_in' (size: 64). (MEM-2)
# $PROJECT_HOME/tmp_sampler/sampler_llm.c(1229): I/O-Port Resource '/sampler_hls/isigma:rsc' (from var: isigma) mapped to 'ccs_ioport.ccs_in' (size: 64). (MEM-2)
# $PROJECT_HOME/tmp_sampler/sampler_llm.c(1229): Memory Resource '/sampler_hls/p_buf:rsc' (from var: p_buf) mapped to 'ram_nangate-45nm-dualport_beh.RAM_dualRW' (size: 512 x 8). (MEM-4)
# $PROJECT_HOME/tmp_sampler/sampler_llm.c(1229): I/O-Port Resource '/sampler_hls/p_ptr:rsc' (from var: p_ptr) mapped to 'mgc_ioport.mgc_inout_prereg_en' (size: 64). (MEM-2)
# $PROJECT_HOME/tmp_sampler/sampler_llm.c(1229): Memory Resource '/sampler_hls/p_state:rsc' (from var: p_state) mapped to 'ram_nangate-45nm-dualport_beh.RAM_dualRW' (size: 256 x 8). (MEM-4)
# $PROJECT_HOME/tmp_sampler/sampler_llm.c(1229): I/O-Port Resource '/sampler_hls/sigma_min:rsc' (from var: sigma_min) mapped to 'ccs_ioport.ccs_in' (size: 64). (MEM-2)
# $PROJECT_HOME/tmp_sampler/sampler_llm.c(1229): I/O-Port Resource '/sampler_hls/return:rsc' (from var: return) mapped to 'ccs_ioport.ccs_out' (size: 32). (MEM-2)
# Info: Running transformation 'memories' on solution 'sampler_hls.v1': elapsed time 23.64 seconds, memory usage 1237344kB, peak memory usage 1433960kB (SOL-15)
# Info: Running transformation 'memories' on solution 'sampler_hls.v1': elapsed time 46.99 seconds, memory usage 1237344kB, peak memory usage 1433960kB (SOL-15)
# Info: Running transformation 'memories' on solution 'sampler_hls.v1': elapsed time 71.77 seconds, memory usage 1237344kB, peak memory usage 1433960kB (SOL-15)
# Info: Running transformation 'memories' on solution 'sampler_hls.v1': elapsed time 101.60 seconds, memory usage 1302880kB, peak memory usage 1433960kB (SOL-15)
# Info: Running transformation 'memories' on solution 'sampler_hls.v1': elapsed time 125.00 seconds, memory usage 1237344kB, peak memory usage 1433960kB (SOL-15)
# Info: Completed transformation 'memories' on solution 'sampler_hls.v1': elapsed time 143.76 seconds, memory usage 1237344kB, peak memory usage 1433960kB (SOL-9)
# Info: Design complexity at end of 'memories': Total ops = 14273, Real ops = 6885, Vars = 2521 (SOL-21)
# Info: Starting transformation 'cluster' on solution 'sampler_hls.v1' (SOL-8)
# Reading solution library '/home/ghp7482/.catapult/Cache/2023_1_2_1049935/Cluster/ROM_1i6_1o24_c751459486ae8f07055671fbc2c0f884bd_0/.sif/solIndex_3_596e4da0-d633-40a8-8c23-a3201d63dbfa.xml' ... (LIB-129)
# Module 'ROM_1i6_1o24_c751459486ae8f07055671fbc2c0f884bd_0' in the cache is valid & accepted for CLU 'ROM_1i6_1o24_c751459486ae8f07055671fbc2c0f884bd' (CLUSTER-8)
# Reading solution library '/home/ghp7482/projects/c2hlsc/Catapult_129/td_ccore_solutions/ROM_1i6_1o24_c751459486ae8f07055671fbc2c0f884bd_0/.sif/solIndex_3_596e4da0-d633-40a8-8c23-a3201d63dbfa.xml' ... (LIB-129)
# Module for the CLU 'ROM_1i6_1o24_c751459486ae8f07055671fbc2c0f884bd' has been successfully synthesized (CLUSTER-9)
# Reading solution library '/home/ghp7482/.catapult/Cache/2023_1_2_1049935/Cluster/ROM_1i6_1o24_a2c78c162476feb750e4560874de036bbd_0/.sif/solIndex_3_99054b8b-3541-41b5-9b4a-a843649c2e73.xml' ... (LIB-129)
# Module 'ROM_1i6_1o24_a2c78c162476feb750e4560874de036bbd_0' in the cache is valid & accepted for CLU 'ROM_1i6_1o24_a2c78c162476feb750e4560874de036bbd' (CLUSTER-8)
# Reading solution library '/home/ghp7482/projects/c2hlsc/Catapult_129/td_ccore_solutions/ROM_1i6_1o24_a2c78c162476feb750e4560874de036bbd_0/.sif/solIndex_3_99054b8b-3541-41b5-9b4a-a843649c2e73.xml' ... (LIB-129)
# Module for the CLU 'ROM_1i6_1o24_a2c78c162476feb750e4560874de036bbd' has been successfully synthesized (CLUSTER-9)
# Reading solution library '/home/ghp7482/.catapult/Cache/2023_1_2_1049935/Cluster/ROM_1i6_1o24_cba67c7318478d93bedd602ba761c61bbd_0/.sif/solIndex_3_fbc20fcf-3346-4a01-b38e-3ba429ef6262.xml' ... (LIB-129)
# Module 'ROM_1i6_1o24_cba67c7318478d93bedd602ba761c61bbd_0' in the cache is valid & accepted for CLU 'ROM_1i6_1o24_cba67c7318478d93bedd602ba761c61bbd' (CLUSTER-8)
# Reading solution library '/home/ghp7482/projects/c2hlsc/Catapult_129/td_ccore_solutions/ROM_1i6_1o24_cba67c7318478d93bedd602ba761c61bbd_0/.sif/solIndex_3_fbc20fcf-3346-4a01-b38e-3ba429ef6262.xml' ... (LIB-129)
# Module for the CLU 'ROM_1i6_1o24_cba67c7318478d93bedd602ba761c61bbd' has been successfully synthesized (CLUSTER-9)
# Reading solution library '/home/ghp7482/.catapult/Cache/2023_1_2_1049935/Cluster/ROM_1i4_1o64_52ee7b8e1bce831211ad8b8153a83d4cbc_0/.sif/solIndex_3_28777c61-b9a0-4602-967a-801c55c9772b.xml' ... (LIB-129)
# Module 'ROM_1i4_1o64_52ee7b8e1bce831211ad8b8153a83d4cbc_0' in the cache is valid & accepted for CLU 'ROM_1i4_1o64_52ee7b8e1bce831211ad8b8153a83d4cbc' (CLUSTER-8)
# Reading solution library '/home/ghp7482/projects/c2hlsc/Catapult_129/td_ccore_solutions/ROM_1i4_1o64_52ee7b8e1bce831211ad8b8153a83d4cbc_0/.sif/solIndex_3_28777c61-b9a0-4602-967a-801c55c9772b.xml' ... (LIB-129)
# Module for the CLU 'ROM_1i4_1o64_52ee7b8e1bce831211ad8b8153a83d4cbc' has been successfully synthesized (CLUSTER-9)
# Info: Running transformation 'cluster' on solution 'sampler_hls.v1': elapsed time 23.71 seconds, memory usage 1335652kB, peak memory usage 1433960kB (SOL-15)
# Info: Completed transformation 'cluster' on solution 'sampler_hls.v1': elapsed time 49.85 seconds, memory usage 1237344kB, peak memory usage 1433960kB (SOL-9)
# Info: Design complexity at end of 'cluster': Total ops = 14277, Real ops = 6885, Vars = 2525 (SOL-21)
# Info: Starting transformation 'architect' on solution 'sampler_hls.v1' (SOL-8)
# Info: Running transformation 'architect' on solution 'sampler_hls.v1': elapsed time 23.91 seconds, memory usage 1237344kB, peak memory usage 1433960kB (SOL-15)
# Info: Running transformation 'architect' on solution 'sampler_hls.v1': elapsed time 47.50 seconds, memory usage 1237344kB, peak memory usage 1433960kB (SOL-15)
# Info: Running transformation 'architect' on solution 'sampler_hls.v1': elapsed time 71.12 seconds, memory usage 1237344kB, peak memory usage 1433960kB (SOL-15)
# Info: Running transformation 'architect' on solution 'sampler_hls.v1': elapsed time 94.74 seconds, memory usage 1237344kB, peak memory usage 1433960kB (SOL-15)
# Info: Running transformation 'architect' on solution 'sampler_hls.v1': elapsed time 124.14 seconds, memory usage 1237344kB, peak memory usage 1433960kB (SOL-15)
# Design 'sampler_hls' contains '7579' real operations. (SOL-11)
# Warning: Extrapolation detected. Script '/home/ghp7482/projects/c2hlsc/Catapult_129/sampler_hls.v1/adjust_char_library.tcl' generated. (LIB-142)
# Info: Completed transformation 'architect' on solution 'sampler_hls.v1': elapsed time 150.78 seconds, memory usage 1237344kB, peak memory usage 1433960kB (SOL-9)
# Info: Design complexity at end of 'architect': Total ops = 17714, Real ops = 7579, Vars = 3216 (SOL-21)
# Info: Starting transformation 'allocate' on solution 'sampler_hls.v1' (SOL-8)
# Performing concurrent resource allocation and scheduling on '/sampler_hls/core' (CRAAS-1)
# Info: Select qualified components for data operations ... (CRAAS-3)
# Info: Apply resource constraints on data operations ... (CRAAS-4)
# $PROJECT_HOME/tmp_sampler/sampler_llm.c(1080): Prescheduled LOOP '/sampler_hls/core/prng_refill_no_structs#3:for:for#3' (3 c-steps) (SCHD-7)
# $PROJECT_HOME/tmp_sampler/sampler_llm.c(1052): Prescheduled LOOP '/sampler_hls/core/prng_refill_no_structs#3:for:for#2' (1 c-steps) (SCHD-7)
# $PROJECT_HOME/tmp_sampler/sampler_llm.c(1039): Prescheduled LOOP '/sampler_hls/core/prng_refill_no_structs#3:for:for#1' (2 c-steps) (SCHD-7)
# $PROJECT_HOME/tmp_sampler/sampler_llm.c(1037): Prescheduled LOOP '/sampler_hls/core/prng_refill_no_structs#3:for:for' (1 c-steps) (SCHD-7)
# $PROJECT_HOME/tmp_sampler/sampler_llm.c(1030): Prescheduled LOOP '/sampler_hls/core/prng_refill_no_structs#3:for' (3 c-steps) (SCHD-7)
# $PROJECT_HOME/tmp_sampler/sampler_llm.c(1080): Prescheduled LOOP '/sampler_hls/core/prng_refill_no_structs#2:for:for#3' (3 c-steps) (SCHD-7)
# $PROJECT_HOME/tmp_sampler/sampler_llm.c(1052): Prescheduled LOOP '/sampler_hls/core/prng_refill_no_structs#2:for:for#2' (1 c-steps) (SCHD-7)
# $PROJECT_HOME/tmp_sampler/sampler_llm.c(1039): Prescheduled LOOP '/sampler_hls/core/prng_refill_no_structs#2:for:for#1' (2 c-steps) (SCHD-7)
# $PROJECT_HOME/tmp_sampler/sampler_llm.c(1037): Prescheduled LOOP '/sampler_hls/core/prng_refill_no_structs#2:for:for' (1 c-steps) (SCHD-7)
# $PROJECT_HOME/tmp_sampler/sampler_llm.c(1080): Prescheduled LOOP '/sampler_hls/core/prng_refill_no_structs#1:for:for#3' (3 c-steps) (SCHD-7)
# $PROJECT_HOME/tmp_sampler/sampler_llm.c(1052): Prescheduled LOOP '/sampler_hls/core/prng_refill_no_structs#1:for:for#2' (1 c-steps) (SCHD-7)
# $PROJECT_HOME/tmp_sampler/sampler_llm.c(1039): Prescheduled LOOP '/sampler_hls/core/prng_refill_no_structs#1:for:for#1' (2 c-steps) (SCHD-7)
# $PROJECT_HOME/tmp_sampler/sampler_llm.c(1037): Prescheduled LOOP '/sampler_hls/core/prng_refill_no_structs#1:for:for' (1 c-steps) (SCHD-7)
# $PROJECT_HOME/tmp_sampler/sampler_llm.c(1080): Prescheduled LOOP '/sampler_hls/core/prng_refill_no_structs:for:for#3' (3 c-steps) (SCHD-7)
# $PROJECT_HOME/tmp_sampler/sampler_llm.c(1052): Prescheduled LOOP '/sampler_hls/core/prng_refill_no_structs:for:for#2' (1 c-steps) (SCHD-7)
# $PROJECT_HOME/tmp_sampler/sampler_llm.c(1039): Prescheduled LOOP '/sampler_hls/core/prng_refill_no_structs:for:for#1' (2 c-steps) (SCHD-7)
# $PROJECT_HOME/tmp_sampler/sampler_llm.c(1037): Prescheduled LOOP '/sampler_hls/core/prng_refill_no_structs:for:for' (1 c-steps) (SCHD-7)
# $PROJECT_HOME/tmp_sampler/sampler_llm.c(1221): Prescheduled LOOP '/sampler_hls/core/BerExp_no_structs:do' (4 c-steps) (SCHD-7)
# $PROJECT_HOME/tmp_sampler/sampler_llm.c(687): Prescheduled LOOP '/sampler_hls/core/fpr_expm_p63:for' (1 c-steps) (SCHD-7)
# $PROJECT_HOME/tmp_sampler/sampler_llm.c(1030): Prescheduled LOOP '/sampler_hls/core/prng_refill_no_structs#2:for' (3 c-steps) (SCHD-7)
# $PROJECT_HOME/tmp_sampler/sampler_llm.c(1192): Prescheduled LOOP '/sampler_hls/core/gaussian0_sampler_no_structs:for' (1 c-steps) (SCHD-7)
# $PROJECT_HOME/tmp_sampler/sampler_llm.c(1030): Prescheduled LOOP '/sampler_hls/core/prng_refill_no_structs#1:for' (3 c-steps) (SCHD-7)
# $PROJECT_HOME/tmp_sampler/sampler_llm.c(1030): Prescheduled LOOP '/sampler_hls/core/prng_refill_no_structs:for' (3 c-steps) (SCHD-7)
# $PROJECT_HOME/tmp_sampler/sampler_llm.c(1243): Prescheduled LOOP '/sampler_hls/core/for' (13 c-steps) (SCHD-7)
# $PROJECT_HOME/tmp_sampler/sampler_llm.c(1229): Prescheduled LOOP '/sampler_hls/core/main' (3 c-steps) (SCHD-7)
# $PROJECT_HOME/tmp_sampler/sampler_llm.c(1229): Prescheduled LOOP '/sampler_hls/core/core:rlp' (0 c-steps) (SCHD-7)
# $PROJECT_HOME/tmp_sampler/sampler_llm.c(1229): Prescheduled SEQUENTIAL '/sampler_hls/core' (total length 7910 c-steps) (SCHD-8)
# Info: $PROJECT_HOME/tmp_sampler/sampler_llm.c(1229): Initial schedule of SEQUENTIAL '/sampler_hls/core': Latency = 12110, Area (Datapath, Register, Total) = 250785.63, 39676.56, 290462.19 (CRAAS-11)
# At least one feasible schedule exists. (CRAAS-9)
# Info: Running transformation 'allocate' on solution 'sampler_hls.v1': elapsed time 23.58 seconds, memory usage 1302880kB, peak memory usage 1433960kB (SOL-15)
# Info: Optimized LOOP '/sampler_hls/core/prng_refill_no_structs#3:for:for#1': Latency = 12110, Area (Datapath, Register, Total) = 261820.23, 39676.56, 301496.79 (CRAAS-18)
# Info: Running transformation 'allocate' on solution 'sampler_hls.v1': elapsed time 46.35 seconds, memory usage 1368416kB, peak memory usage 1433960kB (SOL-15)
# Info: Optimized LOOP '/sampler_hls/core/for': Latency = 12110, Area (Datapath, Register, Total) = 295426.94, 39574.42, 335001.35 (CRAAS-18)
# Info: Running transformation 'allocate' on solution 'sampler_hls.v1': elapsed time 69.75 seconds, memory usage 1368416kB, peak memory usage 1433960kB (SOL-15)
# Info: Optimized LOOP '/sampler_hls/core/for': Latency = 12110, Area (Datapath, Register, Total) = 277675.81, 40378.80, 318054.61 (CRAAS-18)
# Info: Running transformation 'allocate' on solution 'sampler_hls.v1': elapsed time 96.71 seconds, memory usage 1368416kB, peak memory usage 1433960kB (SOL-15)
# Info: Optimized LOOP '/sampler_hls/core/for': Latency = 12110, Area (Datapath, Register, Total) = 266454.16, 40480.94, 306935.10 (CRAAS-18)
# Info: Running transformation 'allocate' on solution 'sampler_hls.v1': elapsed time 126.56 seconds, memory usage 1368416kB, peak memory usage 1433960kB (SOL-15)
# Info: Optimized LOOP '/sampler_hls/core/for': Latency = 12110, Area (Datapath, Register, Total) = 261780.87, 40538.40, 302319.27 (CRAAS-18)
# Info: Running transformation 'allocate' on solution 'sampler_hls.v1': elapsed time 149.97 seconds, memory usage 1368416kB, peak memory usage 1433960kB (SOL-15)
# Info: Optimized LOOP 'prng_refill_no_structs#1:for:for#3': Latency = 19214, Area (Datapath, Register, Total) = 216192.94, 40538.40, 256731.34 (CRAAS-18)
# Info: Running transformation 'allocate' on solution 'sampler_hls.v1': elapsed time 173.36 seconds, memory usage 1368416kB, peak memory usage 1433960kB (SOL-15)
# Info: Optimized LOOP '/sampler_hls/core/main': Latency = 20335, Area (Datapath, Register, Total) = 100513.71, 45639.22, 146152.93 (CRAAS-18)
# Info: $PROJECT_HOME/tmp_sampler/sampler_llm.c(1229): Final schedule of SEQUENTIAL '/sampler_hls/core': Latency = 20322, Area (Datapath, Register, Total) = 97229.22, 46003.10, 143232.33 (CRAAS-12)
# Resource allocation and scheduling done. (CRAAS-2)
# Netlist written to file 'schedule.gnt' (NET-4)
# Info: Running transformation 'allocate' on solution 'sampler_hls.v1': elapsed time 195.56 seconds, memory usage 1368416kB, peak memory usage 1433960kB (SOL-15)
# Info: Optimized LOOP '/sampler_hls/core/main': Latency = 20335, Area (Datapath, Register, Total) = 100513.71, 45639.22, 146152.93 (CRAAS-18)
# Info: Completed transformation 'allocate' on solution 'sampler_hls.v1': elapsed time 198.52 seconds, memory usage 1368416kB, peak memory usage 1433960kB (SOL-9)
# Info: Design complexity at end of 'allocate': Total ops = 17714, Real ops = 7579, Vars = 3216 (SOL-21)
# Info: Starting transformation 'schedule' on solution 'sampler_hls.v1' (SOL-8)
# Performing concurrent resource allocation and scheduling on '/sampler_hls/core' (CRAAS-1)
# Global signal 'mu:rsc.dat' added to design 'sampler_hls' for component 'mu:rsci' (LIB-3)
# Global signal 'isigma:rsc.dat' added to design 'sampler_hls' for component 'isigma:rsci' (LIB-3)
# Global signal 'p_buf:rsc.data_out' added to design 'sampler_hls' for component 'p_buf:rsci' (LIB-3)
# Global signal 'p_buf:rsc.we' added to design 'sampler_hls' for component 'p_buf:rsci' (LIB-3)
# Global signal 'p_buf:rsc.re' added to design 'sampler_hls' for component 'p_buf:rsci' (LIB-3)
# Global signal 'p_buf:rsc.addr' added to design 'sampler_hls' for component 'p_buf:rsci' (LIB-3)
# Global signal 'p_buf:rsc.data_in' added to design 'sampler_hls' for component 'p_buf:rsci' (LIB-3)
# Global signal 'p_ptr:rsc.zin' added to design 'sampler_hls' for component 'p_ptr:rsci' (LIB-3)
# Global signal 'p_ptr:rsc.lzout' added to design 'sampler_hls' for component 'p_ptr:rsci' (LIB-3)
# Global signal 'p_ptr:rsc.zout' added to design 'sampler_hls' for component 'p_ptr:rsci' (LIB-3)
# Global signal 'p_state:rsc.data_out' added to design 'sampler_hls' for component 'p_state:rsci' (LIB-3)
# Global signal 'p_state:rsc.we' added to design 'sampler_hls' for component 'p_state:rsci' (LIB-3)
# Global signal 'p_state:rsc.re' added to design 'sampler_hls' for component 'p_state:rsci' (LIB-3)
# Global signal 'p_state:rsc.addr' added to design 'sampler_hls' for component 'p_state:rsci' (LIB-3)
# Global signal 'p_state:rsc.data_in' added to design 'sampler_hls' for component 'p_state:rsci' (LIB-3)
# Global signal 'sigma_min:rsc.dat' added to design 'sampler_hls' for component 'sigma_min:rsci' (LIB-3)
# Global signal 'return:rsc.dat' added to design 'sampler_hls' for component 'return:rsci' (LIB-3)
# Global signal 'mu.triosy.lz' added to design 'sampler_hls' for component 'mu.triosy:obj' (LIB-3)
# Global signal 'isigma.triosy.lz' added to design 'sampler_hls' for component 'isigma.triosy:obj' (LIB-3)
# Global signal 'p_buf.triosy.lz' added to design 'sampler_hls' for component 'p_buf.triosy:obj' (LIB-3)
# Global signal 'p_ptr.triosy.lz' added to design 'sampler_hls' for component 'p_ptr.triosy:obj' (LIB-3)
# Global signal 'p_state.triosy.lz' added to design 'sampler_hls' for component 'p_state.triosy:obj' (LIB-3)
# Global signal 'sigma_min.triosy.lz' added to design 'sampler_hls' for component 'sigma_min.triosy:obj' (LIB-3)
# Global signal 'return.triosy.lz' added to design 'sampler_hls' for component 'return.triosy:obj' (LIB-3)
# Info: Running transformation 'schedule' on solution 'sampler_hls.v1': elapsed time 23.59 seconds, memory usage 1466724kB, peak memory usage 1499496kB (SOL-15)
# Info: Running transformation 'schedule' on solution 'sampler_hls.v1': elapsed time 52.12 seconds, memory usage 1499496kB, peak memory usage 1499496kB (SOL-15)
# Info: Running transformation 'schedule' on solution 'sampler_hls.v1': elapsed time 82.00 seconds, memory usage 1458536kB, peak memory usage 1532268kB (SOL-15)
# Info: Running transformation 'schedule' on solution 'sampler_hls.v1': elapsed time 105.52 seconds, memory usage 1425764kB, peak memory usage 1532268kB (SOL-15)
# Info: Running transformation 'schedule' on solution 'sampler_hls.v1': elapsed time 129.03 seconds, memory usage 1409376kB, peak memory usage 1532268kB (SOL-15)
# Info: Running transformation 'schedule' on solution 'sampler_hls.v1': elapsed time 152.70 seconds, memory usage 1442148kB, peak memory usage 1532268kB (SOL-15)
# Info: Running transformation 'schedule' on solution 'sampler_hls.v1': elapsed time 176.32 seconds, memory usage 1474920kB, peak memory usage 1532268kB (SOL-15)
# Info: Running transformation 'schedule' on solution 'sampler_hls.v1': elapsed time 206.18 seconds, memory usage 1474912kB, peak memory usage 1532268kB (SOL-15)
# Info: Running transformation 'schedule' on solution 'sampler_hls.v1': elapsed time 228.94 seconds, memory usage 1474912kB, peak memory usage 1532268kB (SOL-15)
# Info: Running transformation 'schedule' on solution 'sampler_hls.v1': elapsed time 251.90 seconds, memory usage 1474912kB, peak memory usage 1532268kB (SOL-15)
# Report written to file 'cycle.rpt'
# Info: Running transformation 'schedule' on solution 'sampler_hls.v1': elapsed time 274.82 seconds, memory usage 1474912kB, peak memory usage 1532268kB (SOL-15)
# Info: Completed transformation 'schedule' on solution 'sampler_hls.v1': elapsed time 275.57 seconds, memory usage 1474912kB, peak memory usage 1532268kB (SOL-9)
# Info: Design complexity at end of 'schedule': Total ops = 32796, Real ops = 9665, Vars = 6252 (SOL-21)
# Info: Starting transformation 'dpfsm' on solution 'sampler_hls.v1' (SOL-8)
# Performing FSM extraction... (FSM-1)
# Creating shared register 'BerExp_no_structs:do:acc#1.psp.sva' for variables 'BerExp_no_structs:do:acc#1.psp.sva, fpr_mul#4:xor#1.itm(8:0), prng_get_u64_no_structs:acc#1.itm' (2 registers deleted). (FSM-3)
# Creating shared register 'FPR#12:FPR#12:nor#10.psp.sva' for variables 'FPR#12:FPR#12:nor#10.psp.sva, FPR#8:FPR#8:nor#10.psp.sva, exit:prng_refill_no_structs#1:for:for#5.sva, exit:prng_refill_no_structs#2:for:for#5.sva, exit:prng_refill_no_structs#3:for:for#5.sva, exit:prng_refill_no_structs:for:for#5.sva, BerExp_no_structs:do:aelse:BerExp_no_structs:do:nand.itm' (6 registers deleted). (FSM-3)
# Creating shared register 'FPR#12:FPR#12:nor#12.psp.sva' for variables 'FPR#12:FPR#12:nor#12.psp.sva, FPR#8:FPR#8:nor#12.psp.sva, exit:prng_refill_no_structs#1:for:for#5.sva.dfm, exit:prng_refill_no_structs#2:for:for#5.sva.dfm, exit:prng_refill_no_structs#3:for:for#5.sva.dfm, exit:prng_refill_no_structs:for:for#5.sva.dfm' (5 registers deleted). (FSM-3)
# Creating shared register 'FPR#12:FPR#12:nor#16.psp.sva' for variables 'FPR#12:FPR#12:nor#16.psp.sva, FPR#8:FPR#8:nor#14.psp.sva, prng_refill_no_structs#1:for:for#3:and#13.itm, prng_refill_no_structs#2:for:for#3:and#13.itm, prng_refill_no_structs#3:for:for#3:and#12.itm, prng_refill_no_structs:for:for#3:and#13.itm' (5 registers deleted). (FSM-3)
# Creating shared register 'FPR#12:FPR#12:nor#2.psp.sva' for variables 'FPR#12:FPR#12:nor#2.psp.sva, FPR#8:FPR#8:nor#16.psp.sva, prng_refill_no_structs#1:for:for#3:and#15.itm, prng_refill_no_structs#2:for:for#3:and#15.itm, prng_refill_no_structs#3:for:for#3:and#14.itm, prng_refill_no_structs:for:for#3:and#15.itm' (5 registers deleted). (FSM-3)
# Creating shared register 'FPR#12:FPR#12:nor#20.psp.sva' for variables 'FPR#12:FPR#12:nor#20.psp.sva, FPR#8:FPR#8:nor#18.psp.sva, prng_refill_no_structs#1:for:for#3:and#16.itm, prng_refill_no_structs#2:for:for#3:and#16.itm, prng_refill_no_structs#3:for:for#3:and#15.itm, prng_refill_no_structs:for:for#3:and#16.itm' (5 registers deleted). (FSM-3)
# Creating shared register 'FPR#12:FPR#12:nor#22.psp.sva' for variables 'FPR#12:FPR#12:nor#22.psp.sva, FPR#8:FPR#8:nor#2.psp.sva, prng_refill_no_structs#1:for:for#3:mux#23.itm, prng_refill_no_structs#2:for:for#3:mux#23.itm, prng_refill_no_structs#3:for:for#3:mux#23.itm, prng_refill_no_structs:for:for#3:mux#23.itm, exit:prng_refill_no_structs:for:for#3.sva, exit:prng_refill_no_structs#3:for:for#3.sva, exit:prng_refill_no_structs#1:for:for#3.sva, exit:prng_refill_no_structs#2:for:for#3.sva' (9 registers deleted). (FSM-3)
# Creating shared register 'FPR#12:FPR#12:nor#14.psp.sva' for variables 'FPR#12:FPR#12:nor#14.psp.sva, FPR#8:FPR#8:nor#42.psp.sva, FPR#3:nand.seb.sva, FPR#7:nand.seb.sva, prng_get_u64_no_structs:slc()(64).svs' (4 registers deleted). (FSM-3)
# Info: Running transformation 'dpfsm' on solution 'sampler_hls.v1': elapsed time 24.04 seconds, memory usage 1474912kB, peak memory usage 1532268kB (SOL-15)
# Creating shared register 'FPR#12:FPR#12:nor#18.psp.sva' for variables 'FPR#12:FPR#12:nor#18.psp.sva, FPR#8:FPR#8:nor#44.psp.sva, prng_refill_no_structs#1:for:for#3:and#14.itm, prng_refill_no_structs#2:for:for#3:and#14.itm, prng_refill_no_structs#3:for:for#3:and#13.itm, prng_refill_no_structs:for:for#3:and#14.itm' (5 registers deleted). (FSM-3)
# Creating shared register 'BerExp_no_structs:i(5:3).sva' for variables 'BerExp_no_structs:i(5:3).sva, BerExp_no_structs:i(5:3).sva#1, fpr_mul#4:xor#5.itm' (2 registers deleted). (FSM-3)
# Creating shared register 'prng_refill_no_structs#1:u(3:0).sva(2:0)' for variables 'prng_refill_no_structs#1:u(3:0).sva(2:0), prng_refill_no_structs#2:u(3:0).sva(2:0), prng_refill_no_structs#3:u(3:0).sva(2:0), prng_refill_no_structs:u(3:0).sva(2:0)' (3 registers deleted). (FSM-3)
# Creating shared register 'BerExp_no_structs:xor.itm' for variables 'BerExp_no_structs:xor.itm, gaussian0_sampler_no_structs:u(5:0).sva, prng_get_u64_no_structs:acc#11.psp.sva' (2 registers deleted). (FSM-3)
# Creating shared register 'fpr_add#2:xor.itm' for variables 'fpr_add#2:xor.itm, fpr_add#3:xor.itm, fpr_expm_p63:for:slc(fpr_expm_p63:C,*64)(63-0)#1.sva, fpr_ursh:return#1.sva, fpr_ursh:return#2.sva, fpr_ursh:return#4.sva' (5 registers deleted). (FSM-3)
# Creating shared register 'FPR#6:x.sva' for variables 'FPR#6:x.sva, FPR#7:x.sva, BerExp_no_structs:z.sva, fpr_add:return#2.sva, fpr_add:x#2.sva, fpr_add:x#3.sva, fpr_expm_p63:b#1.sva, fpr_expm_p63:b.sva, isigma.sva, prng_get_u64_no_structs:u.sva' (9 registers deleted). (FSM-3)
# Creating shared register 'fpr_expm_p63:y#1.sva' for variables 'fpr_expm_p63:y#1.sva, fpr_expm_p63:y#1.sva#1, fpr_sub:y#1.sva, fpr_sub:y#2.sva, fpr_sub:y#3.sva' (4 registers deleted). (FSM-3)
# Creating shared register 'prng_get_u8_no_structs#1:prng_get_u8_no_structs#1:acc#1.cse.sva' for variables 'prng_get_u8_no_structs#1:prng_get_u8_no_structs#1:acc#1.cse.sva, prng_get_u8_no_structs#1:v:io_read(p_ptr:rsc.@).cse.sva, prng_get_u8_no_structs#2:prng_get_u8_no_structs#2:acc#1.cse.sva' (2 registers deleted). (FSM-3)
# Creating shared register 'prng_refill_no_structs#1:cc.sva#1' for variables 'prng_refill_no_structs#1:cc.sva#1, prng_refill_no_structs#2:cc.sva#1, prng_refill_no_structs#3:cc.sva#1, prng_refill_no_structs:cc.sva#1' (3 registers deleted). (FSM-3)
# Creating shared register 'fpr_mul#1:acc#20.itm' for variables 'fpr_mul#1:acc#20.itm, fpr_mul#3:acc#20.itm, fpr_add:x#1(63:52).sva' (2 registers deleted). (FSM-3)
# Creating shared register 'fpr_add#1:acc#22.itm' for variables 'fpr_add#1:acc#22.itm, fpr_add#2:acc#22.itm, fpr_add#3:acc#22.itm, fpr_expm_p63:mul#3.itm, fpr_trunc#1:xu(62:0).sva, fpr_trunc#2:xu(62:0).sva' (5 registers deleted). (FSM-3)
# Creating shared register 'fpr_add#1:acc#5.psp.sva' for variables 'fpr_add#1:acc#5.psp.sva, fpr_add#2:acc#5.psp.sva, fpr_add#3:acc#5.psp.sva' (2 registers deleted). (FSM-3)
# Creating shared register 'prng_refill_no_structs#1:for:state(10).sva#2' for variables 'prng_refill_no_structs#1:for:state(10).sva#2, prng_refill_no_structs#1:for:state(10).sva#2.dfm, prng_refill_no_structs#1:for:state(2).sva, prng_refill_no_structs#2:for:state(2).sva, prng_refill_no_structs#3:for:state(2).sva, prng_refill_no_structs:for:state(2).sva, prng_refill_no_structs#2:for:state(10).sva#2, prng_refill_no_structs#2:for:state(10).sva#2.dfm, prng_refill_no_structs#3:for:state(10).sva#2, prng_refill_no_structs#3:for:state(10).sva#2.dfm, prng_refill_no_structs:for:state(10).sva#2, prng_refill_no_structs:for:state(10).sva#2.dfm' (11 registers deleted). (FSM-3)
# Creating shared register 'prng_refill_no_structs#1:for:state(11).sva#2' for variables 'prng_refill_no_structs#1:for:state(11).sva#2, prng_refill_no_structs#1:for:state(11).sva#2.dfm, prng_refill_no_structs#1:for:state(3).sva, prng_refill_no_structs#2:for:state(3).sva, prng_refill_no_structs#3:for:state(3).sva, prng_refill_no_structs:for:state(3).sva, prng_refill_no_structs#2:for:state(11).sva#2, prng_refill_no_structs#2:for:state(11).sva#2.dfm, prng_refill_no_structs#3:for:state(11).sva#2, prng_refill_no_structs#3:for:state(11).sva#2.dfm, prng_refill_no_structs:for:state(11).sva#2, prng_refill_no_structs:for:state(11).sva#2.dfm' (11 registers deleted). (FSM-3)
# Creating shared register 'prng_refill_no_structs#1:for:state(14).sva' for variables 'prng_refill_no_structs#1:for:state(14).sva, prng_refill_no_structs#1:for:state(14).sva.dfm, prng_refill_no_structs#2:for:state(14).sva, prng_refill_no_structs#2:for:state(14).sva.dfm, prng_refill_no_structs#3:for:state(14).sva, prng_refill_no_structs#3:for:state(14).sva.dfm, prng_refill_no_structs:for:state(14).sva, prng_refill_no_structs:for:state(14).sva.dfm' (7 registers deleted). (FSM-3)
# Creating shared register 'prng_refill_no_structs#1:for:state(2).sva#1' for variables 'prng_refill_no_structs#1:for:state(2).sva#1, prng_refill_no_structs#1:for:state(2).sva#1.dfm#1, prng_refill_no_structs#2:for:state(2).sva#1, prng_refill_no_structs#2:for:state(2).sva#1.dfm#1, prng_refill_no_structs#3:for:state(2).sva#1, prng_refill_no_structs#3:for:state(2).sva#1.dfm#1, prng_refill_no_structs:for:state(2).sva#1, prng_refill_no_structs:for:state(2).sva#1.dfm#1' (7 registers deleted). (FSM-3)
# Creating shared register 'prng_refill_no_structs#1:for:state(3).sva#1' for variables 'prng_refill_no_structs#1:for:state(3).sva#1, prng_refill_no_structs#1:for:state(3).sva#1.dfm#1, prng_refill_no_structs#2:for:state(3).sva#1, prng_refill_no_structs#2:for:state(3).sva#1.dfm#1, prng_refill_no_structs#3:for:state(3).sva#1, prng_refill_no_structs#3:for:state(3).sva#1.dfm#1, prng_refill_no_structs:for:state(3).sva#1, prng_refill_no_structs:for:state(3).sva#1.dfm#1' (7 registers deleted). (FSM-3)
# Creating shared register 'prng_refill_no_structs#1:for:state(8).sva#2' for variables 'prng_refill_no_structs#1:for:state(8).sva#2, prng_refill_no_structs#1:for:state(8).sva#2.dfm, prng_refill_no_structs#2:for:state(8).sva#2, prng_refill_no_structs#2:for:state(8).sva#2.dfm, prng_refill_no_structs#3:for:state(8).sva#2, prng_refill_no_structs#3:for:state(8).sva#2.dfm, prng_refill_no_structs:for:state(8).sva#2, prng_refill_no_structs:for:state(8).sva#2.dfm' (7 registers deleted). (FSM-3)
# Creating shared register 'prng_refill_no_structs#1:for:state(9).sva#2' for variables 'prng_refill_no_structs#1:for:state(9).sva#2, prng_refill_no_structs#1:for:state(9).sva#2.dfm, prng_refill_no_structs#2:for:state(9).sva#2, prng_refill_no_structs#2:for:state(9).sva#2.dfm, prng_refill_no_structs#3:for:state(9).sva#2, prng_refill_no_structs#3:for:state(9).sva#2.dfm, prng_refill_no_structs:for:state(9).sva#2, prng_refill_no_structs:for:state(9).sva#2.dfm' (7 registers deleted). (FSM-3)
# Creating shared register 'prng_refill_no_structs#1:for:state(0).sva' for variables 'prng_refill_no_structs#1:for:state(0).sva, prng_refill_no_structs#2:for:state(0).sva, prng_refill_no_structs#3:for:state(0).sva, prng_refill_no_structs:for:state(0).sva, prng_refill_no_structs#1:for:state(0).sva#1, prng_refill_no_structs#1:for:state(0).sva#1.dfm#1, prng_refill_no_structs#2:for:state(0).sva#1, prng_refill_no_structs#2:for:state(0).sva#1.dfm#1, prng_refill_no_structs#3:for:state(0).sva#1, prng_refill_no_structs#3:for:state(0).sva#1.dfm#1, prng_refill_no_structs:for:state(0).sva#1, prng_refill_no_structs:for:state(0).sva#1.dfm#1' (11 registers deleted). (FSM-3)
# Creating shared register 'prng_refill_no_structs#1:for:state(1).sva' for variables 'prng_refill_no_structs#1:for:state(1).sva, prng_refill_no_structs#2:for:state(1).sva, prng_refill_no_structs#3:for:state(1).sva, prng_refill_no_structs:for:state(1).sva, prng_refill_no_structs#1:for:state(1).sva#1, prng_refill_no_structs#1:for:state(1).sva#1.dfm#1, prng_refill_no_structs#2:for:state(1).sva#1, prng_refill_no_structs#2:for:state(1).sva#1.dfm#1, prng_refill_no_structs#3:for:state(1).sva#1, prng_refill_no_structs#3:for:state(1).sva#1.dfm#1, prng_refill_no_structs:for:state(1).sva#1, prng_refill_no_structs:for:state(1).sva#1.dfm#1' (11 registers deleted). (FSM-3)
# Creating shared register 'prng_refill_no_structs#1:for:prng_refill_no_structs#1:for:acc#3.itm' for variables 'prng_refill_no_structs#1:for:prng_refill_no_structs#1:for:acc#3.itm, prng_refill_no_structs#2:for:prng_refill_no_structs#2:for:acc#3.itm, prng_refill_no_structs#3:for:prng_refill_no_structs#3:for:acc#3.itm, prng_refill_no_structs:for:prng_refill_no_structs:for:acc#3.itm, prng_refill_no_structs#1:for:state(15).sva, prng_refill_no_structs#1:for:state(15).sva.dfm, prng_refill_no_structs#2:for:state(15).sva, prng_refill_no_structs#2:for:state(15).sva.dfm, prng_refill_no_structs#3:for:state(15).sva, prng_refill_no_structs#3:for:state(15).sva.dfm, prng_refill_no_structs:for:state(15).sva, prng_refill_no_structs:for:state(15).sva.dfm, fpr_trunc:xu(31:0).sva' (12 registers deleted). (FSM-3)
# Creating shared register 'fpr_expm_p63:for:slc(fpr_expm_p63:for:mul#1)(62-31).slc.sva' for variables 'fpr_expm_p63:for:slc(fpr_expm_p63:for:mul#1)(62-31).slc.sva, fpr_expm_p63:slc(fpr_expm_p63:mul#1)(62-31).slc.sva, fpr_mul#5:acc#79.psp, gaussian0_sampler_no_structs:z.sva, gaussian0_sampler_no_structs:z.sva#1' (4 registers deleted). (FSM-3)
# Creating shared register 'fpr_expm_p63:u(3:0).sva' for variables 'fpr_expm_p63:u(3:0).sva, fpr_expm_p63:u(3:0).sva#1, prng_refill_no_structs#1:for:for#1:j(3:0).sva, prng_refill_no_structs#2:for:for#1:j(3:0).sva, prng_refill_no_structs#3:for:for#1:j(3:0).sva, prng_refill_no_structs:for:for#1:j(3:0).sva, prng_refill_no_structs#1:for:v(4:0).sva(3:0), prng_refill_no_structs#2:for:v(4:0).sva(3:0), prng_refill_no_structs#3:for:v(4:0).sva(3:0), prng_refill_no_structs:for:v(4:0).sva(3:0), prng_refill_no_structs#1:for:i(3:0).sva, prng_refill_no_structs#2:for:i(3:0).sva, prng_refill_no_structs#3:for:i(3:0).sva, prng_refill_no_structs:for:i(3:0).sva' (13 registers deleted). (FSM-3)
# Creating shared register 'prng_refill_no_structs#1:for:v#2(3:0).sva' for variables 'prng_refill_no_structs#1:for:v#2(3:0).sva, prng_refill_no_structs#2:for:v#2(3:0).sva, prng_refill_no_structs#3:for:v#2(3:0).sva, prng_refill_no_structs:for:v#2(3:0).sva' (3 registers deleted). (FSM-3)
# Creating shared register 'prng_refill_no_structs#1:for:for#1:j(3:0).sva#1' for variables 'prng_refill_no_structs#1:for:for#1:j(3:0).sva#1, prng_refill_no_structs#2:for:for#1:j(3:0).sva#1, prng_refill_no_structs#3:for:for#1:j(3:0).sva#1, prng_refill_no_structs:for:for#1:j(3:0).sva#1, prng_refill_no_structs#1:for:for#3:mux#22.itm, prng_refill_no_structs#2:for:for#3:mux#22.itm, prng_refill_no_structs#3:for:for#3:mux#22.itm, prng_refill_no_structs:for:for#3:mux#22.itm' (7 registers deleted). (FSM-3)
# Creating shared register 'fpr_mul#1:mul#1.psp.sva' for variables 'fpr_mul#1:mul#1.psp.sva, fpr_mul#3:mul#1.psp.sva, fpr_mul:mul#1.psp.sva' (2 registers deleted). (FSM-3)
# Info: Running transformation 'dpfsm' on solution 'sampler_hls.v1': elapsed time 53.89 seconds, memory usage 1630592kB, peak memory usage 1630592kB (SOL-15)
# Creating shared register 'fpr_mul#5:or#1.psp.sva' for variables 'fpr_mul#5:or#1.psp.sva, fpr_mul#6:or#4.itm, fpr_mul#4:or#1.psp(0).sva, prng_refill_no_structs#1:for:for#4:and.stg_1_1.sva, prng_refill_no_structs#2:for:for#4:and.stg_1_1.sva, prng_refill_no_structs#3:for:for#4:and.stg_1_1.sva, prng_refill_no_structs:for:for#4:and.stg_1_1.sva, prng_refill_no_structs#1:for:for#4:and.stg_2_5.sva, prng_refill_no_structs#2:for:for#4:and.stg_2_5.sva, prng_refill_no_structs#3:for:for#4:and.stg_2_5.sva, prng_refill_no_structs:for:for#4:and.stg_2_5.sva' (10 registers deleted). (FSM-3)
# Creating shared register 'prng_refill_no_structs#1:for:state(4)(11:0)#1.sva#2(0)' for variables 'prng_refill_no_structs#1:for:state(4)(11:0)#1.sva#2(0), prng_refill_no_structs#1:for:state(4)(11:0)#1.sva#2.dfm(0), prng_refill_no_structs#2:for:state(4)(11:0)#1.sva#2(0), prng_refill_no_structs#2:for:state(4)(11:0)#1.sva#2.dfm(0), prng_refill_no_structs#3:for:state(4)(11:0)#1.sva#2(0), prng_refill_no_structs#3:for:state(4)(11:0)#1.sva#2.dfm(0), prng_refill_no_structs:for:state(4)(11:0)#1.sva#2(0), prng_refill_no_structs:for:state(4)(11:0)#1.sva#2.dfm(0)' (7 registers deleted). (FSM-3)
# Creating shared register 'prng_refill_no_structs#1:for:state(4)(11:0)#1.sva#2(1)' for variables 'prng_refill_no_structs#1:for:state(4)(11:0)#1.sva#2(1), prng_refill_no_structs#1:for:state(4)(11:0)#1.sva#2.dfm(1), prng_refill_no_structs#2:for:state(4)(11:0)#1.sva#2(1), prng_refill_no_structs#2:for:state(4)(11:0)#1.sva#2.dfm(1), prng_refill_no_structs#3:for:state(4)(11:0)#1.sva#2(1), prng_refill_no_structs#3:for:state(4)(11:0)#1.sva#2.dfm(1), prng_refill_no_structs:for:state(4)(11:0)#1.sva#2(1), prng_refill_no_structs:for:state(4)(11:0)#1.sva#2.dfm(1)' (7 registers deleted). (FSM-3)
# Creating shared register 'prng_refill_no_structs#1:for:state(4)(11:0)#1.sva#2(10)' for variables 'prng_refill_no_structs#1:for:state(4)(11:0)#1.sva#2(10), prng_refill_no_structs#1:for:state(4)(11:0)#1.sva#2.dfm(10), prng_refill_no_structs#2:for:state(4)(11:0)#1.sva#2(10), prng_refill_no_structs#2:for:state(4)(11:0)#1.sva#2.dfm(10), prng_refill_no_structs#3:for:state(4)(11:0)#1.sva#2(10), prng_refill_no_structs#3:for:state(4)(11:0)#1.sva#2.dfm(10), prng_refill_no_structs:for:state(4)(11:0)#1.sva#2(10), prng_refill_no_structs:for:state(4)(11:0)#1.sva#2.dfm(10)' (7 registers deleted). (FSM-3)
# Creating shared register 'prng_refill_no_structs#1:for:state(4)(11:0)#1.sva#2(11)' for variables 'prng_refill_no_structs#1:for:state(4)(11:0)#1.sva#2(11), prng_refill_no_structs#1:for:state(4)(11:0)#1.sva#2.dfm(11), prng_refill_no_structs#2:for:state(4)(11:0)#1.sva#2(11), prng_refill_no_structs#2:for:state(4)(11:0)#1.sva#2.dfm(11), prng_refill_no_structs#3:for:state(4)(11:0)#1.sva#2(11), prng_refill_no_structs#3:for:state(4)(11:0)#1.sva#2.dfm(11), prng_refill_no_structs:for:state(4)(11:0)#1.sva#2(11), prng_refill_no_structs:for:state(4)(11:0)#1.sva#2.dfm(11)' (7 registers deleted). (FSM-3)
# Creating shared register 'prng_refill_no_structs#1:for:state(4)(11:0)#1.sva#2(2)' for variables 'prng_refill_no_structs#1:for:state(4)(11:0)#1.sva#2(2), prng_refill_no_structs#1:for:state(4)(11:0)#1.sva#2.dfm(2), prng_refill_no_structs#2:for:state(4)(11:0)#1.sva#2(2), prng_refill_no_structs#2:for:state(4)(11:0)#1.sva#2.dfm(2), prng_refill_no_structs#3:for:state(4)(11:0)#1.sva#2(2), prng_refill_no_structs#3:for:state(4)(11:0)#1.sva#2.dfm(2), prng_refill_no_structs:for:state(4)(11:0)#1.sva#2(2), prng_refill_no_structs:for:state(4)(11:0)#1.sva#2.dfm(2)' (7 registers deleted). (FSM-3)
# Creating shared register 'prng_refill_no_structs#1:for:state(4)(11:0)#1.sva#2(3)' for variables 'prng_refill_no_structs#1:for:state(4)(11:0)#1.sva#2(3), prng_refill_no_structs#1:for:state(4)(11:0)#1.sva#2.dfm(3), prng_refill_no_structs#2:for:state(4)(11:0)#1.sva#2(3), prng_refill_no_structs#2:for:state(4)(11:0)#1.sva#2.dfm(3), prng_refill_no_structs#3:for:state(4)(11:0)#1.sva#2(3), prng_refill_no_structs#3:for:state(4)(11:0)#1.sva#2.dfm(3), prng_refill_no_structs:for:state(4)(11:0)#1.sva#2(3), prng_refill_no_structs:for:state(4)(11:0)#1.sva#2.dfm(3)' (7 registers deleted). (FSM-3)
# Creating shared register 'prng_refill_no_structs#1:for:state(4)(11:0)#1.sva#2(4)' for variables 'prng_refill_no_structs#1:for:state(4)(11:0)#1.sva#2(4), prng_refill_no_structs#1:for:state(4)(11:0)#1.sva#2.dfm(4), prng_refill_no_structs#2:for:state(4)(11:0)#1.sva#2(4), prng_refill_no_structs#2:for:state(4)(11:0)#1.sva#2.dfm(4), prng_refill_no_structs#3:for:state(4)(11:0)#1.sva#2(4), prng_refill_no_structs#3:for:state(4)(11:0)#1.sva#2.dfm(4), prng_refill_no_structs:for:state(4)(11:0)#1.sva#2(4), prng_refill_no_structs:for:state(4)(11:0)#1.sva#2.dfm(4)' (7 registers deleted). (FSM-3)
# Creating shared register 'prng_refill_no_structs#1:for:state(4)(11:0)#1.sva#2(5)' for variables 'prng_refill_no_structs#1:for:state(4)(11:0)#1.sva#2(5), prng_refill_no_structs#1:for:state(4)(11:0)#1.sva#2.dfm(5), prng_refill_no_structs#2:for:state(4)(11:0)#1.sva#2(5), prng_refill_no_structs#2:for:state(4)(11:0)#1.sva#2.dfm(5), prng_refill_no_structs#3:for:state(4)(11:0)#1.sva#2(5), prng_refill_no_structs#3:for:state(4)(11:0)#1.sva#2.dfm(5), prng_refill_no_structs:for:state(4)(11:0)#1.sva#2(5), prng_refill_no_structs:for:state(4)(11:0)#1.sva#2.dfm(5)' (7 registers deleted). (FSM-3)
# Creating shared register 'prng_refill_no_structs#1:for:state(4)(11:0)#1.sva#2(6)' for variables 'prng_refill_no_structs#1:for:state(4)(11:0)#1.sva#2(6), prng_refill_no_structs#1:for:state(4)(11:0)#1.sva#2.dfm(6), prng_refill_no_structs#2:for:state(4)(11:0)#1.sva#2(6), prng_refill_no_structs#2:for:state(4)(11:0)#1.sva#2.dfm(6), prng_refill_no_structs#3:for:state(4)(11:0)#1.sva#2(6), prng_refill_no_structs#3:for:state(4)(11:0)#1.sva#2.dfm(6), prng_refill_no_structs:for:state(4)(11:0)#1.sva#2(6), prng_refill_no_structs:for:state(4)(11:0)#1.sva#2.dfm(6)' (7 registers deleted). (FSM-3)
# Creating shared register 'prng_refill_no_structs#1:for:state(4)(11:0)#1.sva#2(7)' for variables 'prng_refill_no_structs#1:for:state(4)(11:0)#1.sva#2(7), prng_refill_no_structs#1:for:state(4)(11:0)#1.sva#2.dfm(7), prng_refill_no_structs#2:for:state(4)(11:0)#1.sva#2(7), prng_refill_no_structs#2:for:state(4)(11:0)#1.sva#2.dfm(7), prng_refill_no_structs#3:for:state(4)(11:0)#1.sva#2(7), prng_refill_no_structs#3:for:state(4)(11:0)#1.sva#2.dfm(7), prng_refill_no_structs:for:state(4)(11:0)#1.sva#2(7), prng_refill_no_structs:for:state(4)(11:0)#1.sva#2.dfm(7)' (7 registers deleted). (FSM-3)
# Creating shared register 'prng_refill_no_structs#1:for:state(4)(11:0)#1.sva#2(8)' for variables 'prng_refill_no_structs#1:for:state(4)(11:0)#1.sva#2(8), prng_refill_no_structs#1:for:state(4)(11:0)#1.sva#2.dfm(8), prng_refill_no_structs#2:for:state(4)(11:0)#1.sva#2(8), prng_refill_no_structs#2:for:state(4)(11:0)#1.sva#2.dfm(8), prng_refill_no_structs#3:for:state(4)(11:0)#1.sva#2(8), prng_refill_no_structs#3:for:state(4)(11:0)#1.sva#2.dfm(8), prng_refill_no_structs:for:state(4)(11:0)#1.sva#2(8), prng_refill_no_structs:for:state(4)(11:0)#1.sva#2.dfm(8)' (7 registers deleted). (FSM-3)
# Creating shared register 'prng_refill_no_structs#1:for:state(4)(11:0)#1.sva#2(9)' for variables 'prng_refill_no_structs#1:for:state(4)(11:0)#1.sva#2(9), prng_refill_no_structs#1:for:state(4)(11:0)#1.sva#2.dfm(9), prng_refill_no_structs#2:for:state(4)(11:0)#1.sva#2(9), prng_refill_no_structs#2:for:state(4)(11:0)#1.sva#2.dfm(9), prng_refill_no_structs#3:for:state(4)(11:0)#1.sva#2(9), prng_refill_no_structs#3:for:state(4)(11:0)#1.sva#2.dfm(9), prng_refill_no_structs:for:state(4)(11:0)#1.sva#2(9), prng_refill_no_structs:for:state(4)(11:0)#1.sva#2.dfm(9)' (7 registers deleted). (FSM-3)
# Creating shared register 'prng_refill_no_structs#1:for:state(4)(31:12)#1.sva#2(0)' for variables 'prng_refill_no_structs#1:for:state(4)(31:12)#1.sva#2(0), prng_refill_no_structs#1:for:state(4)(31:12)#1.sva#2.dfm(0), prng_refill_no_structs#2:for:state(4)(31:12)#1.sva#2(0), prng_refill_no_structs#2:for:state(4)(31:12)#1.sva#2.dfm(0), prng_refill_no_structs#3:for:state(4)(31:12)#1.sva#2(0), prng_refill_no_structs#3:for:state(4)(31:12)#1.sva#2.dfm(0), prng_refill_no_structs:for:state(4)(31:12)#1.sva#2(0), prng_refill_no_structs:for:state(4)(31:12)#1.sva#2.dfm(0)' (7 registers deleted). (FSM-3)
# Creating shared register 'prng_refill_no_structs#1:for:state(4)(31:12)#1.sva#2(1)' for variables 'prng_refill_no_structs#1:for:state(4)(31:12)#1.sva#2(1), prng_refill_no_structs#1:for:state(4)(31:12)#1.sva#2.dfm(1), prng_refill_no_structs#2:for:state(4)(31:12)#1.sva#2(1), prng_refill_no_structs#2:for:state(4)(31:12)#1.sva#2.dfm(1), prng_refill_no_structs#3:for:state(4)(31:12)#1.sva#2(1), prng_refill_no_structs#3:for:state(4)(31:12)#1.sva#2.dfm(1), prng_refill_no_structs:for:state(4)(31:12)#1.sva#2(1), prng_refill_no_structs:for:state(4)(31:12)#1.sva#2.dfm(1)' (7 registers deleted). (FSM-3)
# Creating shared register 'prng_refill_no_structs#1:for:state(4)(31:12)#1.sva#2(10)' for variables 'prng_refill_no_structs#1:for:state(4)(31:12)#1.sva#2(10), prng_refill_no_structs#1:for:state(4)(31:12)#1.sva#2.dfm(10), prng_refill_no_structs#2:for:state(4)(31:12)#1.sva#2(10), prng_refill_no_structs#2:for:state(4)(31:12)#1.sva#2.dfm(10), prng_refill_no_structs#3:for:state(4)(31:12)#1.sva#2(10), prng_refill_no_structs#3:for:state(4)(31:12)#1.sva#2.dfm(10), prng_refill_no_structs:for:state(4)(31:12)#1.sva#2(10), prng_refill_no_structs:for:state(4)(31:12)#1.sva#2.dfm(10)' (7 registers deleted). (FSM-3)
# Creating shared register 'prng_refill_no_structs#1:for:state(4)(31:12)#1.sva#2(11)' for variables 'prng_refill_no_structs#1:for:state(4)(31:12)#1.sva#2(11), prng_refill_no_structs#1:for:state(4)(31:12)#1.sva#2.dfm(11), prng_refill_no_structs#2:for:state(4)(31:12)#1.sva#2(11), prng_refill_no_structs#2:for:state(4)(31:12)#1.sva#2.dfm(11), prng_refill_no_structs#3:for:state(4)(31:12)#1.sva#2(11), prng_refill_no_structs#3:for:state(4)(31:12)#1.sva#2.dfm(11), prng_refill_no_structs:for:state(4)(31:12)#1.sva#2(11), prng_refill_no_structs:for:state(4)(31:12)#1.sva#2.dfm(11)' (7 registers deleted). (FSM-3)
# Creating shared register 'prng_refill_no_structs#1:for:state(4)(31:12)#1.sva#2(12)' for variables 'prng_refill_no_structs#1:for:state(4)(31:12)#1.sva#2(12), prng_refill_no_structs#1:for:state(4)(31:12)#1.sva#2.dfm(12), prng_refill_no_structs#2:for:state(4)(31:12)#1.sva#2(12), prng_refill_no_structs#2:for:state(4)(31:12)#1.sva#2.dfm(12), prng_refill_no_structs#3:for:state(4)(31:12)#1.sva#2(12), prng_refill_no_structs#3:for:state(4)(31:12)#1.sva#2.dfm(12), prng_refill_no_structs:for:state(4)(31:12)#1.sva#2(12), prng_refill_no_structs:for:state(4)(31:12)#1.sva#2.dfm(12)' (7 registers deleted). (FSM-3)
# Creating shared register 'prng_refill_no_structs#1:for:state(4)(31:12)#1.sva#2(13)' for variables 'prng_refill_no_structs#1:for:state(4)(31:12)#1.sva#2(13), prng_refill_no_structs#1:for:state(4)(31:12)#1.sva#2.dfm(13), prng_refill_no_structs#2:for:state(4)(31:12)#1.sva#2(13), prng_refill_no_structs#2:for:state(4)(31:12)#1.sva#2.dfm(13), prng_refill_no_structs#3:for:state(4)(31:12)#1.sva#2(13), prng_refill_no_structs#3:for:state(4)(31:12)#1.sva#2.dfm(13), prng_refill_no_structs:for:state(4)(31:12)#1.sva#2(13), prng_refill_no_structs:for:state(4)(31:12)#1.sva#2.dfm(13)' (7 registers deleted). (FSM-3)
# Creating shared register 'prng_refill_no_structs#1:for:state(4)(31:12)#1.sva#2(14)' for variables 'prng_refill_no_structs#1:for:state(4)(31:12)#1.sva#2(14), prng_refill_no_structs#1:for:state(4)(31:12)#1.sva#2.dfm(14), prng_refill_no_structs#2:for:state(4)(31:12)#1.sva#2(14), prng_refill_no_structs#2:for:state(4)(31:12)#1.sva#2.dfm(14), prng_refill_no_structs#3:for:state(4)(31:12)#1.sva#2(14), prng_refill_no_structs#3:for:state(4)(31:12)#1.sva#2.dfm(14), prng_refill_no_structs:for:state(4)(31:12)#1.sva#2(14), prng_refill_no_structs:for:state(4)(31:12)#1.sva#2.dfm(14)' (7 registers deleted). (FSM-3)
# Creating shared register 'prng_refill_no_structs#1:for:state(4)(31:12)#1.sva#2(15)' for variables 'prng_refill_no_structs#1:for:state(4)(31:12)#1.sva#2(15), prng_refill_no_structs#1:for:state(4)(31:12)#1.sva#2.dfm(15), prng_refill_no_structs#2:for:state(4)(31:12)#1.sva#2(15), prng_refill_no_structs#2:for:state(4)(31:12)#1.sva#2.dfm(15), prng_refill_no_structs#3:for:state(4)(31:12)#1.sva#2(15), prng_refill_no_structs#3:for:state(4)(31:12)#1.sva#2.dfm(15), prng_refill_no_structs:for:state(4)(31:12)#1.sva#2(15), prng_refill_no_structs:for:state(4)(31:12)#1.sva#2.dfm(15)' (7 registers deleted). (FSM-3)
# Creating shared register 'prng_refill_no_structs#1:for:state(4)(31:12)#1.sva#2(16)' for variables 'prng_refill_no_structs#1:for:state(4)(31:12)#1.sva#2(16), prng_refill_no_structs#1:for:state(4)(31:12)#1.sva#2.dfm(16), prng_refill_no_structs#2:for:state(4)(31:12)#1.sva#2(16), prng_refill_no_structs#2:for:state(4)(31:12)#1.sva#2.dfm(16), prng_refill_no_structs#3:for:state(4)(31:12)#1.sva#2(16), prng_refill_no_structs#3:for:state(4)(31:12)#1.sva#2.dfm(16), prng_refill_no_structs:for:state(4)(31:12)#1.sva#2(16), prng_refill_no_structs:for:state(4)(31:12)#1.sva#2.dfm(16)' (7 registers deleted). (FSM-3)
# Creating shared register 'prng_refill_no_structs#1:for:state(4)(31:12)#1.sva#2(17)' for variables 'prng_refill_no_structs#1:for:state(4)(31:12)#1.sva#2(17), prng_refill_no_structs#1:for:state(4)(31:12)#1.sva#2.dfm(17), prng_refill_no_structs#2:for:state(4)(31:12)#1.sva#2(17), prng_refill_no_structs#2:for:state(4)(31:12)#1.sva#2.dfm(17), prng_refill_no_structs#3:for:state(4)(31:12)#1.sva#2(17), prng_refill_no_structs#3:for:state(4)(31:12)#1.sva#2.dfm(17), prng_refill_no_structs:for:state(4)(31:12)#1.sva#2(17), prng_refill_no_structs:for:state(4)(31:12)#1.sva#2.dfm(17)' (7 registers deleted). (FSM-3)
# Creating shared register 'prng_refill_no_structs#1:for:state(4)(31:12)#1.sva#2(18)' for variables 'prng_refill_no_structs#1:for:state(4)(31:12)#1.sva#2(18), prng_refill_no_structs#1:for:state(4)(31:12)#1.sva#2.dfm(18), prng_refill_no_structs#2:for:state(4)(31:12)#1.sva#2(18), prng_refill_no_structs#2:for:state(4)(31:12)#1.sva#2.dfm(18), prng_refill_no_structs#3:for:state(4)(31:12)#1.sva#2(18), prng_refill_no_structs#3:for:state(4)(31:12)#1.sva#2.dfm(18), prng_refill_no_structs:for:state(4)(31:12)#1.sva#2(18), prng_refill_no_structs:for:state(4)(31:12)#1.sva#2.dfm(18)' (7 registers deleted). (FSM-3)
# Creating shared register 'prng_refill_no_structs#1:for:state(4)(31:12)#1.sva#2(19)' for variables 'prng_refill_no_structs#1:for:state(4)(31:12)#1.sva#2(19), prng_refill_no_structs#1:for:state(4)(31:12)#1.sva#2.dfm(19), prng_refill_no_structs#2:for:state(4)(31:12)#1.sva#2(19), prng_refill_no_structs#2:for:state(4)(31:12)#1.sva#2.dfm(19), prng_refill_no_structs#3:for:state(4)(31:12)#1.sva#2(19), prng_refill_no_structs#3:for:state(4)(31:12)#1.sva#2.dfm(19), prng_refill_no_structs:for:state(4)(31:12)#1.sva#2(19), prng_refill_no_structs:for:state(4)(31:12)#1.sva#2.dfm(19)' (7 registers deleted). (FSM-3)
# Creating shared register 'prng_refill_no_structs#1:for:state(4)(31:12)#1.sva#2(2)' for variables 'prng_refill_no_structs#1:for:state(4)(31:12)#1.sva#2(2), prng_refill_no_structs#1:for:state(4)(31:12)#1.sva#2.dfm(2), prng_refill_no_structs#2:for:state(4)(31:12)#1.sva#2(2), prng_refill_no_structs#2:for:state(4)(31:12)#1.sva#2.dfm(2), prng_refill_no_structs#3:for:state(4)(31:12)#1.sva#2(2), prng_refill_no_structs#3:for:state(4)(31:12)#1.sva#2.dfm(2), prng_refill_no_structs:for:state(4)(31:12)#1.sva#2(2), prng_refill_no_structs:for:state(4)(31:12)#1.sva#2.dfm(2)' (7 registers deleted). (FSM-3)
# Creating shared register 'prng_refill_no_structs#1:for:state(4)(31:12)#1.sva#2(3)' for variables 'prng_refill_no_structs#1:for:state(4)(31:12)#1.sva#2(3), prng_refill_no_structs#1:for:state(4)(31:12)#1.sva#2.dfm(3), prng_refill_no_structs#2:for:state(4)(31:12)#1.sva#2(3), prng_refill_no_structs#2:for:state(4)(31:12)#1.sva#2.dfm(3), prng_refill_no_structs#3:for:state(4)(31:12)#1.sva#2(3), prng_refill_no_structs#3:for:state(4)(31:12)#1.sva#2.dfm(3), prng_refill_no_structs:for:state(4)(31:12)#1.sva#2(3), prng_refill_no_structs:for:state(4)(31:12)#1.sva#2.dfm(3)' (7 registers deleted). (FSM-3)
# Creating shared register 'prng_refill_no_structs#1:for:state(4)(31:12)#1.sva#2(4)' for variables 'prng_refill_no_structs#1:for:state(4)(31:12)#1.sva#2(4), prng_refill_no_structs#1:for:state(4)(31:12)#1.sva#2.dfm(4), prng_refill_no_structs#2:for:state(4)(31:12)#1.sva#2(4), prng_refill_no_structs#2:for:state(4)(31:12)#1.sva#2.dfm(4), prng_refill_no_structs#3:for:state(4)(31:12)#1.sva#2(4), prng_refill_no_structs#3:for:state(4)(31:12)#1.sva#2.dfm(4), prng_refill_no_structs:for:state(4)(31:12)#1.sva#2(4), prng_refill_no_structs:for:state(4)(31:12)#1.sva#2.dfm(4)' (7 registers deleted). (FSM-3)
# Creating shared register 'prng_refill_no_structs#1:for:state(4)(31:12)#1.sva#2(5)' for variables 'prng_refill_no_structs#1:for:state(4)(31:12)#1.sva#2(5), prng_refill_no_structs#1:for:state(4)(31:12)#1.sva#2.dfm(5), prng_refill_no_structs#2:for:state(4)(31:12)#1.sva#2(5), prng_refill_no_structs#2:for:state(4)(31:12)#1.sva#2.dfm(5), prng_refill_no_structs#3:for:state(4)(31:12)#1.sva#2(5), prng_refill_no_structs#3:for:state(4)(31:12)#1.sva#2.dfm(5), prng_refill_no_structs:for:state(4)(31:12)#1.sva#2(5), prng_refill_no_structs:for:state(4)(31:12)#1.sva#2.dfm(5)' (7 registers deleted). (FSM-3)
# Creating shared register 'prng_refill_no_structs#1:for:state(4)(31:12)#1.sva#2(6)' for variables 'prng_refill_no_structs#1:for:state(4)(31:12)#1.sva#2(6), prng_refill_no_structs#1:for:state(4)(31:12)#1.sva#2.dfm(6), prng_refill_no_structs#2:for:state(4)(31:12)#1.sva#2(6), prng_refill_no_structs#2:for:state(4)(31:12)#1.sva#2.dfm(6), prng_refill_no_structs#3:for:state(4)(31:12)#1.sva#2(6), prng_refill_no_structs#3:for:state(4)(31:12)#1.sva#2.dfm(6), prng_refill_no_structs:for:state(4)(31:12)#1.sva#2(6), prng_refill_no_structs:for:state(4)(31:12)#1.sva#2.dfm(6)' (7 registers deleted). (FSM-3)
# Creating shared register 'prng_refill_no_structs#1:for:state(4)(31:12)#1.sva#2(7)' for variables 'prng_refill_no_structs#1:for:state(4)(31:12)#1.sva#2(7), prng_refill_no_structs#1:for:state(4)(31:12)#1.sva#2.dfm(7), prng_refill_no_structs#2:for:state(4)(31:12)#1.sva#2(7), prng_refill_no_structs#2:for:state(4)(31:12)#1.sva#2.dfm(7), prng_refill_no_structs#3:for:state(4)(31:12)#1.sva#2(7), prng_refill_no_structs#3:for:state(4)(31:12)#1.sva#2.dfm(7), prng_refill_no_structs:for:state(4)(31:12)#1.sva#2(7), prng_refill_no_structs:for:state(4)(31:12)#1.sva#2.dfm(7)' (7 registers deleted). (FSM-3)
# Creating shared register 'prng_refill_no_structs#1:for:state(4)(31:12)#1.sva#2(8)' for variables 'prng_refill_no_structs#1:for:state(4)(31:12)#1.sva#2(8), prng_refill_no_structs#1:for:state(4)(31:12)#1.sva#2.dfm(8), prng_refill_no_structs#2:for:state(4)(31:12)#1.sva#2(8), prng_refill_no_structs#2:for:state(4)(31:12)#1.sva#2.dfm(8), prng_refill_no_structs#3:for:state(4)(31:12)#1.sva#2(8), prng_refill_no_structs#3:for:state(4)(31:12)#1.sva#2.dfm(8), prng_refill_no_structs:for:state(4)(31:12)#1.sva#2(8), prng_refill_no_structs:for:state(4)(31:12)#1.sva#2.dfm(8)' (7 registers deleted). (FSM-3)
# Creating shared register 'prng_refill_no_structs#1:for:state(4)(31:12)#1.sva#2(9)' for variables 'prng_refill_no_structs#1:for:state(4)(31:12)#1.sva#2(9), prng_refill_no_structs#1:for:state(4)(31:12)#1.sva#2.dfm(9), prng_refill_no_structs#2:for:state(4)(31:12)#1.sva#2(9), prng_refill_no_structs#2:for:state(4)(31:12)#1.sva#2.dfm(9), prng_refill_no_structs#3:for:state(4)(31:12)#1.sva#2(9), prng_refill_no_structs#3:for:state(4)(31:12)#1.sva#2.dfm(9), prng_refill_no_structs:for:state(4)(31:12)#1.sva#2(9), prng_refill_no_structs:for:state(4)(31:12)#1.sva#2.dfm(9)' (7 registers deleted). (FSM-3)
# Creating shared register 'prng_refill_no_structs#1:for:state(5)(11:8)#1.sva#2(0)' for variables 'prng_refill_no_structs#1:for:state(5)(11:8)#1.sva#2(0), prng_refill_no_structs#1:for:state(5)(11:8)#1.sva#2.dfm(0), prng_refill_no_structs#2:for:state(5)(11:8)#1.sva#2(0), prng_refill_no_structs#2:for:state(5)(11:8)#1.sva#2.dfm(0), prng_refill_no_structs#3:for:state(5)(11:8)#1.sva#2(0), prng_refill_no_structs#3:for:state(5)(11:8)#1.sva#2.dfm(0), prng_refill_no_structs:for:state(5)(11:8)#1.sva#2(0), prng_refill_no_structs:for:state(5)(11:8)#1.sva#2.dfm(0)' (7 registers deleted). (FSM-3)
# Creating shared register 'prng_refill_no_structs#1:for:state(5)(11:8)#1.sva#2(1)' for variables 'prng_refill_no_structs#1:for:state(5)(11:8)#1.sva#2(1), prng_refill_no_structs#1:for:state(5)(11:8)#1.sva#2.dfm(1), prng_refill_no_structs#2:for:state(5)(11:8)#1.sva#2(1), prng_refill_no_structs#2:for:state(5)(11:8)#1.sva#2.dfm(1), prng_refill_no_structs#3:for:state(5)(11:8)#1.sva#2(1), prng_refill_no_structs#3:for:state(5)(11:8)#1.sva#2.dfm(1), prng_refill_no_structs:for:state(5)(11:8)#1.sva#2(1), prng_refill_no_structs:for:state(5)(11:8)#1.sva#2.dfm(1)' (7 registers deleted). (FSM-3)
# Creating shared register 'prng_refill_no_structs#1:for:state(5)(11:8)#1.sva#2(2)' for variables 'prng_refill_no_structs#1:for:state(5)(11:8)#1.sva#2(2), prng_refill_no_structs#1:for:state(5)(11:8)#1.sva#2.dfm(2), prng_refill_no_structs#2:for:state(5)(11:8)#1.sva#2(2), prng_refill_no_structs#2:for:state(5)(11:8)#1.sva#2.dfm(2), prng_refill_no_structs#3:for:state(5)(11:8)#1.sva#2(2), prng_refill_no_structs#3:for:state(5)(11:8)#1.sva#2.dfm(2), prng_refill_no_structs:for:state(5)(11:8)#1.sva#2(2), prng_refill_no_structs:for:state(5)(11:8)#1.sva#2.dfm(2)' (7 registers deleted). (FSM-3)
# Creating shared register 'prng_refill_no_structs#1:for:state(5)(11:8)#1.sva#2(3)' for variables 'prng_refill_no_structs#1:for:state(5)(11:8)#1.sva#2(3), prng_refill_no_structs#1:for:state(5)(11:8)#1.sva#2.dfm(3), prng_refill_no_structs#2:for:state(5)(11:8)#1.sva#2(3), prng_refill_no_structs#2:for:state(5)(11:8)#1.sva#2.dfm(3), prng_refill_no_structs#3:for:state(5)(11:8)#1.sva#2(3), prng_refill_no_structs#3:for:state(5)(11:8)#1.sva#2.dfm(3), prng_refill_no_structs:for:state(5)(11:8)#1.sva#2(3), prng_refill_no_structs:for:state(5)(11:8)#1.sva#2.dfm(3)' (7 registers deleted). (FSM-3)
# Creating shared register 'prng_refill_no_structs#1:for:state(5)(15:12)#1.sva#2(0)' for variables 'prng_refill_no_structs#1:for:state(5)(15:12)#1.sva#2(0), prng_refill_no_structs#1:for:state(5)(15:12)#1.sva#2.dfm(0), prng_refill_no_structs#2:for:state(5)(15:12)#1.sva#2(0), prng_refill_no_structs#2:for:state(5)(15:12)#1.sva#2.dfm(0), prng_refill_no_structs#3:for:state(5)(15:12)#1.sva#2(0), prng_refill_no_structs#3:for:state(5)(15:12)#1.sva#2.dfm(0), prng_refill_no_structs:for:state(5)(15:12)#1.sva#2(0), prng_refill_no_structs:for:state(5)(15:12)#1.sva#2.dfm(0)' (7 registers deleted). (FSM-3)
# Creating shared register 'prng_refill_no_structs#1:for:state(5)(15:12)#1.sva#2(1)' for variables 'prng_refill_no_structs#1:for:state(5)(15:12)#1.sva#2(1), prng_refill_no_structs#1:for:state(5)(15:12)#1.sva#2.dfm(1), prng_refill_no_structs#2:for:state(5)(15:12)#1.sva#2(1), prng_refill_no_structs#2:for:state(5)(15:12)#1.sva#2.dfm(1), prng_refill_no_structs#3:for:state(5)(15:12)#1.sva#2(1), prng_refill_no_structs#3:for:state(5)(15:12)#1.sva#2.dfm(1), prng_refill_no_structs:for:state(5)(15:12)#1.sva#2(1), prng_refill_no_structs:for:state(5)(15:12)#1.sva#2.dfm(1)' (7 registers deleted). (FSM-3)
# Creating shared register 'prng_refill_no_structs#1:for:state(5)(15:12)#1.sva#2(2)' for variables 'prng_refill_no_structs#1:for:state(5)(15:12)#1.sva#2(2), prng_refill_no_structs#1:for:state(5)(15:12)#1.sva#2.dfm(2), prng_refill_no_structs#2:for:state(5)(15:12)#1.sva#2(2), prng_refill_no_structs#2:for:state(5)(15:12)#1.sva#2.dfm(2), prng_refill_no_structs#3:for:state(5)(15:12)#1.sva#2(2), prng_refill_no_structs#3:for:state(5)(15:12)#1.sva#2.dfm(2), prng_refill_no_structs:for:state(5)(15:12)#1.sva#2(2), prng_refill_no_structs:for:state(5)(15:12)#1.sva#2.dfm(2)' (7 registers deleted). (FSM-3)
# Creating shared register 'prng_refill_no_structs#1:for:state(5)(15:12)#1.sva#2(3)' for variables 'prng_refill_no_structs#1:for:state(5)(15:12)#1.sva#2(3), prng_refill_no_structs#1:for:state(5)(15:12)#1.sva#2.dfm(3), prng_refill_no_structs#2:for:state(5)(15:12)#1.sva#2(3), prng_refill_no_structs#2:for:state(5)(15:12)#1.sva#2.dfm(3), prng_refill_no_structs#3:for:state(5)(15:12)#1.sva#2(3), prng_refill_no_structs#3:for:state(5)(15:12)#1.sva#2.dfm(3), prng_refill_no_structs:for:state(5)(15:12)#1.sva#2(3), prng_refill_no_structs:for:state(5)(15:12)#1.sva#2.dfm(3)' (7 registers deleted). (FSM-3)
# Creating shared register 'prng_refill_no_structs#1:for:state(5)(19:16)#1.sva#2(0)' for variables 'prng_refill_no_structs#1:for:state(5)(19:16)#1.sva#2(0), prng_refill_no_structs#1:for:state(5)(19:16)#1.sva#2.dfm(0), prng_refill_no_structs#2:for:state(5)(19:16)#1.sva#2(0), prng_refill_no_structs#2:for:state(5)(19:16)#1.sva#2.dfm(0), prng_refill_no_structs#3:for:state(5)(19:16)#1.sva#2(0), prng_refill_no_structs#3:for:state(5)(19:16)#1.sva#2.dfm(0), prng_refill_no_structs:for:state(5)(19:16)#1.sva#2(0), prng_refill_no_structs:for:state(5)(19:16)#1.sva#2.dfm(0)' (7 registers deleted). (FSM-3)
# Creating shared register 'prng_refill_no_structs#1:for:state(5)(19:16)#1.sva#2(1)' for variables 'prng_refill_no_structs#1:for:state(5)(19:16)#1.sva#2(1), prng_refill_no_structs#1:for:state(5)(19:16)#1.sva#2.dfm(1), prng_refill_no_structs#2:for:state(5)(19:16)#1.sva#2(1), prng_refill_no_structs#2:for:state(5)(19:16)#1.sva#2.dfm(1), prng_refill_no_structs#3:for:state(5)(19:16)#1.sva#2(1), prng_refill_no_structs#3:for:state(5)(19:16)#1.sva#2.dfm(1), prng_refill_no_structs:for:state(5)(19:16)#1.sva#2(1), prng_refill_no_structs:for:state(5)(19:16)#1.sva#2.dfm(1)' (7 registers deleted). (FSM-3)
# Creating shared register 'prng_refill_no_structs#1:for:state(5)(19:16)#1.sva#2(2)' for variables 'prng_refill_no_structs#1:for:state(5)(19:16)#1.sva#2(2), prng_refill_no_structs#1:for:state(5)(19:16)#1.sva#2.dfm(2), prng_refill_no_structs#2:for:state(5)(19:16)#1.sva#2(2), prng_refill_no_structs#2:for:state(5)(19:16)#1.sva#2.dfm(2), prng_refill_no_structs#3:for:state(5)(19:16)#1.sva#2(2), prng_refill_no_structs#3:for:state(5)(19:16)#1.sva#2.dfm(2), prng_refill_no_structs:for:state(5)(19:16)#1.sva#2(2), prng_refill_no_structs:for:state(5)(19:16)#1.sva#2.dfm(2)' (7 registers deleted). (FSM-3)
# Creating shared register 'prng_refill_no_structs#1:for:state(5)(19:16)#1.sva#2(3)' for variables 'prng_refill_no_structs#1:for:state(5)(19:16)#1.sva#2(3), prng_refill_no_structs#1:for:state(5)(19:16)#1.sva#2.dfm(3), prng_refill_no_structs#2:for:state(5)(19:16)#1.sva#2(3), prng_refill_no_structs#2:for:state(5)(19:16)#1.sva#2.dfm(3), prng_refill_no_structs#3:for:state(5)(19:16)#1.sva#2(3), prng_refill_no_structs#3:for:state(5)(19:16)#1.sva#2.dfm(3), prng_refill_no_structs:for:state(5)(19:16)#1.sva#2(3), prng_refill_no_structs:for:state(5)(19:16)#1.sva#2.dfm(3)' (7 registers deleted). (FSM-3)
# Creating shared register 'prng_refill_no_structs#1:for:state(5)(23:20)#1.sva#2(0)' for variables 'prng_refill_no_structs#1:for:state(5)(23:20)#1.sva#2(0), prng_refill_no_structs#1:for:state(5)(23:20)#1.sva#2.dfm(0), prng_refill_no_structs#2:for:state(5)(23:20)#1.sva#2(0), prng_refill_no_structs#2:for:state(5)(23:20)#1.sva#2.dfm(0), prng_refill_no_structs#3:for:state(5)(23:20)#1.sva#2(0), prng_refill_no_structs#3:for:state(5)(23:20)#1.sva#2.dfm(0), prng_refill_no_structs:for:state(5)(23:20)#1.sva#2(0), prng_refill_no_structs:for:state(5)(23:20)#1.sva#2.dfm(0)' (7 registers deleted). (FSM-3)
# Creating shared register 'prng_refill_no_structs#1:for:state(5)(23:20)#1.sva#2(1)' for variables 'prng_refill_no_structs#1:for:state(5)(23:20)#1.sva#2(1), prng_refill_no_structs#1:for:state(5)(23:20)#1.sva#2.dfm(1), prng_refill_no_structs#2:for:state(5)(23:20)#1.sva#2(1), prng_refill_no_structs#2:for:state(5)(23:20)#1.sva#2.dfm(1), prng_refill_no_structs#3:for:state(5)(23:20)#1.sva#2(1), prng_refill_no_structs#3:for:state(5)(23:20)#1.sva#2.dfm(1), prng_refill_no_structs:for:state(5)(23:20)#1.sva#2(1), prng_refill_no_structs:for:state(5)(23:20)#1.sva#2.dfm(1)' (7 registers deleted). (FSM-3)
# Creating shared register 'prng_refill_no_structs#1:for:state(5)(23:20)#1.sva#2(2)' for variables 'prng_refill_no_structs#1:for:state(5)(23:20)#1.sva#2(2), prng_refill_no_structs#1:for:state(5)(23:20)#1.sva#2.dfm(2), prng_refill_no_structs#2:for:state(5)(23:20)#1.sva#2(2), prng_refill_no_structs#2:for:state(5)(23:20)#1.sva#2.dfm(2), prng_refill_no_structs#3:for:state(5)(23:20)#1.sva#2(2), prng_refill_no_structs#3:for:state(5)(23:20)#1.sva#2.dfm(2), prng_refill_no_structs:for:state(5)(23:20)#1.sva#2(2), prng_refill_no_structs:for:state(5)(23:20)#1.sva#2.dfm(2)' (7 registers deleted). (FSM-3)
# Creating shared register 'prng_refill_no_structs#1:for:state(5)(23:20)#1.sva#2(3)' for variables 'prng_refill_no_structs#1:for:state(5)(23:20)#1.sva#2(3), prng_refill_no_structs#1:for:state(5)(23:20)#1.sva#2.dfm(3), prng_refill_no_structs#2:for:state(5)(23:20)#1.sva#2(3), prng_refill_no_structs#2:for:state(5)(23:20)#1.sva#2.dfm(3), prng_refill_no_structs#3:for:state(5)(23:20)#1.sva#2(3), prng_refill_no_structs#3:for:state(5)(23:20)#1.sva#2.dfm(3), prng_refill_no_structs:for:state(5)(23:20)#1.sva#2(3), prng_refill_no_structs:for:state(5)(23:20)#1.sva#2.dfm(3)' (7 registers deleted). (FSM-3)
# Creating shared register 'prng_refill_no_structs#1:for:state(5)(27:24)#1.sva#2(0)' for variables 'prng_refill_no_structs#1:for:state(5)(27:24)#1.sva#2(0), prng_refill_no_structs#1:for:state(5)(27:24)#1.sva#2.dfm(0), prng_refill_no_structs#2:for:state(5)(27:24)#1.sva#2(0), prng_refill_no_structs#2:for:state(5)(27:24)#1.sva#2.dfm(0), prng_refill_no_structs#3:for:state(5)(27:24)#1.sva#2(0), prng_refill_no_structs#3:for:state(5)(27:24)#1.sva#2.dfm(0), prng_refill_no_structs:for:state(5)(27:24)#1.sva#2(0), prng_refill_no_structs:for:state(5)(27:24)#1.sva#2.dfm(0)' (7 registers deleted). (FSM-3)
# Creating shared register 'prng_refill_no_structs#1:for:state(5)(27:24)#1.sva#2(1)' for variables 'prng_refill_no_structs#1:for:state(5)(27:24)#1.sva#2(1), prng_refill_no_structs#1:for:state(5)(27:24)#1.sva#2.dfm(1), prng_refill_no_structs#2:for:state(5)(27:24)#1.sva#2(1), prng_refill_no_structs#2:for:state(5)(27:24)#1.sva#2.dfm(1), prng_refill_no_structs#3:for:state(5)(27:24)#1.sva#2(1), prng_refill_no_structs#3:for:state(5)(27:24)#1.sva#2.dfm(1), prng_refill_no_structs:for:state(5)(27:24)#1.sva#2(1), prng_refill_no_structs:for:state(5)(27:24)#1.sva#2.dfm(1)' (7 registers deleted). (FSM-3)
# Creating shared register 'prng_refill_no_structs#1:for:state(5)(27:24)#1.sva#2(2)' for variables 'prng_refill_no_structs#1:for:state(5)(27:24)#1.sva#2(2), prng_refill_no_structs#1:for:state(5)(27:24)#1.sva#2.dfm(2), prng_refill_no_structs#2:for:state(5)(27:24)#1.sva#2(2), prng_refill_no_structs#2:for:state(5)(27:24)#1.sva#2.dfm(2), prng_refill_no_structs#3:for:state(5)(27:24)#1.sva#2(2), prng_refill_no_structs#3:for:state(5)(27:24)#1.sva#2.dfm(2), prng_refill_no_structs:for:state(5)(27:24)#1.sva#2(2), prng_refill_no_structs:for:state(5)(27:24)#1.sva#2.dfm(2)' (7 registers deleted). (FSM-3)
# Creating shared register 'prng_refill_no_structs#1:for:state(5)(27:24)#1.sva#2(3)' for variables 'prng_refill_no_structs#1:for:state(5)(27:24)#1.sva#2(3), prng_refill_no_structs#1:for:state(5)(27:24)#1.sva#2.dfm(3), prng_refill_no_structs#2:for:state(5)(27:24)#1.sva#2(3), prng_refill_no_structs#2:for:state(5)(27:24)#1.sva#2.dfm(3), prng_refill_no_structs#3:for:state(5)(27:24)#1.sva#2(3), prng_refill_no_structs#3:for:state(5)(27:24)#1.sva#2.dfm(3), prng_refill_no_structs:for:state(5)(27:24)#1.sva#2(3), prng_refill_no_structs:for:state(5)(27:24)#1.sva#2.dfm(3)' (7 registers deleted). (FSM-3)
# Creating shared register 'prng_refill_no_structs#1:for:state(5)(31:28)#1.sva#2(0)' for variables 'prng_refill_no_structs#1:for:state(5)(31:28)#1.sva#2(0), prng_refill_no_structs#1:for:state(5)(31:28)#1.sva#2.dfm(0), prng_refill_no_structs#2:for:state(5)(31:28)#1.sva#2(0), prng_refill_no_structs#2:for:state(5)(31:28)#1.sva#2.dfm(0), prng_refill_no_structs#3:for:state(5)(31:28)#1.sva#2(0), prng_refill_no_structs#3:for:state(5)(31:28)#1.sva#2.dfm(0), prng_refill_no_structs:for:state(5)(31:28)#1.sva#2(0), prng_refill_no_structs:for:state(5)(31:28)#1.sva#2.dfm(0)' (7 registers deleted). (FSM-3)
# Creating shared register 'prng_refill_no_structs#1:for:state(5)(31:28)#1.sva#2(1)' for variables 'prng_refill_no_structs#1:for:state(5)(31:28)#1.sva#2(1), prng_refill_no_structs#1:for:state(5)(31:28)#1.sva#2.dfm(1), prng_refill_no_structs#2:for:state(5)(31:28)#1.sva#2(1), prng_refill_no_structs#2:for:state(5)(31:28)#1.sva#2.dfm(1), prng_refill_no_structs#3:for:state(5)(31:28)#1.sva#2(1), prng_refill_no_structs#3:for:state(5)(31:28)#1.sva#2.dfm(1), prng_refill_no_structs:for:state(5)(31:28)#1.sva#2(1), prng_refill_no_structs:for:state(5)(31:28)#1.sva#2.dfm(1)' (7 registers deleted). (FSM-3)
# Creating shared register 'prng_refill_no_structs#1:for:state(5)(31:28)#1.sva#2(2)' for variables 'prng_refill_no_structs#1:for:state(5)(31:28)#1.sva#2(2), prng_refill_no_structs#1:for:state(5)(31:28)#1.sva#2.dfm(2), prng_refill_no_structs#2:for:state(5)(31:28)#1.sva#2(2), prng_refill_no_structs#2:for:state(5)(31:28)#1.sva#2.dfm(2), prng_refill_no_structs#3:for:state(5)(31:28)#1.sva#2(2), prng_refill_no_structs#3:for:state(5)(31:28)#1.sva#2.dfm(2), prng_refill_no_structs:for:state(5)(31:28)#1.sva#2(2), prng_refill_no_structs:for:state(5)(31:28)#1.sva#2.dfm(2)' (7 registers deleted). (FSM-3)
# Creating shared register 'prng_refill_no_structs#1:for:state(5)(31:28)#1.sva#2(3)' for variables 'prng_refill_no_structs#1:for:state(5)(31:28)#1.sva#2(3), prng_refill_no_structs#1:for:state(5)(31:28)#1.sva#2.dfm(3), prng_refill_no_structs#2:for:state(5)(31:28)#1.sva#2(3), prng_refill_no_structs#2:for:state(5)(31:28)#1.sva#2.dfm(3), prng_refill_no_structs#3:for:state(5)(31:28)#1.sva#2(3), prng_refill_no_structs#3:for:state(5)(31:28)#1.sva#2.dfm(3), prng_refill_no_structs:for:state(5)(31:28)#1.sva#2(3), prng_refill_no_structs:for:state(5)(31:28)#1.sva#2.dfm(3)' (7 registers deleted). (FSM-3)
# Creating shared register 'prng_refill_no_structs#1:for:state(5)(3:0)#1.sva#2(0)' for variables 'prng_refill_no_structs#1:for:state(5)(3:0)#1.sva#2(0), prng_refill_no_structs#1:for:state(5)(3:0)#1.sva#2.dfm(0), prng_refill_no_structs#2:for:state(5)(3:0)#1.sva#2(0), prng_refill_no_structs#2:for:state(5)(3:0)#1.sva#2.dfm(0), prng_refill_no_structs#3:for:state(5)(3:0)#1.sva#2(0), prng_refill_no_structs#3:for:state(5)(3:0)#1.sva#2.dfm(0), prng_refill_no_structs:for:state(5)(3:0)#1.sva#2(0), prng_refill_no_structs:for:state(5)(3:0)#1.sva#2.dfm(0)' (7 registers deleted). (FSM-3)
# Creating shared register 'prng_refill_no_structs#1:for:state(5)(3:0)#1.sva#2(1)' for variables 'prng_refill_no_structs#1:for:state(5)(3:0)#1.sva#2(1), prng_refill_no_structs#1:for:state(5)(3:0)#1.sva#2.dfm(1), prng_refill_no_structs#2:for:state(5)(3:0)#1.sva#2(1), prng_refill_no_structs#2:for:state(5)(3:0)#1.sva#2.dfm(1), prng_refill_no_structs#3:for:state(5)(3:0)#1.sva#2(1), prng_refill_no_structs#3:for:state(5)(3:0)#1.sva#2.dfm(1), prng_refill_no_structs:for:state(5)(3:0)#1.sva#2(1), prng_refill_no_structs:for:state(5)(3:0)#1.sva#2.dfm(1)' (7 registers deleted). (FSM-3)
# Creating shared register 'prng_refill_no_structs#1:for:state(5)(3:0)#1.sva#2(2)' for variables 'prng_refill_no_structs#1:for:state(5)(3:0)#1.sva#2(2), prng_refill_no_structs#1:for:state(5)(3:0)#1.sva#2.dfm(2), prng_refill_no_structs#2:for:state(5)(3:0)#1.sva#2(2), prng_refill_no_structs#2:for:state(5)(3:0)#1.sva#2.dfm(2), prng_refill_no_structs#3:for:state(5)(3:0)#1.sva#2(2), prng_refill_no_structs#3:for:state(5)(3:0)#1.sva#2.dfm(2), prng_refill_no_structs:for:state(5)(3:0)#1.sva#2(2), prng_refill_no_structs:for:state(5)(3:0)#1.sva#2.dfm(2)' (7 registers deleted). (FSM-3)
# Creating shared register 'prng_refill_no_structs#1:for:state(5)(3:0)#1.sva#2(3)' for variables 'prng_refill_no_structs#1:for:state(5)(3:0)#1.sva#2(3), prng_refill_no_structs#1:for:state(5)(3:0)#1.sva#2.dfm(3), prng_refill_no_structs#2:for:state(5)(3:0)#1.sva#2(3), prng_refill_no_structs#2:for:state(5)(3:0)#1.sva#2.dfm(3), prng_refill_no_structs#3:for:state(5)(3:0)#1.sva#2(3), prng_refill_no_structs#3:for:state(5)(3:0)#1.sva#2.dfm(3), prng_refill_no_structs:for:state(5)(3:0)#1.sva#2(3), prng_refill_no_structs:for:state(5)(3:0)#1.sva#2.dfm(3)' (7 registers deleted). (FSM-3)
# Creating shared register 'prng_refill_no_structs#1:for:state(5)(7:4)#1.sva#2(0)' for variables 'prng_refill_no_structs#1:for:state(5)(7:4)#1.sva#2(0), prng_refill_no_structs#1:for:state(5)(7:4)#1.sva#2.dfm(0), prng_refill_no_structs#2:for:state(5)(7:4)#1.sva#2(0), prng_refill_no_structs#2:for:state(5)(7:4)#1.sva#2.dfm(0), prng_refill_no_structs#3:for:state(5)(7:4)#1.sva#2(0), prng_refill_no_structs#3:for:state(5)(7:4)#1.sva#2.dfm(0), prng_refill_no_structs:for:state(5)(7:4)#1.sva#2(0), prng_refill_no_structs:for:state(5)(7:4)#1.sva#2.dfm(0)' (7 registers deleted). (FSM-3)
# Creating shared register 'prng_refill_no_structs#1:for:state(5)(7:4)#1.sva#2(1)' for variables 'prng_refill_no_structs#1:for:state(5)(7:4)#1.sva#2(1), prng_refill_no_structs#1:for:state(5)(7:4)#1.sva#2.dfm(1), prng_refill_no_structs#2:for:state(5)(7:4)#1.sva#2(1), prng_refill_no_structs#2:for:state(5)(7:4)#1.sva#2.dfm(1), prng_refill_no_structs#3:for:state(5)(7:4)#1.sva#2(1), prng_refill_no_structs#3:for:state(5)(7:4)#1.sva#2.dfm(1), prng_refill_no_structs:for:state(5)(7:4)#1.sva#2(1), prng_refill_no_structs:for:state(5)(7:4)#1.sva#2.dfm(1)' (7 registers deleted). (FSM-3)
# Creating shared register 'prng_refill_no_structs#1:for:state(5)(7:4)#1.sva#2(2)' for variables 'prng_refill_no_structs#1:for:state(5)(7:4)#1.sva#2(2), prng_refill_no_structs#1:for:state(5)(7:4)#1.sva#2.dfm(2), prng_refill_no_structs#2:for:state(5)(7:4)#1.sva#2(2), prng_refill_no_structs#2:for:state(5)(7:4)#1.sva#2.dfm(2), prng_refill_no_structs#3:for:state(5)(7:4)#1.sva#2(2), prng_refill_no_structs#3:for:state(5)(7:4)#1.sva#2.dfm(2), prng_refill_no_structs:for:state(5)(7:4)#1.sva#2(2), prng_refill_no_structs:for:state(5)(7:4)#1.sva#2.dfm(2)' (7 registers deleted). (FSM-3)
# Creating shared register 'prng_refill_no_structs#1:for:state(5)(7:4)#1.sva#2(3)' for variables 'prng_refill_no_structs#1:for:state(5)(7:4)#1.sva#2(3), prng_refill_no_structs#1:for:state(5)(7:4)#1.sva#2.dfm(3), prng_refill_no_structs#2:for:state(5)(7:4)#1.sva#2(3), prng_refill_no_structs#2:for:state(5)(7:4)#1.sva#2.dfm(3), prng_refill_no_structs#3:for:state(5)(7:4)#1.sva#2(3), prng_refill_no_structs#3:for:state(5)(7:4)#1.sva#2.dfm(3), prng_refill_no_structs:for:state(5)(7:4)#1.sva#2(3), prng_refill_no_structs:for:state(5)(7:4)#1.sva#2.dfm(3)' (7 registers deleted). (FSM-3)
# Creating shared register 'prng_refill_no_structs#1:for:state(6)(11:8)#1.sva#2(0)' for variables 'prng_refill_no_structs#1:for:state(6)(11:8)#1.sva#2(0), prng_refill_no_structs#1:for:state(6)(11:8)#1.sva#2.dfm(0), prng_refill_no_structs#2:for:state(6)(11:8)#1.sva#2(0), prng_refill_no_structs#2:for:state(6)(11:8)#1.sva#2.dfm(0), prng_refill_no_structs#3:for:state(6)(11:8)#1.sva#2(0), prng_refill_no_structs#3:for:state(6)(11:8)#1.sva#2.dfm(0), prng_refill_no_structs:for:state(6)(11:8)#1.sva#2(0), prng_refill_no_structs:for:state(6)(11:8)#1.sva#2.dfm(0)' (7 registers deleted). (FSM-3)
# Creating shared register 'prng_refill_no_structs#1:for:state(6)(11:8)#1.sva#2(1)' for variables 'prng_refill_no_structs#1:for:state(6)(11:8)#1.sva#2(1), prng_refill_no_structs#1:for:state(6)(11:8)#1.sva#2.dfm(1), prng_refill_no_structs#2:for:state(6)(11:8)#1.sva#2(1), prng_refill_no_structs#2:for:state(6)(11:8)#1.sva#2.dfm(1), prng_refill_no_structs#3:for:state(6)(11:8)#1.sva#2(1), prng_refill_no_structs#3:for:state(6)(11:8)#1.sva#2.dfm(1), prng_refill_no_structs:for:state(6)(11:8)#1.sva#2(1), prng_refill_no_structs:for:state(6)(11:8)#1.sva#2.dfm(1)' (7 registers deleted). (FSM-3)
# Creating shared register 'prng_refill_no_structs#1:for:state(6)(11:8)#1.sva#2(2)' for variables 'prng_refill_no_structs#1:for:state(6)(11:8)#1.sva#2(2), prng_refill_no_structs#1:for:state(6)(11:8)#1.sva#2.dfm(2), prng_refill_no_structs#2:for:state(6)(11:8)#1.sva#2(2), prng_refill_no_structs#2:for:state(6)(11:8)#1.sva#2.dfm(2), prng_refill_no_structs#3:for:state(6)(11:8)#1.sva#2(2), prng_refill_no_structs#3:for:state(6)(11:8)#1.sva#2.dfm(2), prng_refill_no_structs:for:state(6)(11:8)#1.sva#2(2), prng_refill_no_structs:for:state(6)(11:8)#1.sva#2.dfm(2)' (7 registers deleted). (FSM-3)
# Creating shared register 'prng_refill_no_structs#1:for:state(6)(11:8)#1.sva#2(3)' for variables 'prng_refill_no_structs#1:for:state(6)(11:8)#1.sva#2(3), prng_refill_no_structs#1:for:state(6)(11:8)#1.sva#2.dfm(3), prng_refill_no_structs#2:for:state(6)(11:8)#1.sva#2(3), prng_refill_no_structs#2:for:state(6)(11:8)#1.sva#2.dfm(3), prng_refill_no_structs#3:for:state(6)(11:8)#1.sva#2(3), prng_refill_no_structs#3:for:state(6)(11:8)#1.sva#2.dfm(3), prng_refill_no_structs:for:state(6)(11:8)#1.sva#2(3), prng_refill_no_structs:for:state(6)(11:8)#1.sva#2.dfm(3)' (7 registers deleted). (FSM-3)
# Creating shared register 'prng_refill_no_structs#1:for:state(6)(15:12)#1.sva#2(0)' for variables 'prng_refill_no_structs#1:for:state(6)(15:12)#1.sva#2(0), prng_refill_no_structs#1:for:state(6)(15:12)#1.sva#2.dfm(0), prng_refill_no_structs#2:for:state(6)(15:12)#1.sva#2(0), prng_refill_no_structs#2:for:state(6)(15:12)#1.sva#2.dfm(0), prng_refill_no_structs#3:for:state(6)(15:12)#1.sva#2(0), prng_refill_no_structs#3:for:state(6)(15:12)#1.sva#2.dfm(0), prng_refill_no_structs:for:state(6)(15:12)#1.sva#2(0), prng_refill_no_structs:for:state(6)(15:12)#1.sva#2.dfm(0)' (7 registers deleted). (FSM-3)
# Creating shared register 'prng_refill_no_structs#1:for:state(6)(15:12)#1.sva#2(1)' for variables 'prng_refill_no_structs#1:for:state(6)(15:12)#1.sva#2(1), prng_refill_no_structs#1:for:state(6)(15:12)#1.sva#2.dfm(1), prng_refill_no_structs#2:for:state(6)(15:12)#1.sva#2(1), prng_refill_no_structs#2:for:state(6)(15:12)#1.sva#2.dfm(1), prng_refill_no_structs#3:for:state(6)(15:12)#1.sva#2(1), prng_refill_no_structs#3:for:state(6)(15:12)#1.sva#2.dfm(1), prng_refill_no_structs:for:state(6)(15:12)#1.sva#2(1), prng_refill_no_structs:for:state(6)(15:12)#1.sva#2.dfm(1)' (7 registers deleted). (FSM-3)
# Creating shared register 'prng_refill_no_structs#1:for:state(6)(15:12)#1.sva#2(2)' for variables 'prng_refill_no_structs#1:for:state(6)(15:12)#1.sva#2(2), prng_refill_no_structs#1:for:state(6)(15:12)#1.sva#2.dfm(2), prng_refill_no_structs#2:for:state(6)(15:12)#1.sva#2(2), prng_refill_no_structs#2:for:state(6)(15:12)#1.sva#2.dfm(2), prng_refill_no_structs#3:for:state(6)(15:12)#1.sva#2(2), prng_refill_no_structs#3:for:state(6)(15:12)#1.sva#2.dfm(2), prng_refill_no_structs:for:state(6)(15:12)#1.sva#2(2), prng_refill_no_structs:for:state(6)(15:12)#1.sva#2.dfm(2)' (7 registers deleted). (FSM-3)
# Creating shared register 'prng_refill_no_structs#1:for:state(6)(15:12)#1.sva#2(3)' for variables 'prng_refill_no_structs#1:for:state(6)(15:12)#1.sva#2(3), prng_refill_no_structs#1:for:state(6)(15:12)#1.sva#2.dfm(3), prng_refill_no_structs#2:for:state(6)(15:12)#1.sva#2(3), prng_refill_no_structs#2:for:state(6)(15:12)#1.sva#2.dfm(3), prng_refill_no_structs#3:for:state(6)(15:12)#1.sva#2(3), prng_refill_no_structs#3:for:state(6)(15:12)#1.sva#2.dfm(3), prng_refill_no_structs:for:state(6)(15:12)#1.sva#2(3), prng_refill_no_structs:for:state(6)(15:12)#1.sva#2.dfm(3)' (7 registers deleted). (FSM-3)
# Creating shared register 'prng_refill_no_structs#1:for:state(6)(19:16)#1.sva#2(0)' for variables 'prng_refill_no_structs#1:for:state(6)(19:16)#1.sva#2(0), prng_refill_no_structs#1:for:state(6)(19:16)#1.sva#2.dfm(0), prng_refill_no_structs#2:for:state(6)(19:16)#1.sva#2(0), prng_refill_no_structs#2:for:state(6)(19:16)#1.sva#2.dfm(0), prng_refill_no_structs#3:for:state(6)(19:16)#1.sva#2(0), prng_refill_no_structs#3:for:state(6)(19:16)#1.sva#2.dfm(0), prng_refill_no_structs:for:state(6)(19:16)#1.sva#2(0), prng_refill_no_structs:for:state(6)(19:16)#1.sva#2.dfm(0)' (7 registers deleted). (FSM-3)
# Creating shared register 'prng_refill_no_structs#1:for:state(6)(19:16)#1.sva#2(1)' for variables 'prng_refill_no_structs#1:for:state(6)(19:16)#1.sva#2(1), prng_refill_no_structs#1:for:state(6)(19:16)#1.sva#2.dfm(1), prng_refill_no_structs#2:for:state(6)(19:16)#1.sva#2(1), prng_refill_no_structs#2:for:state(6)(19:16)#1.sva#2.dfm(1), prng_refill_no_structs#3:for:state(6)(19:16)#1.sva#2(1), prng_refill_no_structs#3:for:state(6)(19:16)#1.sva#2.dfm(1), prng_refill_no_structs:for:state(6)(19:16)#1.sva#2(1), prng_refill_no_structs:for:state(6)(19:16)#1.sva#2.dfm(1)' (7 registers deleted). (FSM-3)
# Creating shared register 'prng_refill_no_structs#1:for:state(6)(19:16)#1.sva#2(2)' for variables 'prng_refill_no_structs#1:for:state(6)(19:16)#1.sva#2(2), prng_refill_no_structs#1:for:state(6)(19:16)#1.sva#2.dfm(2), prng_refill_no_structs#2:for:state(6)(19:16)#1.sva#2(2), prng_refill_no_structs#2:for:state(6)(19:16)#1.sva#2.dfm(2), prng_refill_no_structs#3:for:state(6)(19:16)#1.sva#2(2), prng_refill_no_structs#3:for:state(6)(19:16)#1.sva#2.dfm(2), prng_refill_no_structs:for:state(6)(19:16)#1.sva#2(2), prng_refill_no_structs:for:state(6)(19:16)#1.sva#2.dfm(2)' (7 registers deleted). (FSM-3)
# Creating shared register 'prng_refill_no_structs#1:for:state(6)(19:16)#1.sva#2(3)' for variables 'prng_refill_no_structs#1:for:state(6)(19:16)#1.sva#2(3), prng_refill_no_structs#1:for:state(6)(19:16)#1.sva#2.dfm(3), prng_refill_no_structs#2:for:state(6)(19:16)#1.sva#2(3), prng_refill_no_structs#2:for:state(6)(19:16)#1.sva#2.dfm(3), prng_refill_no_structs#3:for:state(6)(19:16)#1.sva#2(3), prng_refill_no_structs#3:for:state(6)(19:16)#1.sva#2.dfm(3), prng_refill_no_structs:for:state(6)(19:16)#1.sva#2(3), prng_refill_no_structs:for:state(6)(19:16)#1.sva#2.dfm(3)' (7 registers deleted). (FSM-3)
# Creating shared register 'prng_refill_no_structs#1:for:state(6)(23:20)#1.sva#2(0)' for variables 'prng_refill_no_structs#1:for:state(6)(23:20)#1.sva#2(0), prng_refill_no_structs#1:for:state(6)(23:20)#1.sva#2.dfm(0), prng_refill_no_structs#2:for:state(6)(23:20)#1.sva#2(0), prng_refill_no_structs#2:for:state(6)(23:20)#1.sva#2.dfm(0), prng_refill_no_structs#3:for:state(6)(23:20)#1.sva#2(0), prng_refill_no_structs#3:for:state(6)(23:20)#1.sva#2.dfm(0), prng_refill_no_structs:for:state(6)(23:20)#1.sva#2(0), prng_refill_no_structs:for:state(6)(23:20)#1.sva#2.dfm(0)' (7 registers deleted). (FSM-3)
# Creating shared register 'prng_refill_no_structs#1:for:state(6)(23:20)#1.sva#2(1)' for variables 'prng_refill_no_structs#1:for:state(6)(23:20)#1.sva#2(1), prng_refill_no_structs#1:for:state(6)(23:20)#1.sva#2.dfm(1), prng_refill_no_structs#2:for:state(6)(23:20)#1.sva#2(1), prng_refill_no_structs#2:for:state(6)(23:20)#1.sva#2.dfm(1), prng_refill_no_structs#3:for:state(6)(23:20)#1.sva#2(1), prng_refill_no_structs#3:for:state(6)(23:20)#1.sva#2.dfm(1), prng_refill_no_structs:for:state(6)(23:20)#1.sva#2(1), prng_refill_no_structs:for:state(6)(23:20)#1.sva#2.dfm(1)' (7 registers deleted). (FSM-3)
# Creating shared register 'prng_refill_no_structs#1:for:state(6)(23:20)#1.sva#2(2)' for variables 'prng_refill_no_structs#1:for:state(6)(23:20)#1.sva#2(2), prng_refill_no_structs#1:for:state(6)(23:20)#1.sva#2.dfm(2), prng_refill_no_structs#2:for:state(6)(23:20)#1.sva#2(2), prng_refill_no_structs#2:for:state(6)(23:20)#1.sva#2.dfm(2), prng_refill_no_structs#3:for:state(6)(23:20)#1.sva#2(2), prng_refill_no_structs#3:for:state(6)(23:20)#1.sva#2.dfm(2), prng_refill_no_structs:for:state(6)(23:20)#1.sva#2(2), prng_refill_no_structs:for:state(6)(23:20)#1.sva#2.dfm(2)' (7 registers deleted). (FSM-3)
# Creating shared register 'prng_refill_no_structs#1:for:state(6)(23:20)#1.sva#2(3)' for variables 'prng_refill_no_structs#1:for:state(6)(23:20)#1.sva#2(3), prng_refill_no_structs#1:for:state(6)(23:20)#1.sva#2.dfm(3), prng_refill_no_structs#2:for:state(6)(23:20)#1.sva#2(3), prng_refill_no_structs#2:for:state(6)(23:20)#1.sva#2.dfm(3), prng_refill_no_structs#3:for:state(6)(23:20)#1.sva#2(3), prng_refill_no_structs#3:for:state(6)(23:20)#1.sva#2.dfm(3), prng_refill_no_structs:for:state(6)(23:20)#1.sva#2(3), prng_refill_no_structs:for:state(6)(23:20)#1.sva#2.dfm(3)' (7 registers deleted). (FSM-3)
# Creating shared register 'prng_refill_no_structs#1:for:state(6)(27:24)#1.sva#2(0)' for variables 'prng_refill_no_structs#1:for:state(6)(27:24)#1.sva#2(0), prng_refill_no_structs#1:for:state(6)(27:24)#1.sva#2.dfm(0), prng_refill_no_structs#2:for:state(6)(27:24)#1.sva#2(0), prng_refill_no_structs#2:for:state(6)(27:24)#1.sva#2.dfm(0), prng_refill_no_structs#3:for:state(6)(27:24)#1.sva#2(0), prng_refill_no_structs#3:for:state(6)(27:24)#1.sva#2.dfm(0), prng_refill_no_structs:for:state(6)(27:24)#1.sva#2(0), prng_refill_no_structs:for:state(6)(27:24)#1.sva#2.dfm(0)' (7 registers deleted). (FSM-3)
# Creating shared register 'prng_refill_no_structs#1:for:state(6)(27:24)#1.sva#2(1)' for variables 'prng_refill_no_structs#1:for:state(6)(27:24)#1.sva#2(1), prng_refill_no_structs#1:for:state(6)(27:24)#1.sva#2.dfm(1), prng_refill_no_structs#2:for:state(6)(27:24)#1.sva#2(1), prng_refill_no_structs#2:for:state(6)(27:24)#1.sva#2.dfm(1), prng_refill_no_structs#3:for:state(6)(27:24)#1.sva#2(1), prng_refill_no_structs#3:for:state(6)(27:24)#1.sva#2.dfm(1), prng_refill_no_structs:for:state(6)(27:24)#1.sva#2(1), prng_refill_no_structs:for:state(6)(27:24)#1.sva#2.dfm(1)' (7 registers deleted). (FSM-3)
# Creating shared register 'prng_refill_no_structs#1:for:state(6)(27:24)#1.sva#2(2)' for variables 'prng_refill_no_structs#1:for:state(6)(27:24)#1.sva#2(2), prng_refill_no_structs#1:for:state(6)(27:24)#1.sva#2.dfm(2), prng_refill_no_structs#2:for:state(6)(27:24)#1.sva#2(2), prng_refill_no_structs#2:for:state(6)(27:24)#1.sva#2.dfm(2), prng_refill_no_structs#3:for:state(6)(27:24)#1.sva#2(2), prng_refill_no_structs#3:for:state(6)(27:24)#1.sva#2.dfm(2), prng_refill_no_structs:for:state(6)(27:24)#1.sva#2(2), prng_refill_no_structs:for:state(6)(27:24)#1.sva#2.dfm(2)' (7 registers deleted). (FSM-3)
# Creating shared register 'prng_refill_no_structs#1:for:state(6)(27:24)#1.sva#2(3)' for variables 'prng_refill_no_structs#1:for:state(6)(27:24)#1.sva#2(3), prng_refill_no_structs#1:for:state(6)(27:24)#1.sva#2.dfm(3), prng_refill_no_structs#2:for:state(6)(27:24)#1.sva#2(3), prng_refill_no_structs#2:for:state(6)(27:24)#1.sva#2.dfm(3), prng_refill_no_structs#3:for:state(6)(27:24)#1.sva#2(3), prng_refill_no_structs#3:for:state(6)(27:24)#1.sva#2.dfm(3), prng_refill_no_structs:for:state(6)(27:24)#1.sva#2(3), prng_refill_no_structs:for:state(6)(27:24)#1.sva#2.dfm(3)' (7 registers deleted). (FSM-3)
# Creating shared register 'prng_refill_no_structs#1:for:state(6)(31:28)#1.sva#2(0)' for variables 'prng_refill_no_structs#1:for:state(6)(31:28)#1.sva#2(0), prng_refill_no_structs#1:for:state(6)(31:28)#1.sva#2.dfm(0), prng_refill_no_structs#2:for:state(6)(31:28)#1.sva#2(0), prng_refill_no_structs#2:for:state(6)(31:28)#1.sva#2.dfm(0), prng_refill_no_structs#3:for:state(6)(31:28)#1.sva#2(0), prng_refill_no_structs#3:for:state(6)(31:28)#1.sva#2.dfm(0), prng_refill_no_structs:for:state(6)(31:28)#1.sva#2(0), prng_refill_no_structs:for:state(6)(31:28)#1.sva#2.dfm(0)' (7 registers deleted). (FSM-3)
# Creating shared register 'prng_refill_no_structs#1:for:state(6)(31:28)#1.sva#2(1)' for variables 'prng_refill_no_structs#1:for:state(6)(31:28)#1.sva#2(1), prng_refill_no_structs#1:for:state(6)(31:28)#1.sva#2.dfm(1), prng_refill_no_structs#2:for:state(6)(31:28)#1.sva#2(1), prng_refill_no_structs#2:for:state(6)(31:28)#1.sva#2.dfm(1), prng_refill_no_structs#3:for:state(6)(31:28)#1.sva#2(1), prng_refill_no_structs#3:for:state(6)(31:28)#1.sva#2.dfm(1), prng_refill_no_structs:for:state(6)(31:28)#1.sva#2(1), prng_refill_no_structs:for:state(6)(31:28)#1.sva#2.dfm(1)' (7 registers deleted). (FSM-3)
# Creating shared register 'prng_refill_no_structs#1:for:state(6)(31:28)#1.sva#2(2)' for variables 'prng_refill_no_structs#1:for:state(6)(31:28)#1.sva#2(2), prng_refill_no_structs#1:for:state(6)(31:28)#1.sva#2.dfm(2), prng_refill_no_structs#2:for:state(6)(31:28)#1.sva#2(2), prng_refill_no_structs#2:for:state(6)(31:28)#1.sva#2.dfm(2), prng_refill_no_structs#3:for:state(6)(31:28)#1.sva#2(2), prng_refill_no_structs#3:for:state(6)(31:28)#1.sva#2.dfm(2), prng_refill_no_structs:for:state(6)(31:28)#1.sva#2(2), prng_refill_no_structs:for:state(6)(31:28)#1.sva#2.dfm(2)' (7 registers deleted). (FSM-3)
# Creating shared register 'prng_refill_no_structs#1:for:state(6)(31:28)#1.sva#2(3)' for variables 'prng_refill_no_structs#1:for:state(6)(31:28)#1.sva#2(3), prng_refill_no_structs#1:for:state(6)(31:28)#1.sva#2.dfm(3), prng_refill_no_structs#2:for:state(6)(31:28)#1.sva#2(3), prng_refill_no_structs#2:for:state(6)(31:28)#1.sva#2.dfm(3), prng_refill_no_structs#3:for:state(6)(31:28)#1.sva#2(3), prng_refill_no_structs#3:for:state(6)(31:28)#1.sva#2.dfm(3), prng_refill_no_structs:for:state(6)(31:28)#1.sva#2(3), prng_refill_no_structs:for:state(6)(31:28)#1.sva#2.dfm(3)' (7 registers deleted). (FSM-3)
# Creating shared register 'prng_refill_no_structs#1:for:state(6)(3:0)#1.sva#2(0)' for variables 'prng_refill_no_structs#1:for:state(6)(3:0)#1.sva#2(0), prng_refill_no_structs#1:for:state(6)(3:0)#1.sva#2.dfm(0), prng_refill_no_structs#2:for:state(6)(3:0)#1.sva#2(0), prng_refill_no_structs#2:for:state(6)(3:0)#1.sva#2.dfm(0), prng_refill_no_structs#3:for:state(6)(3:0)#1.sva#2(0), prng_refill_no_structs#3:for:state(6)(3:0)#1.sva#2.dfm(0), prng_refill_no_structs:for:state(6)(3:0)#1.sva#2(0), prng_refill_no_structs:for:state(6)(3:0)#1.sva#2.dfm(0)' (7 registers deleted). (FSM-3)
# Creating shared register 'prng_refill_no_structs#1:for:state(6)(3:0)#1.sva#2(1)' for variables 'prng_refill_no_structs#1:for:state(6)(3:0)#1.sva#2(1), prng_refill_no_structs#1:for:state(6)(3:0)#1.sva#2.dfm(1), prng_refill_no_structs#2:for:state(6)(3:0)#1.sva#2(1), prng_refill_no_structs#2:for:state(6)(3:0)#1.sva#2.dfm(1), prng_refill_no_structs#3:for:state(6)(3:0)#1.sva#2(1), prng_refill_no_structs#3:for:state(6)(3:0)#1.sva#2.dfm(1), prng_refill_no_structs:for:state(6)(3:0)#1.sva#2(1), prng_refill_no_structs:for:state(6)(3:0)#1.sva#2.dfm(1)' (7 registers deleted). (FSM-3)
# Creating shared register 'prng_refill_no_structs#1:for:state(6)(3:0)#1.sva#2(2)' for variables 'prng_refill_no_structs#1:for:state(6)(3:0)#1.sva#2(2), prng_refill_no_structs#1:for:state(6)(3:0)#1.sva#2.dfm(2), prng_refill_no_structs#2:for:state(6)(3:0)#1.sva#2(2), prng_refill_no_structs#2:for:state(6)(3:0)#1.sva#2.dfm(2), prng_refill_no_structs#3:for:state(6)(3:0)#1.sva#2(2), prng_refill_no_structs#3:for:state(6)(3:0)#1.sva#2.dfm(2), prng_refill_no_structs:for:state(6)(3:0)#1.sva#2(2), prng_refill_no_structs:for:state(6)(3:0)#1.sva#2.dfm(2)' (7 registers deleted). (FSM-3)
# Creating shared register 'prng_refill_no_structs#1:for:state(6)(3:0)#1.sva#2(3)' for variables 'prng_refill_no_structs#1:for:state(6)(3:0)#1.sva#2(3), prng_refill_no_structs#1:for:state(6)(3:0)#1.sva#2.dfm(3), prng_refill_no_structs#2:for:state(6)(3:0)#1.sva#2(3), prng_refill_no_structs#2:for:state(6)(3:0)#1.sva#2.dfm(3), prng_refill_no_structs#3:for:state(6)(3:0)#1.sva#2(3), prng_refill_no_structs#3:for:state(6)(3:0)#1.sva#2.dfm(3), prng_refill_no_structs:for:state(6)(3:0)#1.sva#2(3), prng_refill_no_structs:for:state(6)(3:0)#1.sva#2.dfm(3)' (7 registers deleted). (FSM-3)
# Creating shared register 'prng_refill_no_structs#1:for:state(6)(7:4)#1.sva#2(0)' for variables 'prng_refill_no_structs#1:for:state(6)(7:4)#1.sva#2(0), prng_refill_no_structs#1:for:state(6)(7:4)#1.sva#2.dfm(0), prng_refill_no_structs#2:for:state(6)(7:4)#1.sva#2(0), prng_refill_no_structs#2:for:state(6)(7:4)#1.sva#2.dfm(0), prng_refill_no_structs#3:for:state(6)(7:4)#1.sva#2(0), prng_refill_no_structs#3:for:state(6)(7:4)#1.sva#2.dfm(0), prng_refill_no_structs:for:state(6)(7:4)#1.sva#2(0), prng_refill_no_structs:for:state(6)(7:4)#1.sva#2.dfm(0)' (7 registers deleted). (FSM-3)
# Creating shared register 'prng_refill_no_structs#1:for:state(6)(7:4)#1.sva#2(1)' for variables 'prng_refill_no_structs#1:for:state(6)(7:4)#1.sva#2(1), prng_refill_no_structs#1:for:state(6)(7:4)#1.sva#2.dfm(1), prng_refill_no_structs#2:for:state(6)(7:4)#1.sva#2(1), prng_refill_no_structs#2:for:state(6)(7:4)#1.sva#2.dfm(1), prng_refill_no_structs#3:for:state(6)(7:4)#1.sva#2(1), prng_refill_no_structs#3:for:state(6)(7:4)#1.sva#2.dfm(1), prng_refill_no_structs:for:state(6)(7:4)#1.sva#2(1), prng_refill_no_structs:for:state(6)(7:4)#1.sva#2.dfm(1)' (7 registers deleted). (FSM-3)
# Creating shared register 'prng_refill_no_structs#1:for:state(6)(7:4)#1.sva#2(2)' for variables 'prng_refill_no_structs#1:for:state(6)(7:4)#1.sva#2(2), prng_refill_no_structs#1:for:state(6)(7:4)#1.sva#2.dfm(2), prng_refill_no_structs#2:for:state(6)(7:4)#1.sva#2(2), prng_refill_no_structs#2:for:state(6)(7:4)#1.sva#2.dfm(2), prng_refill_no_structs#3:for:state(6)(7:4)#1.sva#2(2), prng_refill_no_structs#3:for:state(6)(7:4)#1.sva#2.dfm(2), prng_refill_no_structs:for:state(6)(7:4)#1.sva#2(2), prng_refill_no_structs:for:state(6)(7:4)#1.sva#2.dfm(2)' (7 registers deleted). (FSM-3)
# Creating shared register 'prng_refill_no_structs#1:for:state(6)(7:4)#1.sva#2(3)' for variables 'prng_refill_no_structs#1:for:state(6)(7:4)#1.sva#2(3), prng_refill_no_structs#1:for:state(6)(7:4)#1.sva#2.dfm(3), prng_refill_no_structs#2:for:state(6)(7:4)#1.sva#2(3), prng_refill_no_structs#2:for:state(6)(7:4)#1.sva#2.dfm(3), prng_refill_no_structs#3:for:state(6)(7:4)#1.sva#2(3), prng_refill_no_structs#3:for:state(6)(7:4)#1.sva#2.dfm(3), prng_refill_no_structs:for:state(6)(7:4)#1.sva#2(3), prng_refill_no_structs:for:state(6)(7:4)#1.sva#2.dfm(3)' (7 registers deleted). (FSM-3)
# Creating shared register 'prng_refill_no_structs#1:for:state(7)(11:8)#1.sva#2(0)' for variables 'prng_refill_no_structs#1:for:state(7)(11:8)#1.sva#2(0), prng_refill_no_structs#1:for:state(7)(11:8)#1.sva#2.dfm(0), prng_refill_no_structs#2:for:state(7)(11:8)#1.sva#2(0), prng_refill_no_structs#2:for:state(7)(11:8)#1.sva#2.dfm(0), prng_refill_no_structs#3:for:state(7)(11:8)#1.sva#2(0), prng_refill_no_structs#3:for:state(7)(11:8)#1.sva#2.dfm(0), prng_refill_no_structs:for:state(7)(11:8)#1.sva#2(0), prng_refill_no_structs:for:state(7)(11:8)#1.sva#2.dfm(0)' (7 registers deleted). (FSM-3)
# Creating shared register 'prng_refill_no_structs#1:for:state(7)(11:8)#1.sva#2(1)' for variables 'prng_refill_no_structs#1:for:state(7)(11:8)#1.sva#2(1), prng_refill_no_structs#1:for:state(7)(11:8)#1.sva#2.dfm(1), prng_refill_no_structs#2:for:state(7)(11:8)#1.sva#2(1), prng_refill_no_structs#2:for:state(7)(11:8)#1.sva#2.dfm(1), prng_refill_no_structs#3:for:state(7)(11:8)#1.sva#2(1), prng_refill_no_structs#3:for:state(7)(11:8)#1.sva#2.dfm(1), prng_refill_no_structs:for:state(7)(11:8)#1.sva#2(1), prng_refill_no_structs:for:state(7)(11:8)#1.sva#2.dfm(1)' (7 registers deleted). (FSM-3)
# Creating shared register 'prng_refill_no_structs#1:for:state(7)(11:8)#1.sva#2(2)' for variables 'prng_refill_no_structs#1:for:state(7)(11:8)#1.sva#2(2), prng_refill_no_structs#1:for:state(7)(11:8)#1.sva#2.dfm(2), prng_refill_no_structs#2:for:state(7)(11:8)#1.sva#2(2), prng_refill_no_structs#2:for:state(7)(11:8)#1.sva#2.dfm(2), prng_refill_no_structs#3:for:state(7)(11:8)#1.sva#2(2), prng_refill_no_structs#3:for:state(7)(11:8)#1.sva#2.dfm(2), prng_refill_no_structs:for:state(7)(11:8)#1.sva#2(2), prng_refill_no_structs:for:state(7)(11:8)#1.sva#2.dfm(2)' (7 registers deleted). (FSM-3)
# Creating shared register 'prng_refill_no_structs#1:for:state(7)(11:8)#1.sva#2(3)' for variables 'prng_refill_no_structs#1:for:state(7)(11:8)#1.sva#2(3), prng_refill_no_structs#1:for:state(7)(11:8)#1.sva#2.dfm(3), prng_refill_no_structs#2:for:state(7)(11:8)#1.sva#2(3), prng_refill_no_structs#2:for:state(7)(11:8)#1.sva#2.dfm(3), prng_refill_no_structs#3:for:state(7)(11:8)#1.sva#2(3), prng_refill_no_structs#3:for:state(7)(11:8)#1.sva#2.dfm(3), prng_refill_no_structs:for:state(7)(11:8)#1.sva#2(3), prng_refill_no_structs:for:state(7)(11:8)#1.sva#2.dfm(3)' (7 registers deleted). (FSM-3)
# Creating shared register 'prng_refill_no_structs#1:for:state(7)(15:12)#1.sva#2(0)' for variables 'prng_refill_no_structs#1:for:state(7)(15:12)#1.sva#2(0), prng_refill_no_structs#1:for:state(7)(15:12)#1.sva#2.dfm(0), prng_refill_no_structs#2:for:state(7)(15:12)#1.sva#2(0), prng_refill_no_structs#2:for:state(7)(15:12)#1.sva#2.dfm(0), prng_refill_no_structs#3:for:state(7)(15:12)#1.sva#2(0), prng_refill_no_structs#3:for:state(7)(15:12)#1.sva#2.dfm(0), prng_refill_no_structs:for:state(7)(15:12)#1.sva#2(0), prng_refill_no_structs:for:state(7)(15:12)#1.sva#2.dfm(0)' (7 registers deleted). (FSM-3)
# Creating shared register 'prng_refill_no_structs#1:for:state(7)(15:12)#1.sva#2(1)' for variables 'prng_refill_no_structs#1:for:state(7)(15:12)#1.sva#2(1), prng_refill_no_structs#1:for:state(7)(15:12)#1.sva#2.dfm(1), prng_refill_no_structs#2:for:state(7)(15:12)#1.sva#2(1), prng_refill_no_structs#2:for:state(7)(15:12)#1.sva#2.dfm(1), prng_refill_no_structs#3:for:state(7)(15:12)#1.sva#2(1), prng_refill_no_structs#3:for:state(7)(15:12)#1.sva#2.dfm(1), prng_refill_no_structs:for:state(7)(15:12)#1.sva#2(1), prng_refill_no_structs:for:state(7)(15:12)#1.sva#2.dfm(1)' (7 registers deleted). (FSM-3)
# Creating shared register 'prng_refill_no_structs#1:for:state(7)(15:12)#1.sva#2(2)' for variables 'prng_refill_no_structs#1:for:state(7)(15:12)#1.sva#2(2), prng_refill_no_structs#1:for:state(7)(15:12)#1.sva#2.dfm(2), prng_refill_no_structs#2:for:state(7)(15:12)#1.sva#2(2), prng_refill_no_structs#2:for:state(7)(15:12)#1.sva#2.dfm(2), prng_refill_no_structs#3:for:state(7)(15:12)#1.sva#2(2), prng_refill_no_structs#3:for:state(7)(15:12)#1.sva#2.dfm(2), prng_refill_no_structs:for:state(7)(15:12)#1.sva#2(2), prng_refill_no_structs:for:state(7)(15:12)#1.sva#2.dfm(2)' (7 registers deleted). (FSM-3)
# Creating shared register 'prng_refill_no_structs#1:for:state(7)(15:12)#1.sva#2(3)' for variables 'prng_refill_no_structs#1:for:state(7)(15:12)#1.sva#2(3), prng_refill_no_structs#1:for:state(7)(15:12)#1.sva#2.dfm(3), prng_refill_no_structs#2:for:state(7)(15:12)#1.sva#2(3), prng_refill_no_structs#2:for:state(7)(15:12)#1.sva#2.dfm(3), prng_refill_no_structs#3:for:state(7)(15:12)#1.sva#2(3), prng_refill_no_structs#3:for:state(7)(15:12)#1.sva#2.dfm(3), prng_refill_no_structs:for:state(7)(15:12)#1.sva#2(3), prng_refill_no_structs:for:state(7)(15:12)#1.sva#2.dfm(3)' (7 registers deleted). (FSM-3)
# Creating shared register 'prng_refill_no_structs#1:for:state(7)(19:16)#1.sva#2(0)' for variables 'prng_refill_no_structs#1:for:state(7)(19:16)#1.sva#2(0), prng_refill_no_structs#1:for:state(7)(19:16)#1.sva#2.dfm(0), prng_refill_no_structs#2:for:state(7)(19:16)#1.sva#2(0), prng_refill_no_structs#2:for:state(7)(19:16)#1.sva#2.dfm(0), prng_refill_no_structs#3:for:state(7)(19:16)#1.sva#2(0), prng_refill_no_structs#3:for:state(7)(19:16)#1.sva#2.dfm(0), prng_refill_no_structs:for:state(7)(19:16)#1.sva#2(0), prng_refill_no_structs:for:state(7)(19:16)#1.sva#2.dfm(0)' (7 registers deleted). (FSM-3)
# Creating shared register 'prng_refill_no_structs#1:for:state(7)(19:16)#1.sva#2(1)' for variables 'prng_refill_no_structs#1:for:state(7)(19:16)#1.sva#2(1), prng_refill_no_structs#1:for:state(7)(19:16)#1.sva#2.dfm(1), prng_refill_no_structs#2:for:state(7)(19:16)#1.sva#2(1), prng_refill_no_structs#2:for:state(7)(19:16)#1.sva#2.dfm(1), prng_refill_no_structs#3:for:state(7)(19:16)#1.sva#2(1), prng_refill_no_structs#3:for:state(7)(19:16)#1.sva#2.dfm(1), prng_refill_no_structs:for:state(7)(19:16)#1.sva#2(1), prng_refill_no_structs:for:state(7)(19:16)#1.sva#2.dfm(1)' (7 registers deleted). (FSM-3)
# Creating shared register 'prng_refill_no_structs#1:for:state(7)(19:16)#1.sva#2(2)' for variables 'prng_refill_no_structs#1:for:state(7)(19:16)#1.sva#2(2), prng_refill_no_structs#1:for:state(7)(19:16)#1.sva#2.dfm(2), prng_refill_no_structs#2:for:state(7)(19:16)#1.sva#2(2), prng_refill_no_structs#2:for:state(7)(19:16)#1.sva#2.dfm(2), prng_refill_no_structs#3:for:state(7)(19:16)#1.sva#2(2), prng_refill_no_structs#3:for:state(7)(19:16)#1.sva#2.dfm(2), prng_refill_no_structs:for:state(7)(19:16)#1.sva#2(2), prng_refill_no_structs:for:state(7)(19:16)#1.sva#2.dfm(2)' (7 registers deleted). (FSM-3)
# Creating shared register 'prng_refill_no_structs#1:for:state(7)(19:16)#1.sva#2(3)' for variables 'prng_refill_no_structs#1:for:state(7)(19:16)#1.sva#2(3), prng_refill_no_structs#1:for:state(7)(19:16)#1.sva#2.dfm(3), prng_refill_no_structs#2:for:state(7)(19:16)#1.sva#2(3), prng_refill_no_structs#2:for:state(7)(19:16)#1.sva#2.dfm(3), prng_refill_no_structs#3:for:state(7)(19:16)#1.sva#2(3), prng_refill_no_structs#3:for:state(7)(19:16)#1.sva#2.dfm(3), prng_refill_no_structs:for:state(7)(19:16)#1.sva#2(3), prng_refill_no_structs:for:state(7)(19:16)#1.sva#2.dfm(3)' (7 registers deleted). (FSM-3)
# Creating shared register 'prng_refill_no_structs#1:for:state(7)(23:20)#1.sva#2(0)' for variables 'prng_refill_no_structs#1:for:state(7)(23:20)#1.sva#2(0), prng_refill_no_structs#1:for:state(7)(23:20)#1.sva#2.dfm(0), prng_refill_no_structs#2:for:state(7)(23:20)#1.sva#2(0), prng_refill_no_structs#2:for:state(7)(23:20)#1.sva#2.dfm(0), prng_refill_no_structs#3:for:state(7)(23:20)#1.sva#2(0), prng_refill_no_structs#3:for:state(7)(23:20)#1.sva#2.dfm(0), prng_refill_no_structs:for:state(7)(23:20)#1.sva#2(0), prng_refill_no_structs:for:state(7)(23:20)#1.sva#2.dfm(0)' (7 registers deleted). (FSM-3)
# Creating shared register 'prng_refill_no_structs#1:for:state(7)(23:20)#1.sva#2(1)' for variables 'prng_refill_no_structs#1:for:state(7)(23:20)#1.sva#2(1), prng_refill_no_structs#1:for:state(7)(23:20)#1.sva#2.dfm(1), prng_refill_no_structs#2:for:state(7)(23:20)#1.sva#2(1), prng_refill_no_structs#2:for:state(7)(23:20)#1.sva#2.dfm(1), prng_refill_no_structs#3:for:state(7)(23:20)#1.sva#2(1), prng_refill_no_structs#3:for:state(7)(23:20)#1.sva#2.dfm(1), prng_refill_no_structs:for:state(7)(23:20)#1.sva#2(1), prng_refill_no_structs:for:state(7)(23:20)#1.sva#2.dfm(1)' (7 registers deleted). (FSM-3)
# Creating shared register 'prng_refill_no_structs#1:for:state(7)(23:20)#1.sva#2(2)' for variables 'prng_refill_no_structs#1:for:state(7)(23:20)#1.sva#2(2), prng_refill_no_structs#1:for:state(7)(23:20)#1.sva#2.dfm(2), prng_refill_no_structs#2:for:state(7)(23:20)#1.sva#2(2), prng_refill_no_structs#2:for:state(7)(23:20)#1.sva#2.dfm(2), prng_refill_no_structs#3:for:state(7)(23:20)#1.sva#2(2), prng_refill_no_structs#3:for:state(7)(23:20)#1.sva#2.dfm(2), prng_refill_no_structs:for:state(7)(23:20)#1.sva#2(2), prng_refill_no_structs:for:state(7)(23:20)#1.sva#2.dfm(2)' (7 registers deleted). (FSM-3)
# Creating shared register 'prng_refill_no_structs#1:for:state(7)(23:20)#1.sva#2(3)' for variables 'prng_refill_no_structs#1:for:state(7)(23:20)#1.sva#2(3), prng_refill_no_structs#1:for:state(7)(23:20)#1.sva#2.dfm(3), prng_refill_no_structs#2:for:state(7)(23:20)#1.sva#2(3), prng_refill_no_structs#2:for:state(7)(23:20)#1.sva#2.dfm(3), prng_refill_no_structs#3:for:state(7)(23:20)#1.sva#2(3), prng_refill_no_structs#3:for:state(7)(23:20)#1.sva#2.dfm(3), prng_refill_no_structs:for:state(7)(23:20)#1.sva#2(3), prng_refill_no_structs:for:state(7)(23:20)#1.sva#2.dfm(3)' (7 registers deleted). (FSM-3)
# Creating shared register 'prng_refill_no_structs#1:for:state(7)(27:24)#1.sva#2(0)' for variables 'prng_refill_no_structs#1:for:state(7)(27:24)#1.sva#2(0), prng_refill_no_structs#1:for:state(7)(27:24)#1.sva#2.dfm(0), prng_refill_no_structs#2:for:state(7)(27:24)#1.sva#2(0), prng_refill_no_structs#2:for:state(7)(27:24)#1.sva#2.dfm(0), prng_refill_no_structs#3:for:state(7)(27:24)#1.sva#2(0), prng_refill_no_structs#3:for:state(7)(27:24)#1.sva#2.dfm(0), prng_refill_no_structs:for:state(7)(27:24)#1.sva#2(0), prng_refill_no_structs:for:state(7)(27:24)#1.sva#2.dfm(0)' (7 registers deleted). (FSM-3)
# Creating shared register 'prng_refill_no_structs#1:for:state(7)(27:24)#1.sva#2(1)' for variables 'prng_refill_no_structs#1:for:state(7)(27:24)#1.sva#2(1), prng_refill_no_structs#1:for:state(7)(27:24)#1.sva#2.dfm(1), prng_refill_no_structs#2:for:state(7)(27:24)#1.sva#2(1), prng_refill_no_structs#2:for:state(7)(27:24)#1.sva#2.dfm(1), prng_refill_no_structs#3:for:state(7)(27:24)#1.sva#2(1), prng_refill_no_structs#3:for:state(7)(27:24)#1.sva#2.dfm(1), prng_refill_no_structs:for:state(7)(27:24)#1.sva#2(1), prng_refill_no_structs:for:state(7)(27:24)#1.sva#2.dfm(1)' (7 registers deleted). (FSM-3)
# Creating shared register 'prng_refill_no_structs#1:for:state(7)(27:24)#1.sva#2(2)' for variables 'prng_refill_no_structs#1:for:state(7)(27:24)#1.sva#2(2), prng_refill_no_structs#1:for:state(7)(27:24)#1.sva#2.dfm(2), prng_refill_no_structs#2:for:state(7)(27:24)#1.sva#2(2), prng_refill_no_structs#2:for:state(7)(27:24)#1.sva#2.dfm(2), prng_refill_no_structs#3:for:state(7)(27:24)#1.sva#2(2), prng_refill_no_structs#3:for:state(7)(27:24)#1.sva#2.dfm(2), prng_refill_no_structs:for:state(7)(27:24)#1.sva#2(2), prng_refill_no_structs:for:state(7)(27:24)#1.sva#2.dfm(2)' (7 registers deleted). (FSM-3)
# Creating shared register 'prng_refill_no_structs#1:for:state(7)(27:24)#1.sva#2(3)' for variables 'prng_refill_no_structs#1:for:state(7)(27:24)#1.sva#2(3), prng_refill_no_structs#1:for:state(7)(27:24)#1.sva#2.dfm(3), prng_refill_no_structs#2:for:state(7)(27:24)#1.sva#2(3), prng_refill_no_structs#2:for:state(7)(27:24)#1.sva#2.dfm(3), prng_refill_no_structs#3:for:state(7)(27:24)#1.sva#2(3), prng_refill_no_structs#3:for:state(7)(27:24)#1.sva#2.dfm(3), prng_refill_no_structs:for:state(7)(27:24)#1.sva#2(3), prng_refill_no_structs:for:state(7)(27:24)#1.sva#2.dfm(3)' (7 registers deleted). (FSM-3)
# Creating shared register 'prng_refill_no_structs#1:for:state(7)(31:28)#1.sva#2(0)' for variables 'prng_refill_no_structs#1:for:state(7)(31:28)#1.sva#2(0), prng_refill_no_structs#1:for:state(7)(31:28)#1.sva#2.dfm(0), prng_refill_no_structs#2:for:state(7)(31:28)#1.sva#2(0), prng_refill_no_structs#2:for:state(7)(31:28)#1.sva#2.dfm(0), prng_refill_no_structs#3:for:state(7)(31:28)#1.sva#2(0), prng_refill_no_structs#3:for:state(7)(31:28)#1.sva#2.dfm(0), prng_refill_no_structs:for:state(7)(31:28)#1.sva#2(0), prng_refill_no_structs:for:state(7)(31:28)#1.sva#2.dfm(0)' (7 registers deleted). (FSM-3)
# Creating shared register 'prng_refill_no_structs#1:for:state(7)(31:28)#1.sva#2(1)' for variables 'prng_refill_no_structs#1:for:state(7)(31:28)#1.sva#2(1), prng_refill_no_structs#1:for:state(7)(31:28)#1.sva#2.dfm(1), prng_refill_no_structs#2:for:state(7)(31:28)#1.sva#2(1), prng_refill_no_structs#2:for:state(7)(31:28)#1.sva#2.dfm(1), prng_refill_no_structs#3:for:state(7)(31:28)#1.sva#2(1), prng_refill_no_structs#3:for:state(7)(31:28)#1.sva#2.dfm(1), prng_refill_no_structs:for:state(7)(31:28)#1.sva#2(1), prng_refill_no_structs:for:state(7)(31:28)#1.sva#2.dfm(1)' (7 registers deleted). (FSM-3)
# Creating shared register 'prng_refill_no_structs#1:for:state(7)(31:28)#1.sva#2(2)' for variables 'prng_refill_no_structs#1:for:state(7)(31:28)#1.sva#2(2), prng_refill_no_structs#1:for:state(7)(31:28)#1.sva#2.dfm(2), prng_refill_no_structs#2:for:state(7)(31:28)#1.sva#2(2), prng_refill_no_structs#2:for:state(7)(31:28)#1.sva#2.dfm(2), prng_refill_no_structs#3:for:state(7)(31:28)#1.sva#2(2), prng_refill_no_structs#3:for:state(7)(31:28)#1.sva#2.dfm(2), prng_refill_no_structs:for:state(7)(31:28)#1.sva#2(2), prng_refill_no_structs:for:state(7)(31:28)#1.sva#2.dfm(2)' (7 registers deleted). (FSM-3)
# Creating shared register 'prng_refill_no_structs#1:for:state(7)(31:28)#1.sva#2(3)' for variables 'prng_refill_no_structs#1:for:state(7)(31:28)#1.sva#2(3), prng_refill_no_structs#1:for:state(7)(31:28)#1.sva#2.dfm(3), prng_refill_no_structs#2:for:state(7)(31:28)#1.sva#2(3), prng_refill_no_structs#2:for:state(7)(31:28)#1.sva#2.dfm(3), prng_refill_no_structs#3:for:state(7)(31:28)#1.sva#2(3), prng_refill_no_structs#3:for:state(7)(31:28)#1.sva#2.dfm(3), prng_refill_no_structs:for:state(7)(31:28)#1.sva#2(3), prng_refill_no_structs:for:state(7)(31:28)#1.sva#2.dfm(3)' (7 registers deleted). (FSM-3)
# Creating shared register 'prng_refill_no_structs#1:for:state(7)(3:0)#1.sva#2(0)' for variables 'prng_refill_no_structs#1:for:state(7)(3:0)#1.sva#2(0), prng_refill_no_structs#1:for:state(7)(3:0)#1.sva#2.dfm(0), prng_refill_no_structs#2:for:state(7)(3:0)#1.sva#2(0), prng_refill_no_structs#2:for:state(7)(3:0)#1.sva#2.dfm(0), prng_refill_no_structs#3:for:state(7)(3:0)#1.sva#2(0), prng_refill_no_structs#3:for:state(7)(3:0)#1.sva#2.dfm(0), prng_refill_no_structs:for:state(7)(3:0)#1.sva#2(0), prng_refill_no_structs:for:state(7)(3:0)#1.sva#2.dfm(0)' (7 registers deleted). (FSM-3)
# Creating shared register 'prng_refill_no_structs#1:for:state(7)(3:0)#1.sva#2(1)' for variables 'prng_refill_no_structs#1:for:state(7)(3:0)#1.sva#2(1), prng_refill_no_structs#1:for:state(7)(3:0)#1.sva#2.dfm(1), prng_refill_no_structs#2:for:state(7)(3:0)#1.sva#2(1), prng_refill_no_structs#2:for:state(7)(3:0)#1.sva#2.dfm(1), prng_refill_no_structs#3:for:state(7)(3:0)#1.sva#2(1), prng_refill_no_structs#3:for:state(7)(3:0)#1.sva#2.dfm(1), prng_refill_no_structs:for:state(7)(3:0)#1.sva#2(1), prng_refill_no_structs:for:state(7)(3:0)#1.sva#2.dfm(1)' (7 registers deleted). (FSM-3)
# Creating shared register 'prng_refill_no_structs#1:for:state(7)(3:0)#1.sva#2(2)' for variables 'prng_refill_no_structs#1:for:state(7)(3:0)#1.sva#2(2), prng_refill_no_structs#1:for:state(7)(3:0)#1.sva#2.dfm(2), prng_refill_no_structs#2:for:state(7)(3:0)#1.sva#2(2), prng_refill_no_structs#2:for:state(7)(3:0)#1.sva#2.dfm(2), prng_refill_no_structs#3:for:state(7)(3:0)#1.sva#2(2), prng_refill_no_structs#3:for:state(7)(3:0)#1.sva#2.dfm(2), prng_refill_no_structs:for:state(7)(3:0)#1.sva#2(2), prng_refill_no_structs:for:state(7)(3:0)#1.sva#2.dfm(2)' (7 registers deleted). (FSM-3)
# Creating shared register 'prng_refill_no_structs#1:for:state(7)(3:0)#1.sva#2(3)' for variables 'prng_refill_no_structs#1:for:state(7)(3:0)#1.sva#2(3), prng_refill_no_structs#1:for:state(7)(3:0)#1.sva#2.dfm(3), prng_refill_no_structs#2:for:state(7)(3:0)#1.sva#2(3), prng_refill_no_structs#2:for:state(7)(3:0)#1.sva#2.dfm(3), prng_refill_no_structs#3:for:state(7)(3:0)#1.sva#2(3), prng_refill_no_structs#3:for:state(7)(3:0)#1.sva#2.dfm(3), prng_refill_no_structs:for:state(7)(3:0)#1.sva#2(3), prng_refill_no_structs:for:state(7)(3:0)#1.sva#2.dfm(3)' (7 registers deleted). (FSM-3)
# Creating shared register 'prng_refill_no_structs#1:for:state(7)(7:4)#1.sva#2(0)' for variables 'prng_refill_no_structs#1:for:state(7)(7:4)#1.sva#2(0), prng_refill_no_structs#1:for:state(7)(7:4)#1.sva#2.dfm(0), prng_refill_no_structs#2:for:state(7)(7:4)#1.sva#2(0), prng_refill_no_structs#2:for:state(7)(7:4)#1.sva#2.dfm(0), prng_refill_no_structs#3:for:state(7)(7:4)#1.sva#2(0), prng_refill_no_structs#3:for:state(7)(7:4)#1.sva#2.dfm(0), prng_refill_no_structs:for:state(7)(7:4)#1.sva#2(0), prng_refill_no_structs:for:state(7)(7:4)#1.sva#2.dfm(0)' (7 registers deleted). (FSM-3)
# Creating shared register 'prng_refill_no_structs#1:for:state(7)(7:4)#1.sva#2(1)' for variables 'prng_refill_no_structs#1:for:state(7)(7:4)#1.sva#2(1), prng_refill_no_structs#1:for:state(7)(7:4)#1.sva#2.dfm(1), prng_refill_no_structs#2:for:state(7)(7:4)#1.sva#2(1), prng_refill_no_structs#2:for:state(7)(7:4)#1.sva#2.dfm(1), prng_refill_no_structs#3:for:state(7)(7:4)#1.sva#2(1), prng_refill_no_structs#3:for:state(7)(7:4)#1.sva#2.dfm(1), prng_refill_no_structs:for:state(7)(7:4)#1.sva#2(1), prng_refill_no_structs:for:state(7)(7:4)#1.sva#2.dfm(1)' (7 registers deleted). (FSM-3)
# Creating shared register 'prng_refill_no_structs#1:for:state(7)(7:4)#1.sva#2(2)' for variables 'prng_refill_no_structs#1:for:state(7)(7:4)#1.sva#2(2), prng_refill_no_structs#1:for:state(7)(7:4)#1.sva#2.dfm(2), prng_refill_no_structs#2:for:state(7)(7:4)#1.sva#2(2), prng_refill_no_structs#2:for:state(7)(7:4)#1.sva#2.dfm(2), prng_refill_no_structs#3:for:state(7)(7:4)#1.sva#2(2), prng_refill_no_structs#3:for:state(7)(7:4)#1.sva#2.dfm(2), prng_refill_no_structs:for:state(7)(7:4)#1.sva#2(2), prng_refill_no_structs:for:state(7)(7:4)#1.sva#2.dfm(2)' (7 registers deleted). (FSM-3)
# Creating shared register 'prng_refill_no_structs#1:for:state(7)(7:4)#1.sva#2(3)' for variables 'prng_refill_no_structs#1:for:state(7)(7:4)#1.sva#2(3), prng_refill_no_structs#1:for:state(7)(7:4)#1.sva#2.dfm(3), prng_refill_no_structs#2:for:state(7)(7:4)#1.sva#2(3), prng_refill_no_structs#2:for:state(7)(7:4)#1.sva#2.dfm(3), prng_refill_no_structs#3:for:state(7)(7:4)#1.sva#2(3), prng_refill_no_structs#3:for:state(7)(7:4)#1.sva#2.dfm(3), prng_refill_no_structs:for:state(7)(7:4)#1.sva#2(3), prng_refill_no_structs:for:state(7)(7:4)#1.sva#2.dfm(3)' (7 registers deleted). (FSM-3)
# Creating shared register 'fpr_mul#4:fpr_mul#4:slc(fpr_mul#4:acc#10.sdt)(11).seb.sva' for variables 'fpr_mul#4:fpr_mul#4:slc(fpr_mul#4:acc#10.sdt)(11).seb.sva, fpr_mul#6:fpr_mul#6:slc(fpr_mul#6:acc#10.sdt)(11).seb.sva, fpr_mul#5:fpr_mul#5:slc(fpr_mul#5:acc.sdt)(10).seb.sva, fpr_mul:acc#10.cse(11).sva, prng_get_u8_no_structs#1:v(0).sva' (4 registers deleted). (FSM-3)
# Creating shared register 'prng_refill_no_structs#1:for:for#4:and.stg_1_2.sva' for variables 'prng_refill_no_structs#1:for:for#4:and.stg_1_2.sva, prng_refill_no_structs#2:for:for#4:and.stg_1_2.sva, prng_refill_no_structs#3:for:for#4:and.stg_1_2.sva, prng_refill_no_structs:for:for#4:and.stg_1_2.sva, fpr_mul#4:xor#1.itm(9), prng_refill_no_structs#1:for:for#5:prng_refill_no_structs#1:for:for#5:slc(prng_refill_no_structs#1:for:prng_refill_no_structs#1:for:for#5:mux#1.itm(0), prng_refill_no_structs#2:for:for#5:prng_refill_no_structs#2:for:for#5:slc(prng_refill_no_structs#2:for:prng_refill_no_structs#2:for:for#5:mux#1.itm(0), prng_refill_no_structs#3:for:for#5:prng_refill_no_structs#3:for:for#5:slc(prng_refill_no_structs#3:for:prng_refill_no_structs#3:for:for#5:mux#1.itm(0), prng_refill_no_structs:for:for#5:prng_refill_no_structs:for:for#5:slc(prng_refill_no_structs:for:prng_refill_no_structs:for:for#5:mux#1.itm(0)' (8 registers deleted). (FSM-3)
# Creating shared register 'prng_refill_no_structs#1:for:for#4:and.stg_1_3.sva' for variables 'prng_refill_no_structs#1:for:for#4:and.stg_1_3.sva, prng_refill_no_structs#2:for:for#4:and.stg_1_3.sva, prng_refill_no_structs#3:for:for#4:and.stg_1_3.sva, prng_refill_no_structs:for:for#4:and.stg_1_3.sva, fpr_mul#4:xor#3.itm, prng_refill_no_structs#1:for:for#5:prng_refill_no_structs#1:for:for#5:slc(prng_refill_no_structs#1:for:prng_refill_no_structs#1:for:for#5:mux#1.itm(1), prng_refill_no_structs#2:for:for#5:prng_refill_no_structs#2:for:for#5:slc(prng_refill_no_structs#2:for:prng_refill_no_structs#2:for:for#5:mux#1.itm(1), prng_refill_no_structs#3:for:for#5:prng_refill_no_structs#3:for:for#5:slc(prng_refill_no_structs#3:for:prng_refill_no_structs#3:for:for#5:mux#1.itm(1), prng_refill_no_structs:for:for#5:prng_refill_no_structs:for:for#5:slc(prng_refill_no_structs:for:prng_refill_no_structs:for:for#5:mux#1.itm(1)' (8 registers deleted). (FSM-3)
# Creating shared register 'fpr_mul#1:slc(fpr_mul#1:acc#11)(11).itm' for variables 'fpr_mul#1:slc(fpr_mul#1:acc#11)(11).itm, fpr_mul#3:slc(fpr_mul#3:acc#11)(11).itm, fpr_mul#1:xor#2.itm, fpr_mul#4:or#3.itm, prng_refill_no_structs#1:for:for#1:slc(prng_refill_no_structs#1:for:for#1:acc)(2).itm, prng_refill_no_structs#2:for:for#1:slc(prng_refill_no_structs#2:for:for#1:acc)(2).itm, prng_refill_no_structs#3:for:for#1:slc(prng_refill_no_structs#3:for:for#1:acc)(2).itm, prng_refill_no_structs:for:for#1:slc(prng_refill_no_structs:for:for#1:acc)(2).itm, prng_refill_no_structs#1:for:for#4:and.stg_1_0.sva, prng_refill_no_structs#2:for:for#4:and.stg_1_0.sva, prng_refill_no_structs#3:for:for#4:and.stg_1_0.sva, prng_refill_no_structs:for:for#4:and.stg_1_0.sva, prng_refill_no_structs#1:for:for#4:and.stg_2_4.sva, prng_refill_no_structs#2:for:for#4:and.stg_2_4.sva, prng_refill_no_structs#3:for:for#4:and.stg_2_4.sva, prng_refill_no_structs:for:for#4:and.stg_2_4.sva' (15 registers deleted). (FSM-3)
# Creating shared register 'prng_refill_no_structs#1:for:for#4:mux.itm(0)' for variables 'prng_refill_no_structs#1:for:for#4:mux.itm(0), prng_refill_no_structs#2:for:for#4:mux.itm(0), prng_refill_no_structs#3:for:for#4:mux.itm(0), prng_refill_no_structs:for:for#4:mux.itm(0), prng_refill_no_structs#1:for:for#5:prng_refill_no_structs#1:for:for#5:slc(prng_refill_no_structs#1:for:prng_refill_no_structs#1:for:for#5:mux#1.itm(2), prng_refill_no_structs#2:for:for#5:prng_refill_no_structs#2:for:for#5:slc(prng_refill_no_structs#2:for:prng_refill_no_structs#2:for:for#5:mux#1.itm(2), prng_refill_no_structs#3:for:for#5:prng_refill_no_structs#3:for:for#5:slc(prng_refill_no_structs#3:for:prng_refill_no_structs#3:for:for#5:mux#1.itm(2), prng_refill_no_structs:for:for#5:prng_refill_no_structs:for:for#5:slc(prng_refill_no_structs:for:prng_refill_no_structs:for:for#5:mux#1.itm(2)' (7 registers deleted). (FSM-3)
# Creating shared register 'prng_refill_no_structs#1:for:for#4:mux.itm(1)' for variables 'prng_refill_no_structs#1:for:for#4:mux.itm(1), prng_refill_no_structs#2:for:for#4:mux.itm(1), prng_refill_no_structs#3:for:for#4:mux.itm(1), prng_refill_no_structs:for:for#4:mux.itm(1), prng_refill_no_structs#1:for:for#5:prng_refill_no_structs#1:for:for#5:slc(prng_refill_no_structs#1:for:prng_refill_no_structs#1:for:for#5:mux#1.itm(3), prng_refill_no_structs#2:for:for#5:prng_refill_no_structs#2:for:for#5:slc(prng_refill_no_structs#2:for:prng_refill_no_structs#2:for:for#5:mux#1.itm(3), prng_refill_no_structs#3:for:for#5:prng_refill_no_structs#3:for:for#5:slc(prng_refill_no_structs#3:for:prng_refill_no_structs#3:for:for#5:mux#1.itm(3), prng_refill_no_structs:for:for#5:prng_refill_no_structs:for:for#5:slc(prng_refill_no_structs:for:prng_refill_no_structs:for:for#5:mux#1.itm(3)' (7 registers deleted). (FSM-3)
# Creating shared register 'prng_refill_no_structs#1:for:for#4:mux.itm(10)' for variables 'prng_refill_no_structs#1:for:for#4:mux.itm(10), prng_refill_no_structs#2:for:for#4:mux.itm(10), prng_refill_no_structs#3:for:for#4:mux.itm(10), prng_refill_no_structs:for:for#4:mux.itm(10), prng_refill_no_structs#1:for:for#5:prng_refill_no_structs#1:for:for#5:slc(prng_refill_no_structs#1:for:prng_refill_no_structs#1:for:for#5:mux#1.itm(4), prng_refill_no_structs#2:for:for#5:prng_refill_no_structs#2:for:for#5:slc(prng_refill_no_structs#2:for:prng_refill_no_structs#2:for:for#5:mux#1.itm(4), prng_refill_no_structs#3:for:for#5:prng_refill_no_structs#3:for:for#5:slc(prng_refill_no_structs#3:for:prng_refill_no_structs#3:for:for#5:mux#1.itm(4), prng_refill_no_structs:for:for#5:prng_refill_no_structs:for:for#5:slc(prng_refill_no_structs:for:prng_refill_no_structs:for:for#5:mux#1.itm(4)' (7 registers deleted). (FSM-3)
# Creating shared register 'prng_refill_no_structs#1:for:for#4:mux.itm(11)' for variables 'prng_refill_no_structs#1:for:for#4:mux.itm(11), prng_refill_no_structs#2:for:for#4:mux.itm(11), prng_refill_no_structs#3:for:for#4:mux.itm(11), prng_refill_no_structs:for:for#4:mux.itm(11), prng_refill_no_structs#1:for:for#5:prng_refill_no_structs#1:for:for#5:slc(prng_refill_no_structs#1:for:prng_refill_no_structs#1:for:for#5:mux#1.itm(5), prng_refill_no_structs#2:for:for#5:prng_refill_no_structs#2:for:for#5:slc(prng_refill_no_structs#2:for:prng_refill_no_structs#2:for:for#5:mux#1.itm(5), prng_refill_no_structs#3:for:for#5:prng_refill_no_structs#3:for:for#5:slc(prng_refill_no_structs#3:for:prng_refill_no_structs#3:for:for#5:mux#1.itm(5), prng_refill_no_structs:for:for#5:prng_refill_no_structs:for:for#5:slc(prng_refill_no_structs:for:prng_refill_no_structs:for:for#5:mux#1.itm(5)' (7 registers deleted). (FSM-3)
# Creating shared register 'prng_refill_no_structs#1:for:for#4:mux.itm(12)' for variables 'prng_refill_no_structs#1:for:for#4:mux.itm(12), prng_refill_no_structs#2:for:for#4:mux.itm(12), prng_refill_no_structs#3:for:for#4:mux.itm(12), prng_refill_no_structs:for:for#4:mux.itm(12), prng_refill_no_structs#1:for:for#5:prng_refill_no_structs#1:for:for#5:slc(prng_refill_no_structs#1:for:prng_refill_no_structs#1:for:for#5:mux#1.itm(6), prng_refill_no_structs#2:for:for#5:prng_refill_no_structs#2:for:for#5:slc(prng_refill_no_structs#2:for:prng_refill_no_structs#2:for:for#5:mux#1.itm(6), prng_refill_no_structs#3:for:for#5:prng_refill_no_structs#3:for:for#5:slc(prng_refill_no_structs#3:for:prng_refill_no_structs#3:for:for#5:mux#1.itm(6), prng_refill_no_structs:for:for#5:prng_refill_no_structs:for:for#5:slc(prng_refill_no_structs:for:prng_refill_no_structs:for:for#5:mux#1.itm(6)' (7 registers deleted). (FSM-3)
# Creating shared register 'prng_refill_no_structs#1:for:for#4:mux.itm(13)' for variables 'prng_refill_no_structs#1:for:for#4:mux.itm(13), prng_refill_no_structs#2:for:for#4:mux.itm(13), prng_refill_no_structs#3:for:for#4:mux.itm(13), prng_refill_no_structs:for:for#4:mux.itm(13), prng_refill_no_structs#1:for:for#5:prng_refill_no_structs#1:for:for#5:slc(prng_refill_no_structs#1:for:prng_refill_no_structs#1:for:for#5:mux#1.itm(7), prng_refill_no_structs#2:for:for#5:prng_refill_no_structs#2:for:for#5:slc(prng_refill_no_structs#2:for:prng_refill_no_structs#2:for:for#5:mux#1.itm(7), prng_refill_no_structs#3:for:for#5:prng_refill_no_structs#3:for:for#5:slc(prng_refill_no_structs#3:for:prng_refill_no_structs#3:for:for#5:mux#1.itm(7), prng_refill_no_structs:for:for#5:prng_refill_no_structs:for:for#5:slc(prng_refill_no_structs:for:prng_refill_no_structs:for:for#5:mux#1.itm(7)' (7 registers deleted). (FSM-3)
# Creating shared register 'prng_refill_no_structs#1:for:for#4:mux.itm(14)' for variables 'prng_refill_no_structs#1:for:for#4:mux.itm(14), prng_refill_no_structs#2:for:for#4:mux.itm(14), prng_refill_no_structs#3:for:for#4:mux.itm(14), prng_refill_no_structs:for:for#4:mux.itm(14), prng_refill_no_structs#1:for:for#5:prng_refill_no_structs#1:for:for#5:slc(prng_refill_no_structs#1:for:prng_refill_no_structs#1:for:for#5:mux#2.itm(0), prng_refill_no_structs#2:for:for#5:prng_refill_no_structs#2:for:for#5:slc(prng_refill_no_structs#2:for:prng_refill_no_structs#2:for:for#5:mux#2.itm(0), prng_refill_no_structs#3:for:for#5:prng_refill_no_structs#3:for:for#5:slc(prng_refill_no_structs#3:for:prng_refill_no_structs#3:for:for#5:mux#2.itm(0), prng_refill_no_structs:for:for#5:prng_refill_no_structs:for:for#5:slc(prng_refill_no_structs:for:prng_refill_no_structs:for:for#5:mux#2.itm(0)' (7 registers deleted). (FSM-3)
# Creating shared register 'prng_refill_no_structs#1:for:for#4:mux.itm(15)' for variables 'prng_refill_no_structs#1:for:for#4:mux.itm(15), prng_refill_no_structs#2:for:for#4:mux.itm(15), prng_refill_no_structs#3:for:for#4:mux.itm(15), prng_refill_no_structs:for:for#4:mux.itm(15), prng_refill_no_structs#1:for:for#5:prng_refill_no_structs#1:for:for#5:slc(prng_refill_no_structs#1:for:prng_refill_no_structs#1:for:for#5:mux#2.itm(1), prng_refill_no_structs#2:for:for#5:prng_refill_no_structs#2:for:for#5:slc(prng_refill_no_structs#2:for:prng_refill_no_structs#2:for:for#5:mux#2.itm(1), prng_refill_no_structs#3:for:for#5:prng_refill_no_structs#3:for:for#5:slc(prng_refill_no_structs#3:for:prng_refill_no_structs#3:for:for#5:mux#2.itm(1), prng_refill_no_structs:for:for#5:prng_refill_no_structs:for:for#5:slc(prng_refill_no_structs:for:prng_refill_no_structs:for:for#5:mux#2.itm(1)' (7 registers deleted). (FSM-3)
# Creating shared register 'prng_refill_no_structs#1:for:for#4:mux.itm(16)' for variables 'prng_refill_no_structs#1:for:for#4:mux.itm(16), prng_refill_no_structs#2:for:for#4:mux.itm(16), prng_refill_no_structs#3:for:for#4:mux.itm(16), prng_refill_no_structs:for:for#4:mux.itm(16), prng_refill_no_structs#1:for:for#5:prng_refill_no_structs#1:for:for#5:slc(prng_refill_no_structs#1:for:prng_refill_no_structs#1:for:for#5:mux#2.itm(2), prng_refill_no_structs#2:for:for#5:prng_refill_no_structs#2:for:for#5:slc(prng_refill_no_structs#2:for:prng_refill_no_structs#2:for:for#5:mux#2.itm(2), prng_refill_no_structs#3:for:for#5:prng_refill_no_structs#3:for:for#5:slc(prng_refill_no_structs#3:for:prng_refill_no_structs#3:for:for#5:mux#2.itm(2), prng_refill_no_structs:for:for#5:prng_refill_no_structs:for:for#5:slc(prng_refill_no_structs:for:prng_refill_no_structs:for:for#5:mux#2.itm(2)' (7 registers deleted). (FSM-3)
# Creating shared register 'prng_refill_no_structs#1:for:for#4:mux.itm(17)' for variables 'prng_refill_no_structs#1:for:for#4:mux.itm(17), prng_refill_no_structs#2:for:for#4:mux.itm(17), prng_refill_no_structs#3:for:for#4:mux.itm(17), prng_refill_no_structs:for:for#4:mux.itm(17), prng_refill_no_structs#1:for:for#5:prng_refill_no_structs#1:for:for#5:slc(prng_refill_no_structs#1:for:prng_refill_no_structs#1:for:for#5:mux#2.itm(3), prng_refill_no_structs#2:for:for#5:prng_refill_no_structs#2:for:for#5:slc(prng_refill_no_structs#2:for:prng_refill_no_structs#2:for:for#5:mux#2.itm(3), prng_refill_no_structs#3:for:for#5:prng_refill_no_structs#3:for:for#5:slc(prng_refill_no_structs#3:for:prng_refill_no_structs#3:for:for#5:mux#2.itm(3), prng_refill_no_structs:for:for#5:prng_refill_no_structs:for:for#5:slc(prng_refill_no_structs:for:prng_refill_no_structs:for:for#5:mux#2.itm(3)' (7 registers deleted). (FSM-3)
# Creating shared register 'prng_refill_no_structs#1:for:for#4:mux.itm(18)' for variables 'prng_refill_no_structs#1:for:for#4:mux.itm(18), prng_refill_no_structs#2:for:for#4:mux.itm(18), prng_refill_no_structs#3:for:for#4:mux.itm(18), prng_refill_no_structs:for:for#4:mux.itm(18), prng_refill_no_structs#1:for:for#5:prng_refill_no_structs#1:for:for#5:slc(prng_refill_no_structs#1:for:prng_refill_no_structs#1:for:for#5:mux#2.itm(4), prng_refill_no_structs#2:for:for#5:prng_refill_no_structs#2:for:for#5:slc(prng_refill_no_structs#2:for:prng_refill_no_structs#2:for:for#5:mux#2.itm(4), prng_refill_no_structs#3:for:for#5:prng_refill_no_structs#3:for:for#5:slc(prng_refill_no_structs#3:for:prng_refill_no_structs#3:for:for#5:mux#2.itm(4), prng_refill_no_structs:for:for#5:prng_refill_no_structs:for:for#5:slc(prng_refill_no_structs:for:prng_refill_no_structs:for:for#5:mux#2.itm(4)' (7 registers deleted). (FSM-3)
# Creating shared register 'prng_refill_no_structs#1:for:for#4:mux.itm(19)' for variables 'prng_refill_no_structs#1:for:for#4:mux.itm(19), prng_refill_no_structs#2:for:for#4:mux.itm(19), prng_refill_no_structs#3:for:for#4:mux.itm(19), prng_refill_no_structs:for:for#4:mux.itm(19), prng_refill_no_structs#1:for:for#5:prng_refill_no_structs#1:for:for#5:slc(prng_refill_no_structs#1:for:prng_refill_no_structs#1:for:for#5:mux#2.itm(5), prng_refill_no_structs#2:for:for#5:prng_refill_no_structs#2:for:for#5:slc(prng_refill_no_structs#2:for:prng_refill_no_structs#2:for:for#5:mux#2.itm(5), prng_refill_no_structs#3:for:for#5:prng_refill_no_structs#3:for:for#5:slc(prng_refill_no_structs#3:for:prng_refill_no_structs#3:for:for#5:mux#2.itm(5), prng_refill_no_structs:for:for#5:prng_refill_no_structs:for:for#5:slc(prng_refill_no_structs:for:prng_refill_no_structs:for:for#5:mux#2.itm(5)' (7 registers deleted). (FSM-3)
# Creating shared register 'prng_refill_no_structs#1:for:for#4:mux.itm(2)' for variables 'prng_refill_no_structs#1:for:for#4:mux.itm(2), prng_refill_no_structs#2:for:for#4:mux.itm(2), prng_refill_no_structs#3:for:for#4:mux.itm(2), prng_refill_no_structs:for:for#4:mux.itm(2), prng_refill_no_structs#1:for:for#5:prng_refill_no_structs#1:for:for#5:slc(prng_refill_no_structs#1:for:prng_refill_no_structs#1:for:for#5:mux#2.itm(6), prng_refill_no_structs#2:for:for#5:prng_refill_no_structs#2:for:for#5:slc(prng_refill_no_structs#2:for:prng_refill_no_structs#2:for:for#5:mux#2.itm(6), prng_refill_no_structs#3:for:for#5:prng_refill_no_structs#3:for:for#5:slc(prng_refill_no_structs#3:for:prng_refill_no_structs#3:for:for#5:mux#2.itm(6), prng_refill_no_structs:for:for#5:prng_refill_no_structs:for:for#5:slc(prng_refill_no_structs:for:prng_refill_no_structs:for:for#5:mux#2.itm(6)' (7 registers deleted). (FSM-3)
# Creating shared register 'prng_refill_no_structs#1:for:for#4:mux.itm(20)' for variables 'prng_refill_no_structs#1:for:for#4:mux.itm(20), prng_refill_no_structs#2:for:for#4:mux.itm(20), prng_refill_no_structs#3:for:for#4:mux.itm(20), prng_refill_no_structs:for:for#4:mux.itm(20), prng_refill_no_structs#1:for:for#5:prng_refill_no_structs#1:for:for#5:slc(prng_refill_no_structs#1:for:prng_refill_no_structs#1:for:for#5:mux#2.itm(7), prng_refill_no_structs#2:for:for#5:prng_refill_no_structs#2:for:for#5:slc(prng_refill_no_structs#2:for:prng_refill_no_structs#2:for:for#5:mux#2.itm(7), prng_refill_no_structs#3:for:for#5:prng_refill_no_structs#3:for:for#5:slc(prng_refill_no_structs#3:for:prng_refill_no_structs#3:for:for#5:mux#2.itm(7), prng_refill_no_structs:for:for#5:prng_refill_no_structs:for:for#5:slc(prng_refill_no_structs:for:prng_refill_no_structs:for:for#5:mux#2.itm(7)' (7 registers deleted). (FSM-3)
# Creating shared register 'prng_refill_no_structs#1:for:for#4:mux.itm(21)' for variables 'prng_refill_no_structs#1:for:for#4:mux.itm(21), prng_refill_no_structs#2:for:for#4:mux.itm(21), prng_refill_no_structs#3:for:for#4:mux.itm(21), prng_refill_no_structs:for:for#4:mux.itm(21), prng_refill_no_structs#1:for:for#5:prng_refill_no_structs#1:for:for#5:slc(prng_refill_no_structs#1:for:prng_refill_no_structs#1:for:for#5:mux#3.itm(0), prng_refill_no_structs#2:for:for#5:prng_refill_no_structs#2:for:for#5:slc(prng_refill_no_structs#2:for:prng_refill_no_structs#2:for:for#5:mux#3.itm(0), prng_refill_no_structs#3:for:for#5:prng_refill_no_structs#3:for:for#5:slc(prng_refill_no_structs#3:for:prng_refill_no_structs#3:for:for#5:mux#3.itm(0), prng_refill_no_structs:for:for#5:prng_refill_no_structs:for:for#5:slc(prng_refill_no_structs:for:prng_refill_no_structs:for:for#5:mux#3.itm(0)' (7 registers deleted). (FSM-3)
# Creating shared register 'prng_refill_no_structs#1:for:for#4:mux.itm(22)' for variables 'prng_refill_no_structs#1:for:for#4:mux.itm(22), prng_refill_no_structs#2:for:for#4:mux.itm(22), prng_refill_no_structs#3:for:for#4:mux.itm(22), prng_refill_no_structs:for:for#4:mux.itm(22), prng_refill_no_structs#1:for:for#5:prng_refill_no_structs#1:for:for#5:slc(prng_refill_no_structs#1:for:prng_refill_no_structs#1:for:for#5:mux#3.itm(1), prng_refill_no_structs#2:for:for#5:prng_refill_no_structs#2:for:for#5:slc(prng_refill_no_structs#2:for:prng_refill_no_structs#2:for:for#5:mux#3.itm(1), prng_refill_no_structs#3:for:for#5:prng_refill_no_structs#3:for:for#5:slc(prng_refill_no_structs#3:for:prng_refill_no_structs#3:for:for#5:mux#3.itm(1), prng_refill_no_structs:for:for#5:prng_refill_no_structs:for:for#5:slc(prng_refill_no_structs:for:prng_refill_no_structs:for:for#5:mux#3.itm(1)' (7 registers deleted). (FSM-3)
# Creating shared register 'prng_refill_no_structs#1:for:for#4:mux.itm(23)' for variables 'prng_refill_no_structs#1:for:for#4:mux.itm(23), prng_refill_no_structs#2:for:for#4:mux.itm(23), prng_refill_no_structs#3:for:for#4:mux.itm(23), prng_refill_no_structs:for:for#4:mux.itm(23), prng_refill_no_structs#1:for:for#5:prng_refill_no_structs#1:for:for#5:slc(prng_refill_no_structs#1:for:prng_refill_no_structs#1:for:for#5:mux#3.itm(2), prng_refill_no_structs#2:for:for#5:prng_refill_no_structs#2:for:for#5:slc(prng_refill_no_structs#2:for:prng_refill_no_structs#2:for:for#5:mux#3.itm(2), prng_refill_no_structs#3:for:for#5:prng_refill_no_structs#3:for:for#5:slc(prng_refill_no_structs#3:for:prng_refill_no_structs#3:for:for#5:mux#3.itm(2), prng_refill_no_structs:for:for#5:prng_refill_no_structs:for:for#5:slc(prng_refill_no_structs:for:prng_refill_no_structs:for:for#5:mux#3.itm(2)' (7 registers deleted). (FSM-3)
# Creating shared register 'prng_refill_no_structs#1:for:for#4:mux.itm(24)' for variables 'prng_refill_no_structs#1:for:for#4:mux.itm(24), prng_refill_no_structs#2:for:for#4:mux.itm(24), prng_refill_no_structs#3:for:for#4:mux.itm(24), prng_refill_no_structs:for:for#4:mux.itm(24), prng_refill_no_structs#1:for:for#5:prng_refill_no_structs#1:for:for#5:slc(prng_refill_no_structs#1:for:prng_refill_no_structs#1:for:for#5:mux#3.itm(3), prng_refill_no_structs#2:for:for#5:prng_refill_no_structs#2:for:for#5:slc(prng_refill_no_structs#2:for:prng_refill_no_structs#2:for:for#5:mux#3.itm(3), prng_refill_no_structs#3:for:for#5:prng_refill_no_structs#3:for:for#5:slc(prng_refill_no_structs#3:for:prng_refill_no_structs#3:for:for#5:mux#3.itm(3), prng_refill_no_structs:for:for#5:prng_refill_no_structs:for:for#5:slc(prng_refill_no_structs:for:prng_refill_no_structs:for:for#5:mux#3.itm(3)' (7 registers deleted). (FSM-3)
# Creating shared register 'prng_refill_no_structs#1:for:for#4:mux.itm(25)' for variables 'prng_refill_no_structs#1:for:for#4:mux.itm(25), prng_refill_no_structs#2:for:for#4:mux.itm(25), prng_refill_no_structs#3:for:for#4:mux.itm(25), prng_refill_no_structs:for:for#4:mux.itm(25), prng_refill_no_structs#1:for:for#5:prng_refill_no_structs#1:for:for#5:slc(prng_refill_no_structs#1:for:prng_refill_no_structs#1:for:for#5:mux#3.itm(4), prng_refill_no_structs#2:for:for#5:prng_refill_no_structs#2:for:for#5:slc(prng_refill_no_structs#2:for:prng_refill_no_structs#2:for:for#5:mux#3.itm(4), prng_refill_no_structs#3:for:for#5:prng_refill_no_structs#3:for:for#5:slc(prng_refill_no_structs#3:for:prng_refill_no_structs#3:for:for#5:mux#3.itm(4), prng_refill_no_structs:for:for#5:prng_refill_no_structs:for:for#5:slc(prng_refill_no_structs:for:prng_refill_no_structs:for:for#5:mux#3.itm(4)' (7 registers deleted). (FSM-3)
# Creating shared register 'prng_refill_no_structs#1:for:for#4:mux.itm(26)' for variables 'prng_refill_no_structs#1:for:for#4:mux.itm(26), prng_refill_no_structs#2:for:for#4:mux.itm(26), prng_refill_no_structs#3:for:for#4:mux.itm(26), prng_refill_no_structs:for:for#4:mux.itm(26), prng_refill_no_structs#1:for:for#5:prng_refill_no_structs#1:for:for#5:slc(prng_refill_no_structs#1:for:prng_refill_no_structs#1:for:for#5:mux#3.itm(5), prng_refill_no_structs#2:for:for#5:prng_refill_no_structs#2:for:for#5:slc(prng_refill_no_structs#2:for:prng_refill_no_structs#2:for:for#5:mux#3.itm(5), prng_refill_no_structs#3:for:for#5:prng_refill_no_structs#3:for:for#5:slc(prng_refill_no_structs#3:for:prng_refill_no_structs#3:for:for#5:mux#3.itm(5), prng_refill_no_structs:for:for#5:prng_refill_no_structs:for:for#5:slc(prng_refill_no_structs:for:prng_refill_no_structs:for:for#5:mux#3.itm(5)' (7 registers deleted). (FSM-3)
# Creating shared register 'prng_refill_no_structs#1:for:for#4:mux.itm(27)' for variables 'prng_refill_no_structs#1:for:for#4:mux.itm(27), prng_refill_no_structs#2:for:for#4:mux.itm(27), prng_refill_no_structs#3:for:for#4:mux.itm(27), prng_refill_no_structs:for:for#4:mux.itm(27), prng_refill_no_structs#1:for:for#5:prng_refill_no_structs#1:for:for#5:slc(prng_refill_no_structs#1:for:prng_refill_no_structs#1:for:for#5:mux#3.itm(6), prng_refill_no_structs#2:for:for#5:prng_refill_no_structs#2:for:for#5:slc(prng_refill_no_structs#2:for:prng_refill_no_structs#2:for:for#5:mux#3.itm(6), prng_refill_no_structs#3:for:for#5:prng_refill_no_structs#3:for:for#5:slc(prng_refill_no_structs#3:for:prng_refill_no_structs#3:for:for#5:mux#3.itm(6), prng_refill_no_structs:for:for#5:prng_refill_no_structs:for:for#5:slc(prng_refill_no_structs:for:prng_refill_no_structs:for:for#5:mux#3.itm(6)' (7 registers deleted). (FSM-3)
# Creating shared register 'prng_refill_no_structs#1:for:for#4:mux.itm(28)' for variables 'prng_refill_no_structs#1:for:for#4:mux.itm(28), prng_refill_no_structs#2:for:for#4:mux.itm(28), prng_refill_no_structs#3:for:for#4:mux.itm(28), prng_refill_no_structs:for:for#4:mux.itm(28), prng_refill_no_structs#1:for:for#5:prng_refill_no_structs#1:for:for#5:slc(prng_refill_no_structs#1:for:prng_refill_no_structs#1:for:for#5:mux#3.itm(7), prng_refill_no_structs#2:for:for#5:prng_refill_no_structs#2:for:for#5:slc(prng_refill_no_structs#2:for:prng_refill_no_structs#2:for:for#5:mux#3.itm(7), prng_refill_no_structs#3:for:for#5:prng_refill_no_structs#3:for:for#5:slc(prng_refill_no_structs#3:for:prng_refill_no_structs#3:for:for#5:mux#3.itm(7), prng_refill_no_structs:for:for#5:prng_refill_no_structs:for:for#5:slc(prng_refill_no_structs:for:prng_refill_no_structs:for:for#5:mux#3.itm(7)' (7 registers deleted). (FSM-3)
# Creating shared register 'prng_refill_no_structs#1:for:for#4:mux.itm(29)' for variables 'prng_refill_no_structs#1:for:for#4:mux.itm(29), prng_refill_no_structs#2:for:for#4:mux.itm(29), prng_refill_no_structs#3:for:for#4:mux.itm(29), prng_refill_no_structs:for:for#4:mux.itm(29)' (3 registers deleted). (FSM-3)
# Creating shared register 'prng_refill_no_structs#1:for:for#4:mux.itm(3)' for variables 'prng_refill_no_structs#1:for:for#4:mux.itm(3), prng_refill_no_structs#2:for:for#4:mux.itm(3), prng_refill_no_structs#3:for:for#4:mux.itm(3), prng_refill_no_structs:for:for#4:mux.itm(3)' (3 registers deleted). (FSM-3)
# Creating shared register 'prng_refill_no_structs#1:for:for#4:mux.itm(30)' for variables 'prng_refill_no_structs#1:for:for#4:mux.itm(30), prng_refill_no_structs#2:for:for#4:mux.itm(30), prng_refill_no_structs#3:for:for#4:mux.itm(30), prng_refill_no_structs:for:for#4:mux.itm(30)' (3 registers deleted). (FSM-3)
# Creating shared register 'prng_refill_no_structs#1:for:for#4:mux.itm(31)' for variables 'prng_refill_no_structs#1:for:for#4:mux.itm(31), prng_refill_no_structs#2:for:for#4:mux.itm(31), prng_refill_no_structs#3:for:for#4:mux.itm(31), prng_refill_no_structs:for:for#4:mux.itm(31)' (3 registers deleted). (FSM-3)
# Creating shared register 'prng_refill_no_structs#1:for:for#4:mux.itm(4)' for variables 'prng_refill_no_structs#1:for:for#4:mux.itm(4), prng_refill_no_structs#2:for:for#4:mux.itm(4), prng_refill_no_structs#3:for:for#4:mux.itm(4), prng_refill_no_structs:for:for#4:mux.itm(4)' (3 registers deleted). (FSM-3)
# Creating shared register 'prng_refill_no_structs#1:for:for#4:mux.itm(5)' for variables 'prng_refill_no_structs#1:for:for#4:mux.itm(5), prng_refill_no_structs#2:for:for#4:mux.itm(5), prng_refill_no_structs#3:for:for#4:mux.itm(5), prng_refill_no_structs:for:for#4:mux.itm(5)' (3 registers deleted). (FSM-3)
# Creating shared register 'prng_refill_no_structs#1:for:for#4:mux.itm(6)' for variables 'prng_refill_no_structs#1:for:for#4:mux.itm(6), prng_refill_no_structs#2:for:for#4:mux.itm(6), prng_refill_no_structs#3:for:for#4:mux.itm(6), prng_refill_no_structs:for:for#4:mux.itm(6)' (3 registers deleted). (FSM-3)
# Creating shared register 'prng_refill_no_structs#1:for:for#4:mux.itm(7)' for variables 'prng_refill_no_structs#1:for:for#4:mux.itm(7), prng_refill_no_structs#2:for:for#4:mux.itm(7), prng_refill_no_structs#3:for:for#4:mux.itm(7), prng_refill_no_structs:for:for#4:mux.itm(7)' (3 registers deleted). (FSM-3)
# Creating shared register 'prng_refill_no_structs#1:for:for#4:mux.itm(8)' for variables 'prng_refill_no_structs#1:for:for#4:mux.itm(8), prng_refill_no_structs#2:for:for#4:mux.itm(8), prng_refill_no_structs#3:for:for#4:mux.itm(8), prng_refill_no_structs:for:for#4:mux.itm(8)' (3 registers deleted). (FSM-3)
# Creating shared register 'prng_refill_no_structs#1:for:for#4:mux.itm(9)' for variables 'prng_refill_no_structs#1:for:for#4:mux.itm(9), prng_refill_no_structs#2:for:for#4:mux.itm(9), prng_refill_no_structs#3:for:for#4:mux.itm(9), prng_refill_no_structs:for:for#4:mux.itm(9)' (3 registers deleted). (FSM-3)
# Creating shared register 'fpr_mul#4:acc#16.psp#1.sva' for variables 'fpr_mul#4:acc#16.psp#1.sva, fpr_mul#5:acc#54.sdt, fpr_mul#5:slc(fpr_mul#5:acc#32)(35-7).slc' (2 registers deleted). (FSM-3)
# Creating shared register 'fpr_mul#4:acc#37.psp' for variables 'fpr_mul#4:acc#37.psp, fpr_mul#5:acc#75.psp, fpr_mul#5:acc#24.sdt, fpr_mul#6:mul#1.psp.sva, fpr_mul#5:acc#66.psp' (4 registers deleted). (FSM-3)
# Info: Running transformation 'dpfsm' on solution 'sampler_hls.v1': elapsed time 77.93 seconds, memory usage 1540448kB, peak memory usage 1655200kB (SOL-15)
# Creating shared register 'fpr_mul#5:acc#65.psp' for variables 'fpr_mul#5:acc#65.psp, fpr_mul#5:acc#69.psp, fpr_mul#5:acc#55.psp, fpr_mul#5:acc#70.sdt' (3 registers deleted). (FSM-3)
# Creating shared register 'prng_refill_no_structs#1:for:for#3:mux#21.itm(1:0)' for variables 'prng_refill_no_structs#1:for:for#3:mux#21.itm(1:0), prng_refill_no_structs#2:for:for#3:mux#21.itm(1:0), prng_refill_no_structs#3:for:for#3:mux#21.itm(1:0), prng_refill_no_structs:for:for#3:mux#21.itm(1:0), prng_refill_no_structs#1:for:v#1(2:0).sva(1:0), prng_refill_no_structs#2:for:v#1(2:0).sva(1:0), prng_refill_no_structs#3:for:v#1(2:0).sva(1:0), prng_refill_no_structs:for:v#1(2:0).sva(1:0), fpr_mul#6:acc#34.psp, prng_refill_no_structs#1:for:for:j(2:0).sva(1:0), prng_refill_no_structs#2:for:for:j(2:0).sva(1:0), prng_refill_no_structs#3:for:for:j(2:0).sva(1:0), prng_refill_no_structs:for:for:j(2:0).sva(1:0)' (12 registers deleted). (FSM-3)
# Creating shared register 'prng_refill_no_structs#1:for:for#4:acc#3.psp.sva' for variables 'prng_refill_no_structs#1:for:for#4:acc#3.psp.sva, prng_refill_no_structs#2:for:for#4:acc#3.psp.sva, prng_refill_no_structs#3:for:for#4:acc#3.psp.sva, prng_refill_no_structs:for:for#4:acc#3.psp.sva' (3 registers deleted). (FSM-3)
# Creating shared register 'prng_refill_no_structs#1:for:v(4:0).sva#1' for variables 'prng_refill_no_structs#1:for:v(4:0).sva#1, prng_refill_no_structs#2:for:v(4:0).sva#1, prng_refill_no_structs#3:for:v(4:0).sva#1, prng_refill_no_structs:for:v(4:0).sva#1, fpr_mul#6:acc#36.psp' (4 registers deleted). (FSM-3)
# Creating shared register 'prng_refill_no_structs#1:for:state(12)(23:16)#1.sva#2' for variables 'prng_refill_no_structs#1:for:state(12)(23:16)#1.sva#2, prng_refill_no_structs#1:for:state(12)(23:16)#1.sva#2.dfm, prng_refill_no_structs#1:for:state(14)#2(23:16).sva, prng_refill_no_structs#2:for:state(14)#2(23:16).sva, prng_refill_no_structs#3:for:state(14)#2(23:16).sva, prng_refill_no_structs:for:state(14)#2(23:16).sva, prng_refill_no_structs#2:for:state(12)(23:16)#1.sva#2, prng_refill_no_structs#2:for:state(12)(23:16)#1.sva#2.dfm, prng_refill_no_structs#3:for:state(12)(23:16)#1.sva#2, prng_refill_no_structs#3:for:state(12)(23:16)#1.sva#2.dfm, prng_refill_no_structs:for:state(12)(23:16)#1.sva#2, prng_refill_no_structs:for:state(12)(23:16)#1.sva#2.dfm' (11 registers deleted). (FSM-3)
# Creating shared register 'prng_refill_no_structs#1:for:state(12)(31:24)#1.sva#2' for variables 'prng_refill_no_structs#1:for:state(12)(31:24)#1.sva#2, prng_refill_no_structs#1:for:state(12)(31:24)#1.sva#2.dfm, prng_refill_no_structs#1:for:state(14)#2(31:24).sva, prng_refill_no_structs#2:for:state(14)#2(31:24).sva, prng_refill_no_structs#3:for:state(14)#2(31:24).sva, prng_refill_no_structs:for:state(14)#2(31:24).sva, prng_refill_no_structs#2:for:state(12)(31:24)#1.sva#2, prng_refill_no_structs#2:for:state(12)(31:24)#1.sva#2.dfm, prng_refill_no_structs#3:for:state(12)(31:24)#1.sva#2, prng_refill_no_structs#3:for:state(12)(31:24)#1.sva#2.dfm, prng_refill_no_structs:for:state(12)(31:24)#1.sva#2, prng_refill_no_structs:for:state(12)(31:24)#1.sva#2.dfm' (11 registers deleted). (FSM-3)
# Creating shared register 'prng_refill_no_structs#1:for:state(12)(7:0)#1.sva#2' for variables 'prng_refill_no_structs#1:for:state(12)(7:0)#1.sva#2, prng_refill_no_structs#1:for:state(12)(7:0)#1.sva#2.dfm, prng_refill_no_structs#1:for:state(14)#2(7:0).sva, prng_refill_no_structs#2:for:state(14)#2(7:0).sva, prng_refill_no_structs#3:for:state(14)#2(7:0).sva, prng_refill_no_structs:for:state(14)#2(7:0).sva, prng_refill_no_structs#2:for:state(12)(7:0)#1.sva#2, prng_refill_no_structs#2:for:state(12)(7:0)#1.sva#2.dfm, prng_refill_no_structs#3:for:state(12)(7:0)#1.sva#2, prng_refill_no_structs#3:for:state(12)(7:0)#1.sva#2.dfm, prng_refill_no_structs:for:state(12)(7:0)#1.sva#2, prng_refill_no_structs:for:state(12)(7:0)#1.sva#2.dfm' (11 registers deleted). (FSM-3)
# Creating shared register 'prng_refill_no_structs#1:for:state(13)(15:8)#1.sva#2' for variables 'prng_refill_no_structs#1:for:state(13)(15:8)#1.sva#2, prng_refill_no_structs#1:for:state(13)(15:8)#1.sva#2.dfm, prng_refill_no_structs#1:for:state(15)#2(15:8).sva, prng_refill_no_structs#2:for:state(15)#2(15:8).sva, prng_refill_no_structs#3:for:state(15)#2(15:8).sva, prng_refill_no_structs:for:state(15)#2(15:8).sva, prng_refill_no_structs#2:for:state(13)(15:8)#1.sva#2, prng_refill_no_structs#2:for:state(13)(15:8)#1.sva#2.dfm, prng_refill_no_structs#3:for:state(13)(15:8)#1.sva#2, prng_refill_no_structs#3:for:state(13)(15:8)#1.sva#2.dfm, prng_refill_no_structs:for:state(13)(15:8)#1.sva#2, prng_refill_no_structs:for:state(13)(15:8)#1.sva#2.dfm' (11 registers deleted). (FSM-3)
# Creating shared register 'prng_refill_no_structs#1:for:state(13)(23:16)#1.sva#2' for variables 'prng_refill_no_structs#1:for:state(13)(23:16)#1.sva#2, prng_refill_no_structs#1:for:state(13)(23:16)#1.sva#2.dfm, prng_refill_no_structs#1:for:state(15)#2(23:16).sva, prng_refill_no_structs#2:for:state(15)#2(23:16).sva, prng_refill_no_structs#3:for:state(15)#2(23:16).sva, prng_refill_no_structs:for:state(15)#2(23:16).sva, prng_refill_no_structs#2:for:state(13)(23:16)#1.sva#2, prng_refill_no_structs#2:for:state(13)(23:16)#1.sva#2.dfm, prng_refill_no_structs#3:for:state(13)(23:16)#1.sva#2, prng_refill_no_structs#3:for:state(13)(23:16)#1.sva#2.dfm, prng_refill_no_structs:for:state(13)(23:16)#1.sva#2, prng_refill_no_structs:for:state(13)(23:16)#1.sva#2.dfm' (11 registers deleted). (FSM-3)
# Creating shared register 'prng_refill_no_structs#1:for:state(13)(31:24)#1.sva#2' for variables 'prng_refill_no_structs#1:for:state(13)(31:24)#1.sva#2, prng_refill_no_structs#1:for:state(13)(31:24)#1.sva#2.dfm, prng_refill_no_structs#1:for:state(15)#2(31:24).sva, prng_refill_no_structs#2:for:state(15)#2(31:24).sva, prng_refill_no_structs#3:for:state(15)#2(31:24).sva, prng_refill_no_structs:for:state(15)#2(31:24).sva, prng_refill_no_structs#2:for:state(13)(31:24)#1.sva#2, prng_refill_no_structs#2:for:state(13)(31:24)#1.sva#2.dfm, prng_refill_no_structs#3:for:state(13)(31:24)#1.sva#2, prng_refill_no_structs#3:for:state(13)(31:24)#1.sva#2.dfm, prng_refill_no_structs:for:state(13)(31:24)#1.sva#2, prng_refill_no_structs:for:state(13)(31:24)#1.sva#2.dfm' (11 registers deleted). (FSM-3)
# Creating shared register 'prng_refill_no_structs#1:for:state(13)(7:0)#1.sva#2' for variables 'prng_refill_no_structs#1:for:state(13)(7:0)#1.sva#2, prng_refill_no_structs#1:for:state(13)(7:0)#1.sva#2.dfm, prng_refill_no_structs#1:for:state(15)#2(7:0).sva, prng_refill_no_structs#2:for:state(15)#2(7:0).sva, prng_refill_no_structs#3:for:state(15)#2(7:0).sva, prng_refill_no_structs:for:state(15)#2(7:0).sva, prng_refill_no_structs#2:for:state(13)(7:0)#1.sva#2, prng_refill_no_structs#2:for:state(13)(7:0)#1.sva#2.dfm, prng_refill_no_structs#3:for:state(13)(7:0)#1.sva#2, prng_refill_no_structs#3:for:state(13)(7:0)#1.sva#2.dfm, prng_refill_no_structs:for:state(13)(7:0)#1.sva#2, prng_refill_no_structs:for:state(13)(7:0)#1.sva#2.dfm' (11 registers deleted). (FSM-3)
# Creating shared register 'prng_refill_no_structs#1:cc.sva(15:8)' for variables 'prng_refill_no_structs#1:cc.sva(15:8), prng_refill_no_structs#2:cc.sva(15:8), prng_refill_no_structs#3:cc.sva(15:8), prng_refill_no_structs:cc.sva(15:8), read_uint64#1:r:slc(p_state:rsci.data_out_d)(7-0)#6.itm, read_uint64#2:r:slc(p_state:rsci.data_out_d)(7-0)#6.itm, read_uint64#3:r:slc(p_state:rsci.data_out_d)(7-0)#6.itm, read_uint64:r:slc(p_state:rsci.data_out_d)(7-0)#6.itm, prng_refill_no_structs#1:for:for#4:tmp:slc(p_state:rsci.data_out_d)(7-0)#1.itm, prng_refill_no_structs#2:for:for#4:tmp:slc(p_state:rsci.data_out_d)(7-0)#1.itm, prng_refill_no_structs#3:for:for#4:tmp:slc(p_state:rsci.data_out_d)(7-0)#1.itm, prng_refill_no_structs:for:for#4:tmp:slc(p_state:rsci.data_out_d)(7-0)#1.itm' (11 registers deleted). (FSM-3)
# Creating shared register 'prng_refill_no_structs#1:cc.sva(23:16)' for variables 'prng_refill_no_structs#1:cc.sva(23:16), prng_refill_no_structs#2:cc.sva(23:16), prng_refill_no_structs#3:cc.sva(23:16), prng_refill_no_structs:cc.sva(23:16), read_uint64#1:r:slc(p_state:rsci.data_out_d)(7-0)#5.itm, read_uint64#2:r:slc(p_state:rsci.data_out_d)(7-0)#5.itm, read_uint64#3:r:slc(p_state:rsci.data_out_d)(7-0)#5.itm, read_uint64:r:slc(p_state:rsci.data_out_d)(7-0)#5.itm, prng_refill_no_structs#1:for:for#4:tmp:slc(p_state:rsci.data_out_d)(7-0)#2.itm, prng_refill_no_structs#2:for:for#4:tmp:slc(p_state:rsci.data_out_d)(7-0)#2.itm, prng_refill_no_structs#3:for:for#4:tmp:slc(p_state:rsci.data_out_d)(7-0)#2.itm, prng_refill_no_structs:for:for#4:tmp:slc(p_state:rsci.data_out_d)(7-0)#2.itm' (11 registers deleted). (FSM-3)
# Creating shared register 'prng_refill_no_structs#1:cc.sva(31:24)' for variables 'prng_refill_no_structs#1:cc.sva(31:24), prng_refill_no_structs#2:cc.sva(31:24), prng_refill_no_structs#3:cc.sva(31:24), prng_refill_no_structs:cc.sva(31:24), read_uint64#1:r:slc(p_state:rsci.data_out_d)(7-0)#4.itm, read_uint64#2:r:slc(p_state:rsci.data_out_d)(7-0)#4.itm, read_uint64#3:r:slc(p_state:rsci.data_out_d)(7-0)#4.itm, read_uint64:r:slc(p_state:rsci.data_out_d)(7-0)#4.itm, prng_refill_no_structs#1:for:for#4:tmp:slc(p_state:rsci.data_out_d)(7-0)#3.itm, prng_refill_no_structs#2:for:for#4:tmp:slc(p_state:rsci.data_out_d)(7-0)#3.itm, prng_refill_no_structs#3:for:for#4:tmp:slc(p_state:rsci.data_out_d)(7-0)#3.itm, prng_refill_no_structs:for:for#4:tmp:slc(p_state:rsci.data_out_d)(7-0)#3.itm' (11 registers deleted). (FSM-3)
# Creating shared register 'prng_refill_no_structs#1:cc.sva(39:32)' for variables 'prng_refill_no_structs#1:cc.sva(39:32), prng_refill_no_structs#2:cc.sva(39:32), prng_refill_no_structs#3:cc.sva(39:32), prng_refill_no_structs:cc.sva(39:32), read_uint64#1:r:slc(p_state:rsci.data_out_d)(7-0)#3.itm, read_uint64#2:r:slc(p_state:rsci.data_out_d)(7-0)#3.itm, read_uint64#3:r:slc(p_state:rsci.data_out_d)(7-0)#3.itm, read_uint64:r:slc(p_state:rsci.data_out_d)(7-0)#3.itm' (7 registers deleted). (FSM-3)
# Creating shared register 'prng_refill_no_structs#1:cc.sva(47:40)' for variables 'prng_refill_no_structs#1:cc.sva(47:40), prng_refill_no_structs#2:cc.sva(47:40), prng_refill_no_structs#3:cc.sva(47:40), prng_refill_no_structs:cc.sva(47:40), read_uint64#1:r:slc(p_state:rsci.data_out_d)(7-0)#2.itm, read_uint64#2:r:slc(p_state:rsci.data_out_d)(7-0)#2.itm, read_uint64#3:r:slc(p_state:rsci.data_out_d)(7-0)#2.itm, read_uint64:r:slc(p_state:rsci.data_out_d)(7-0)#2.itm' (7 registers deleted). (FSM-3)
# Creating shared register 'prng_refill_no_structs#1:cc.sva(55:48)' for variables 'prng_refill_no_structs#1:cc.sva(55:48), prng_refill_no_structs#2:cc.sva(55:48), prng_refill_no_structs#3:cc.sva(55:48), prng_refill_no_structs:cc.sva(55:48), read_uint64#1:r:slc(p_state:rsci.data_out_d)(7-0)#1.itm, read_uint64#2:r:slc(p_state:rsci.data_out_d)(7-0)#1.itm, read_uint64#3:r:slc(p_state:rsci.data_out_d)(7-0)#1.itm, read_uint64:r:slc(p_state:rsci.data_out_d)(7-0)#1.itm' (7 registers deleted). (FSM-3)
# Creating shared register 'prng_refill_no_structs#1:cc.sva(63:56)' for variables 'prng_refill_no_structs#1:cc.sva(63:56), prng_refill_no_structs#2:cc.sva(63:56), prng_refill_no_structs#3:cc.sva(63:56), prng_refill_no_structs:cc.sva(63:56)' (3 registers deleted). (FSM-3)
# Creating shared register 'prng_refill_no_structs#1:cc.sva(7:0)' for variables 'prng_refill_no_structs#1:cc.sva(7:0), prng_refill_no_structs#2:cc.sva(7:0), prng_refill_no_structs#3:cc.sva(7:0), prng_refill_no_structs:cc.sva(7:0), read_uint64#1:r:slc(p_state:rsci.data_out_d)(7-0).itm, read_uint64#2:r:slc(p_state:rsci.data_out_d)(7-0).itm, read_uint64#3:r:slc(p_state:rsci.data_out_d)(7-0)#7.itm, read_uint64:r:slc(p_state:rsci.data_out_d)(7-0)#7.itm' (7 registers deleted). (FSM-3)
# Creating shared register 'prng_refill_no_structs#1:for:for#1:if:slc(p_state:rsci.data_out_d)(7-0)#1.itm' for variables 'prng_refill_no_structs#1:for:for#1:if:slc(p_state:rsci.data_out_d)(7-0)#1.itm, prng_refill_no_structs#2:for:for#1:if:slc(p_state:rsci.data_out_d)(7-0)#1.itm, prng_refill_no_structs#3:for:for#1:if:slc(p_state:rsci.data_out_d)(7-0)#1.itm, prng_refill_no_structs:for:for#1:if:slc(p_state:rsci.data_out_d)(7-0)#1.itm, prng_refill_no_structs#1:for:tmp#1:slc(p_state:rsci.data_out_d)(7-0)#1.itm, prng_refill_no_structs#2:for:tmp#1:slc(p_state:rsci.data_out_d)(7-0)#1.itm, prng_refill_no_structs#3:for:tmp#1:slc(p_state:rsci.data_out_d)(7-0)#1.itm, prng_refill_no_structs:for:tmp#1:slc(p_state:rsci.data_out_d)(7-0)#1.itm, prng_refill_no_structs#1:for:tmp:slc(p_state:rsci.data_out_d)(7-0)#1.itm, prng_refill_no_structs#2:for:tmp:slc(p_state:rsci.data_out_d)(7-0)#1.itm, prng_refill_no_structs#3:for:tmp:slc(p_state:rsci.data_out_d)(7-0)#1.itm, prng_refill_no_structs:for:tmp:slc(p_state:rsci.data_out_d)(7-0)#1.itm' (11 registers deleted). (FSM-3)
# Creating shared register 'prng_refill_no_structs#1:for:for#1:if:slc(p_state:rsci.data_out_d)(7-0)#2.itm' for variables 'prng_refill_no_structs#1:for:for#1:if:slc(p_state:rsci.data_out_d)(7-0)#2.itm, prng_refill_no_structs#2:for:for#1:if:slc(p_state:rsci.data_out_d)(7-0)#2.itm, prng_refill_no_structs#3:for:for#1:if:slc(p_state:rsci.data_out_d)(7-0)#2.itm, prng_refill_no_structs:for:for#1:if:slc(p_state:rsci.data_out_d)(7-0)#2.itm, prng_refill_no_structs#1:for:tmp#1:slc(p_state:rsci.data_out_d)(7-0)#2.itm, prng_refill_no_structs#2:for:tmp#1:slc(p_state:rsci.data_out_d)(7-0)#2.itm, prng_refill_no_structs#3:for:tmp#1:slc(p_state:rsci.data_out_d)(7-0)#2.itm, prng_refill_no_structs:for:tmp#1:slc(p_state:rsci.data_out_d)(7-0)#2.itm, prng_refill_no_structs#1:for:tmp:slc(p_state:rsci.data_out_d)(7-0)#2.itm, prng_refill_no_structs#2:for:tmp:slc(p_state:rsci.data_out_d)(7-0)#2.itm, prng_refill_no_structs#3:for:tmp:slc(p_state:rsci.data_out_d)(7-0)#2.itm, prng_refill_no_structs:for:tmp:slc(p_state:rsci.data_out_d)(7-0)#2.itm' (11 registers deleted). (FSM-3)
# Creating shared register 'prng_refill_no_structs#1:for:for#1:if:slc(p_state:rsci.data_out_d)(7-0)#3.itm' for variables 'prng_refill_no_structs#1:for:for#1:if:slc(p_state:rsci.data_out_d)(7-0)#3.itm, prng_refill_no_structs#2:for:for#1:if:slc(p_state:rsci.data_out_d)(7-0)#3.itm, prng_refill_no_structs#3:for:for#1:if:slc(p_state:rsci.data_out_d)(7-0)#3.itm, prng_refill_no_structs:for:for#1:if:slc(p_state:rsci.data_out_d)(7-0)#3.itm, prng_refill_no_structs#1:for:tmp#1:slc(p_state:rsci.data_out_d)(7-0)#3.itm, prng_refill_no_structs#2:for:tmp#1:slc(p_state:rsci.data_out_d)(7-0)#3.itm, prng_refill_no_structs#3:for:tmp#1:slc(p_state:rsci.data_out_d)(7-0)#3.itm, prng_refill_no_structs:for:tmp#1:slc(p_state:rsci.data_out_d)(7-0)#3.itm, prng_refill_no_structs#1:for:tmp:slc(p_state:rsci.data_out_d)(7-0)#3.itm, prng_refill_no_structs#2:for:tmp:slc(p_state:rsci.data_out_d)(7-0)#3.itm, prng_refill_no_structs#3:for:tmp:slc(p_state:rsci.data_out_d)(7-0)#3.itm, prng_refill_no_structs:for:tmp:slc(p_state:rsci.data_out_d)(7-0)#3.itm' (11 registers deleted). (FSM-3)
# Creating shared register 'prng_refill_no_structs#1:for:for#1:if:slc(p_state:rsci.data_out_d)(7-0).psp' for variables 'prng_refill_no_structs#1:for:for#1:if:slc(p_state:rsci.data_out_d)(7-0).psp, prng_refill_no_structs#2:for:for#1:if:slc(p_state:rsci.data_out_d)(7-0).psp, prng_refill_no_structs#3:for:for#1:if:slc(p_state:rsci.data_out_d)(7-0).psp, prng_refill_no_structs:for:for#1:if:slc(p_state:rsci.data_out_d)(7-0).psp, prng_refill_no_structs#1:for:state(12)(15:8)#1.sva#2, prng_refill_no_structs#1:for:state(12)(15:8)#1.sva#2.dfm, prng_refill_no_structs#1:for:state(14)#2(15:8).sva, prng_refill_no_structs#2:for:state(14)#2(15:8).sva, prng_refill_no_structs#3:for:state(14)#2(15:8).sva, prng_refill_no_structs:for:state(14)#2(15:8).sva, prng_refill_no_structs#2:for:state(12)(15:8)#1.sva#2, prng_refill_no_structs#2:for:state(12)(15:8)#1.sva#2.dfm, prng_refill_no_structs#3:for:state(12)(15:8)#1.sva#2, prng_refill_no_structs#3:for:state(12)(15:8)#1.sva#2.dfm, prng_refill_no_structs:for:state(12)(15:8)#1.sva#2, prng_refill_no_structs:for:state(12)(15:8)#1.sva#2.dfm' (15 registers deleted). (FSM-3)
# Creating shared register 'prng_refill_no_structs#1:for:state(14)#6(15:8).sva' for variables 'prng_refill_no_structs#1:for:state(14)#6(15:8).sva, prng_refill_no_structs#2:for:state(14)#6(15:8).sva, prng_refill_no_structs#3:for:state(14)#6(15:8).sva, prng_refill_no_structs:for:state(14)#6(15:8).sva' (3 registers deleted). (FSM-3)
# Creating shared register 'prng_refill_no_structs#1:for:state(14)#6(23:16).sva' for variables 'prng_refill_no_structs#1:for:state(14)#6(23:16).sva, prng_refill_no_structs#2:for:state(14)#6(23:16).sva, prng_refill_no_structs#3:for:state(14)#6(23:16).sva, prng_refill_no_structs:for:state(14)#6(23:16).sva' (3 registers deleted). (FSM-3)
# Creating shared register 'prng_refill_no_structs#1:for:state(14)#6(31:24).sva' for variables 'prng_refill_no_structs#1:for:state(14)#6(31:24).sva, prng_refill_no_structs#2:for:state(14)#6(31:24).sva, prng_refill_no_structs#3:for:state(14)#6(31:24).sva, prng_refill_no_structs:for:state(14)#6(31:24).sva' (3 registers deleted). (FSM-3)
# Creating shared register 'prng_refill_no_structs#1:for:state(14)#6(7:0).sva' for variables 'prng_refill_no_structs#1:for:state(14)#6(7:0).sva, prng_refill_no_structs#2:for:state(14)#6(7:0).sva, prng_refill_no_structs#3:for:state(14)#6(7:0).sva, prng_refill_no_structs:for:state(14)#6(7:0).sva' (3 registers deleted). (FSM-3)
# Creating shared register 'prng_refill_no_structs#1:for:state(15)#6(15:8).sva' for variables 'prng_refill_no_structs#1:for:state(15)#6(15:8).sva, prng_refill_no_structs#2:for:state(15)#6(15:8).sva, prng_refill_no_structs#3:for:state(15)#6(15:8).sva, prng_refill_no_structs:for:state(15)#6(15:8).sva' (3 registers deleted). (FSM-3)
# Creating shared register 'prng_refill_no_structs#1:for:state(15)#6(23:16).sva' for variables 'prng_refill_no_structs#1:for:state(15)#6(23:16).sva, prng_refill_no_structs#2:for:state(15)#6(23:16).sva, prng_refill_no_structs#3:for:state(15)#6(23:16).sva, prng_refill_no_structs:for:state(15)#6(23:16).sva' (3 registers deleted). (FSM-3)
# Creating shared register 'prng_refill_no_structs#1:for:state(15)#6(31:24).sva' for variables 'prng_refill_no_structs#1:for:state(15)#6(31:24).sva, prng_refill_no_structs#2:for:state(15)#6(31:24).sva, prng_refill_no_structs#3:for:state(15)#6(31:24).sva, prng_refill_no_structs:for:state(15)#6(31:24).sva' (3 registers deleted). (FSM-3)
# Creating shared register 'prng_refill_no_structs#1:for:state(15)#6(7:0).sva' for variables 'prng_refill_no_structs#1:for:state(15)#6(7:0).sva, prng_refill_no_structs#2:for:state(15)#6(7:0).sva, prng_refill_no_structs#3:for:state(15)#6(7:0).sva, prng_refill_no_structs:for:state(15)#6(7:0).sva' (3 registers deleted). (FSM-3)
# Creating shared register 'fpr_mul#1:acc#20.itm' for variables 'fpr_mul#1:acc#20.itm, fpr_mul#3:acc#20.itm, fpr_add:x#1(63:52).sva, BerExp_no_structs:xor.itm, gaussian0_sampler_no_structs:u(5:0).sva, prng_get_u64_no_structs:acc#11.psp.sva, prng_refill_no_structs#1:cc.sva(15:8), prng_refill_no_structs#2:cc.sva(15:8), prng_refill_no_structs#3:cc.sva(15:8), prng_refill_no_structs:cc.sva(15:8), read_uint64#1:r:slc(p_state:rsci.data_out_d)(7-0)#6.itm, read_uint64#2:r:slc(p_state:rsci.data_out_d)(7-0)#6.itm, read_uint64#3:r:slc(p_state:rsci.data_out_d)(7-0)#6.itm, read_uint64:r:slc(p_state:rsci.data_out_d)(7-0)#6.itm, prng_refill_no_structs#1:for:for#4:tmp:slc(p_state:rsci.data_out_d)(7-0)#1.itm, prng_refill_no_structs#2:for:for#4:tmp:slc(p_state:rsci.data_out_d)(7-0)#1.itm, prng_refill_no_structs#3:for:for#4:tmp:slc(p_state:rsci.data_out_d)(7-0)#1.itm, prng_refill_no_structs:for:for#4:tmp:slc(p_state:rsci.data_out_d)(7-0)#1.itm' (2 registers deleted). (FSM-3)
# Creating shared register 'fpr_mul#6:acc#33.psp' for variables 'fpr_mul#6:acc#33.psp, BerExp_no_structs:do:acc#1.psp.sva, fpr_mul#4:xor#1.itm(8:0), prng_get_u64_no_structs:acc#1.itm, fpr_add#1:acc#5.psp.sva, fpr_add#2:acc#5.psp.sva, fpr_add#3:acc#5.psp.sva, gaussian0_sampler_no_structs:lo(47:40).sva' (3 registers deleted). (FSM-3)
# Creating shared register 'fpr_mul#6:acc#24.itm' for variables 'fpr_mul#6:acc#24.itm, fpr_mul#4:acc#16.psp#1.sva, fpr_mul#5:acc#54.sdt, fpr_mul#5:slc(fpr_mul#5:acc#32)(35-7).slc, fpr_mul#5:acc#41.itm, fpr_mul#6:acc#32.psp, fpr_mul#5:acc#60.sdt, prng_refill_no_structs#1:for:state(0).sva, prng_refill_no_structs#2:for:state(0).sva, prng_refill_no_structs#3:for:state(0).sva, prng_refill_no_structs:for:state(0).sva, prng_refill_no_structs#1:for:state(0).sva#1, prng_refill_no_structs#1:for:state(0).sva#1.dfm#1, prng_refill_no_structs#2:for:state(0).sva#1, prng_refill_no_structs#2:for:state(0).sva#1.dfm#1, prng_refill_no_structs#3:for:state(0).sva#1, prng_refill_no_structs#3:for:state(0).sva#1.dfm#1, prng_refill_no_structs:for:state(0).sva#1, prng_refill_no_structs:for:state(0).sva#1.dfm#1' (4 registers deleted). (FSM-3)
# Creating shared register 'fpr_mul#4:acc#38.psp' for variables 'fpr_mul#4:acc#38.psp, fpr_mul#4:acc#37.psp, fpr_mul#5:acc#75.psp, fpr_mul#5:acc#24.sdt, fpr_mul#6:mul#1.psp.sva, fpr_mul#5:acc#66.psp, prng_refill_no_structs#1:for:state(1).sva, prng_refill_no_structs#2:for:state(1).sva, prng_refill_no_structs#3:for:state(1).sva, prng_refill_no_structs:for:state(1).sva, prng_refill_no_structs#1:for:state(1).sva#1, prng_refill_no_structs#1:for:state(1).sva#1.dfm#1, prng_refill_no_structs#2:for:state(1).sva#1, prng_refill_no_structs#2:for:state(1).sva#1.dfm#1, prng_refill_no_structs#3:for:state(1).sva#1, prng_refill_no_structs#3:for:state(1).sva#1.dfm#1, prng_refill_no_structs:for:state(1).sva#1, prng_refill_no_structs:for:state(1).sva#1.dfm#1' (2 registers deleted). (FSM-3)
# Creating shared register 'prng_refill_no_structs#1:for:state(10).sva#2' for variables 'prng_refill_no_structs#1:for:state(10).sva#2, prng_refill_no_structs#1:for:state(10).sva#2.dfm, prng_refill_no_structs#1:for:state(2).sva, prng_refill_no_structs#2:for:state(2).sva, prng_refill_no_structs#3:for:state(2).sva, prng_refill_no_structs:for:state(2).sva, prng_refill_no_structs#2:for:state(10).sva#2, prng_refill_no_structs#2:for:state(10).sva#2.dfm, prng_refill_no_structs#3:for:state(10).sva#2, prng_refill_no_structs#3:for:state(10).sva#2.dfm, prng_refill_no_structs:for:state(10).sva#2, prng_refill_no_structs:for:state(10).sva#2.dfm, fpr_mul#5:acc#59.psp, fpr_mul#5:slc(fpr_mul#5:acc#17)(33-7).slc, fpr_mul#6:mul.psp.sva, fpr_mul#5:acc#72.sdt' (3 registers deleted). (FSM-3)
# Creating shared register 'fpr_mul#6:acc#18.sdt' for variables 'fpr_mul#6:acc#18.sdt, fpr_mul#5:acc#65.psp, fpr_mul#5:acc#69.psp, fpr_mul#5:acc#55.psp, fpr_mul#5:acc#70.sdt, fpr_mul#5:acc#62.psp, prng_refill_no_structs#1:for:state(14).sva, prng_refill_no_structs#1:for:state(14).sva.dfm, prng_refill_no_structs#2:for:state(14).sva, prng_refill_no_structs#2:for:state(14).sva.dfm, prng_refill_no_structs#3:for:state(14).sva, prng_refill_no_structs#3:for:state(14).sva.dfm, prng_refill_no_structs:for:state(14).sva, prng_refill_no_structs:for:state(14).sva.dfm' (3 registers deleted). (FSM-3)
# Creating shared register 'fpr_mul#4:xor#1.itm(49:10)' for variables 'fpr_mul#4:xor#1.itm(49:10), fpr_expm_p63:for:slc(fpr_expm_p63:for:mul#1)(62-31).slc.sva, fpr_expm_p63:slc(fpr_expm_p63:mul#1)(62-31).slc.sva, fpr_mul#5:acc#79.psp, gaussian0_sampler_no_structs:z.sva, gaussian0_sampler_no_structs:z.sva#1, fpr_mul#1:acc#17.itm, fpr_mul#5:acc#56.sdt, fpr_expm_p63:acc#8.itm, fpr_mul#5:acc#67.sdt' (4 registers deleted). (FSM-3)
# Creating shared register 'prng_refill_no_structs#1:for:prng_refill_no_structs#1:for:acc#3.itm' for variables 'prng_refill_no_structs#1:for:prng_refill_no_structs#1:for:acc#3.itm, prng_refill_no_structs#2:for:prng_refill_no_structs#2:for:acc#3.itm, prng_refill_no_structs#3:for:prng_refill_no_structs#3:for:acc#3.itm, prng_refill_no_structs:for:prng_refill_no_structs:for:acc#3.itm, prng_refill_no_structs#1:for:state(15).sva, prng_refill_no_structs#1:for:state(15).sva.dfm, prng_refill_no_structs#2:for:state(15).sva, prng_refill_no_structs#2:for:state(15).sva.dfm, prng_refill_no_structs#3:for:state(15).sva, prng_refill_no_structs#3:for:state(15).sva.dfm, prng_refill_no_structs:for:state(15).sva, prng_refill_no_structs:for:state(15).sva.dfm, fpr_trunc:xu(31:0).sva, fpr_mul#5:acc#57.psp, fpr_mul#5:acc#68.sdt, fpr_mul#5:acc#71.sdt' (3 registers deleted). (FSM-3)
# Creating shared register 'prng_refill_no_structs#1:for:state(11).sva#2' for variables 'prng_refill_no_structs#1:for:state(11).sva#2, prng_refill_no_structs#1:for:state(11).sva#2.dfm, prng_refill_no_structs#1:for:state(3).sva, prng_refill_no_structs#2:for:state(3).sva, prng_refill_no_structs#3:for:state(3).sva, prng_refill_no_structs:for:state(3).sva, prng_refill_no_structs#2:for:state(11).sva#2, prng_refill_no_structs#2:for:state(11).sva#2.dfm, prng_refill_no_structs#3:for:state(11).sva#2, prng_refill_no_structs#3:for:state(11).sva#2.dfm, prng_refill_no_structs:for:state(11).sva#2, prng_refill_no_structs:for:state(11).sva#2.dfm, fpr_mul#5:acc#61.sdt, fpr_mul#5:acc#73.sdt' (2 registers deleted). (FSM-3)
# Creating shared register 'fpr_mul#1:mul#2.psp.sva' for variables 'fpr_mul#1:mul#2.psp.sva, fpr_mul#4:acc.psp, fpr_mul#6:acc#21.itm, fpr_mul#3:mul.psp.sva, fpr_mul#5:acc#22.sdt' (4 registers deleted). (FSM-3)
# Info: Running transformation 'dpfsm' on solution 'sampler_hls.v1': elapsed time 101.98 seconds, memory usage 1540448kB, peak memory usage 1655200kB (SOL-15)
# Info: Running transformation 'dpfsm' on solution 'sampler_hls.v1': elapsed time 125.69 seconds, memory usage 1540448kB, peak memory usage 1655200kB (SOL-15)
# Info: Completed transformation 'dpfsm' on solution 'sampler_hls.v1': elapsed time 128.76 seconds, memory usage 1540448kB, peak memory usage 1655200kB (SOL-9)
# Info: Design complexity at end of 'dpfsm': Total ops = 29233, Real ops = 13233, Vars = 3529 (SOL-21)
# Info: Starting transformation 'instance' on solution 'sampler_hls.v1' (SOL-8)
# Info: Running transformation 'instance' on solution 'sampler_hls.v1': elapsed time 23.22 seconds, memory usage 1540448kB, peak memory usage 1655200kB (SOL-15)
# Info: Running transformation 'instance' on solution 'sampler_hls.v1': elapsed time 46.76 seconds, memory usage 1540448kB, peak memory usage 1655200kB (SOL-15)
# Info: Running transformation 'instance' on solution 'sampler_hls.v1': elapsed time 76.62 seconds, memory usage 1540448kB, peak memory usage 1655200kB (SOL-15)
# Info: Running transformation 'instance' on solution 'sampler_hls.v1': elapsed time 100.43 seconds, memory usage 1540448kB, peak memory usage 1655200kB (SOL-15)
# Info: Running transformation 'instance' on solution 'sampler_hls.v1': elapsed time 123.95 seconds, memory usage 1540448kB, peak memory usage 1655200kB (SOL-15)
# Info: Running transformation 'instance' on solution 'sampler_hls.v1': elapsed time 148.01 seconds, memory usage 1540448kB, peak memory usage 1655200kB (SOL-15)
# Info: Running transformation 'instance' on solution 'sampler_hls.v1': elapsed time 172.18 seconds, memory usage 1540448kB, peak memory usage 1655200kB (SOL-15)
# Info: Running transformation 'instance' on solution 'sampler_hls.v1': elapsed time 201.23 seconds, memory usage 1540448kB, peak memory usage 1655200kB (SOL-15)
# Info: Running transformation 'instance' on solution 'sampler_hls.v1': elapsed time 231.08 seconds, memory usage 1540448kB, peak memory usage 1655200kB (SOL-15)
# Info: Running transformation 'instance' on solution 'sampler_hls.v1': elapsed time 254.45 seconds, memory usage 1540448kB, peak memory usage 1655200kB (SOL-15)
# Info: Running transformation 'instance' on solution 'sampler_hls.v1': elapsed time 278.32 seconds, memory usage 1540448kB, peak memory usage 1737056kB (SOL-15)
# Info: Running transformation 'instance' on solution 'sampler_hls.v1': elapsed time 301.01 seconds, memory usage 1540448kB, peak memory usage 1737056kB (SOL-15)
# Netlist written to file 'schematic.nlv' (NET-4)
# Info: Completed transformation 'instance' on solution 'sampler_hls.v1': elapsed time 310.35 seconds, memory usage 1540448kB, peak memory usage 1737056kB (SOL-9)
# Info: Design complexity at end of 'instance': Total ops = 33095, Real ops = 14165, Vars = 32582 (SOL-21)
# Info: Starting transformation 'extract' on solution 'sampler_hls.v1' (SOL-8)
# Info: Running transformation 'extract' on solution 'sampler_hls.v1': elapsed time 24.15 seconds, memory usage 1737056kB, peak memory usage 1737056kB (SOL-15)
# Report written to file 'rtl.rpt'
# Generating scverify_top.cpp
# Netlist written to file 'rtl.v' (NET-4)
# generate concat
# order file name is: rtl.v_order.txt
# Add dependent file: /eda/mentor/Siemens_EDA/Catapult_Synthesis_2023.1_2/Mgc_home/pkgs/siflibs/ccs_in_v1.v
# Add dependent file: /eda/mentor/Siemens_EDA/Catapult_Synthesis_2023.1_2/Mgc_home/pkgs/siflibs/mgc_inout_prereg_en_v1.v
# Add dependent file: /eda/mentor/Siemens_EDA/Catapult_Synthesis_2023.1_2/Mgc_home/pkgs/siflibs/ccs_out_v1.v
# Add dependent file: /eda/mentor/Siemens_EDA/Catapult_Synthesis_2023.1_2/Mgc_home/pkgs/siflibs/mgc_io_sync_v2.v
# Add dependent file: /eda/mentor/Siemens_EDA/Catapult_Synthesis_2023.1_2/Mgc_home/pkgs/siflibs/mgc_shift_br_beh_v5.v
# Add dependent file: ../td_ccore_solutions/ROM_1i4_1o64_52ee7b8e1bce831211ad8b8153a83d4cbc_0/rtl.v
# Add dependent file: ../td_ccore_solutions/ROM_1i6_1o24_cba67c7318478d93bedd602ba761c61bbd_0/rtl.v
# Add dependent file: /eda/mentor/Siemens_EDA/Catapult_Synthesis_2023.1_2/Mgc_home/pkgs/siflibs/mgc_shift_r_beh_v5.v
# Add dependent file: /eda/mentor/Siemens_EDA/Catapult_Synthesis_2023.1_2/Mgc_home/pkgs/siflibs/mgc_shift_l_beh_v5.v
# Add dependent file: ../td_ccore_solutions/ROM_1i6_1o24_c751459486ae8f07055671fbc2c0f884bd_0/rtl.v
# Add dependent file: ../td_ccore_solutions/ROM_1i6_1o24_a2c78c162476feb750e4560874de036bbd_0/rtl.v
# Add dependent file: ./rtl.v
# Finished writing concatenated file: /home/ghp7482/projects/c2hlsc/Catapult_129/sampler_hls.v1/concat_rtl.v
# order file name is: rtl.v_order_sim.txt
# Add dependent file: /eda/mentor/Siemens_EDA/Catapult_Synthesis_2023.1_2/Mgc_home/pkgs/siflibs/ccs_in_v1.v
# Add dependent file: /eda/mentor/Siemens_EDA/Catapult_Synthesis_2023.1_2/Mgc_home/pkgs/siflibs/mgc_inout_prereg_en_v1.v
# Add dependent file: /eda/mentor/Siemens_EDA/Catapult_Synthesis_2023.1_2/Mgc_home/pkgs/siflibs/ccs_out_v1.v
# Add dependent file: /eda/mentor/Siemens_EDA/Catapult_Synthesis_2023.1_2/Mgc_home/pkgs/siflibs/mgc_io_sync_v2.v
# Add dependent file: /eda/mentor/Siemens_EDA/Catapult_Synthesis_2023.1_2/Mgc_home/pkgs/siflibs/mgc_shift_br_beh_v5.v
# Add dependent file: ../td_ccore_solutions/ROM_1i4_1o64_52ee7b8e1bce831211ad8b8153a83d4cbc_0/rtl.v
# Add dependent file: ../td_ccore_solutions/ROM_1i6_1o24_cba67c7318478d93bedd602ba761c61bbd_0/rtl.v
# Add dependent file: /eda/mentor/Siemens_EDA/Catapult_Synthesis_2023.1_2/Mgc_home/pkgs/siflibs/mgc_shift_r_beh_v5.v
# Add dependent file: /eda/mentor/Siemens_EDA/Catapult_Synthesis_2023.1_2/Mgc_home/pkgs/siflibs/mgc_shift_l_beh_v5.v
# Add dependent file: ../td_ccore_solutions/ROM_1i6_1o24_c751459486ae8f07055671fbc2c0f884bd_0/rtl.v
# Add dependent file: ../td_ccore_solutions/ROM_1i6_1o24_a2c78c162476feb750e4560874de036bbd_0/rtl.v
# Add dependent file: ./rtl.v
# Finished writing concatenated simulation file: /home/ghp7482/projects/c2hlsc/Catapult_129/sampler_hls.v1/concat_sim_rtl.v
# Info: Running transformation 'extract' on solution 'sampler_hls.v1': elapsed time 47.42 seconds, memory usage 2064736kB, peak memory usage 2064736kB (SOL-15)
# Generating SCVerify testbench files
# Makefile for RTL Verilog output 'rtl.v' vs Untimed C++ written to file './scverify/Verify_rtl_v_msim.mk'
# Makefile for Concat RTL Verilog output 'concat_sim_rtl.v' vs Untimed C++ written to file './scverify/Verify_concat_sim_rtl_v_msim.mk'
# Info: Completed transformation 'extract' on solution 'sampler_hls.v1': elapsed time 74.16 seconds, memory usage 2064736kB, peak memory usage 2064736kB (SOL-9)
# Info: Design complexity at end of 'extract': Total ops = 33797, Real ops = 14639, Vars = 3695 (SOL-21)
# > end dofile ./outputs_sampler_o3-mini_19/initial.tcl
// Finish time Wed Jan 14 15:37:44 2026, time elapsed 31:23, peak memory 1.97GB, exit status 0
