//  Catapult Ultra Synthesis 2023.1_2/1049935 (Production Release) Sat Jun 10 10:53:51 PDT 2023
//  
//          Copyright (c) Siemens EDA, 1996-2023, All Rights Reserved.
//                        UNPUBLISHED, LICENSED SOFTWARE.
//             CONFIDENTIAL AND PROPRIETARY INFORMATION WHICH IS THE
//                   PROPERTY OF SIEMENS EDA OR ITS LICENSORS.
//  
//  Running on Linux ghp7482@hansolo.poly.edu 4.18.0-553.89.1.el8_10.x86_64 x86_64 aol
//  
//  Package information: SIFLIBS v26.1_2.0, HLS_PKGS v26.1_2.0, 
//                       SIF_TOOLKITS v26.1_2.0, SIF_XILINX v26.1_2.0, 
//                       SIF_ALTERA v26.1_2.0, CCS_LIBS v26.1_2.0, 
//                       CDS_PPRO v2022.1_1, CDS_DesigChecker v2023.1_1, 
//                       CDS_OASYS v21.1_3.1, CDS_PSR v22.2_0.9, 
//                       DesignPad v2.78_1.0
//  
//  Start time Sat Jan 17 22:14:22 2026
# -------------------------------------------------
# Logging session transcript to file "/tmp/log1177758603de0ce.0"
dofile ./outputs_sampler_o3-mini_17/initial.tcl
# > solution new -state initial
# Info: Branching solution 'solution.v2' at state 'initial' (PRJ-2)
# solution.v2
# > solution options defaults
# > solution options set /OnTheFly/VthAttributeType cell_lib
# cell_lib
# > solution options set /Input/TargetPlatform x86_64
# x86_64
# > solution options set /Output/OutputVHDL false
# false
# > solution options set /Output/GenerateCycleNetlist false
# false
# > solution file add tmp_sampler/sampler_llm.c -type C++
# /INPUTFILES/1
# > directive set -DESIGN_GOAL area
# /DESIGN_GOAL area
# > directive set -SPECULATE true
# /SPECULATE true
# > directive set -MERGEABLE true
# /MERGEABLE true
# > directive set -REGISTER_THRESHOLD 512
# /REGISTER_THRESHOLD 512
# > directive set -MEM_MAP_THRESHOLD 128
# /MEM_MAP_THRESHOLD 128
# > directive set -LOGIC_OPT false
# /LOGIC_OPT false
# > directive set -FSM_ENCODING none
# /FSM_ENCODING none
# > directive set -FSM_BINARY_ENCODING_THRESHOLD 64
# /FSM_BINARY_ENCODING_THRESHOLD 64
# > directive set -REG_MAX_FANOUT 0
# /REG_MAX_FANOUT 0
# > directive set -NO_X_ASSIGNMENTS true
# /NO_X_ASSIGNMENTS true
# > directive set -SAFE_FSM false
# /SAFE_FSM false
# > directive set -REGISTER_SHARING_MAX_WIDTH_DIFFERENCE 8
# /REGISTER_SHARING_MAX_WIDTH_DIFFERENCE 8
# > directive set -REGISTER_SHARING_LIMIT 0
# /REGISTER_SHARING_LIMIT 0
# > directive set -ASSIGN_OVERHEAD 0
# /ASSIGN_OVERHEAD 0
# > directive set -TIMING_CHECKS true
# /TIMING_CHECKS true
# > directive set -MUXPATH true
# /MUXPATH true
# > directive set -REALLOC true
# /REALLOC true
# > directive set -UNROLL no
# /UNROLL no
# > directive set -IO_MODE super
# /IO_MODE super
# > directive set -CHAN_IO_PROTOCOL use_library
# /CHAN_IO_PROTOCOL use_library
# > directive set -ARRAY_SIZE 4096
# /ARRAY_SIZE 4096
# > directive set -IDLE_SIGNAL {}
# /IDLE_SIGNAL {}
# > directive set -STALL_FLAG_SV off
# /STALL_FLAG_SV off
# > directive set -STALL_FLAG false
# /STALL_FLAG false
# > directive set -TRANSACTION_DONE_SIGNAL true
# /TRANSACTION_DONE_SIGNAL true
# > directive set -DONE_FLAG {}
# /DONE_FLAG {}
# > directive set -READY_FLAG {}
# /READY_FLAG {}
# > directive set -START_FLAG {}
# /START_FLAG {}
# > directive set -TRANSACTION_SYNC ready
# /TRANSACTION_SYNC ready
# > directive set -RESET_CLEARS_ALL_REGS use_library
# /RESET_CLEARS_ALL_REGS use_library
# > directive set -CLOCK_OVERHEAD 20.000000
# /CLOCK_OVERHEAD 20.000000
# > directive set -ON_THE_FLY_PROTOTYPING false
# /ON_THE_FLY_PROTOTYPING false
# > directive set -OPT_CONST_MULTS use_library
# /OPT_CONST_MULTS use_library
# > directive set -CHARACTERIZE_ROM false
# /CHARACTERIZE_ROM false
# > directive set -PROTOTYPE_ROM true
# /PROTOTYPE_ROM true
# > directive set -ROM_THRESHOLD 512
# /ROM_THRESHOLD 512
# > directive set -CLUSTER_ADDTREE_IN_WIDTH_THRESHOLD 0
# /CLUSTER_ADDTREE_IN_WIDTH_THRESHOLD 0
# > directive set -CLUSTER_ADDTREE_IN_COUNT_THRESHOLD 0
# /CLUSTER_ADDTREE_IN_COUNT_THRESHOLD 0
# > directive set -CLUSTER_OPT_CONSTANT_INPUTS true
# /CLUSTER_OPT_CONSTANT_INPUTS true
# > directive set -CLUSTER_RTL_SYN false
# /CLUSTER_RTL_SYN false
# > directive set -CLUSTER_FAST_MODE false
# /CLUSTER_FAST_MODE false
# > directive set -CLUSTER_TYPE combinational
# /CLUSTER_TYPE combinational
# > directive set -PROTOTYPING_ENGINE oasys
# /PROTOTYPING_ENGINE oasys
# > directive set -PIPELINE_RAMP_UP true
# /PIPELINE_RAMP_UP true
# > go new
# > go analyze
# Info: Starting transformation 'analyze' on solution 'solution.v2' (SOL-8)
# Creating project directory '/home/ghp7482/projects/c2hlsc/Catapult_328/'. (PRJ-1)
# Moving session transcript to file "/home/ghp7482/projects/c2hlsc/catapult.log"
# Front End called with arguments: -- /home/ghp7482/projects/c2hlsc/tmp_sampler/sampler_llm.c (CIN-69)
# Edison Design Group C++/C Front End - Version 6.3 (CIN-1)
# Warning: $PROJECT_HOME/include/ac_int.h(3628): variable "x" is used before its value is set (CRD-549)
# Warning: $PROJECT_HOME/include/ac_int.h(3629): variable "x" is used before its value is set (CRD-549)
# Warning: $PROJECT_HOME/include/ac_int.h(3630): variable "x" is used before its value is set (CRD-549)
# Warning: $PROJECT_HOME/include/ac_int.h(3631): variable "x" is used before its value is set (CRD-549)
# Warning: $PROJECT_HOME/include/ac_int.h(3632): variable "x" is used before its value is set (CRD-549)
# Warning: $PROJECT_HOME/include/ac_int.h(3633): variable "x" is used before its value is set (CRD-549)
# Warning: $PROJECT_HOME/include/ac_int.h(3634): variable "x" is used before its value is set (CRD-549)
# Warning: $PROJECT_HOME/include/ac_int.h(3635): variable "x" is used before its value is set (CRD-549)
# Warning: $PROJECT_HOME/include/ac_int.h(3636): variable "x" is used before its value is set (CRD-549)
# Warning: $PROJECT_HOME/include/ac_int.h(3637): variable "x" is used before its value is set (CRD-549)
# Warning: $PROJECT_HOME/include/ac_int.h(3638): variable "x" is used before its value is set (CRD-549)
# Warning: $PROJECT_HOME/include/ac_int.h(3639): variable "x" is used before its value is set (CRD-549)
# Warning: $PROJECT_HOME/include/ac_fixed.h(224): statement is unreachable (CRD-111)
# Warning: $PROJECT_HOME/include/ac_fixed.h(224):           detected during: (CRD-111)
# Warning: $PROJECT_HOME/include/ac_fixed.h(224):             instantiation of "bool ac_fixed<W, I, S, Q, O>::quantization_adjust(bool, bool, bool) [with W=54, I=2, S=true, Q=AC_TRN, O=AC_WRAP]" at line 366 (CRD-111)
# Warning: $PROJECT_HOME/include/ac_fixed.h(224):             instantiation of "ac_fixed<W, I, S, Q, O>::ac_fixed(const ac_fixed<W2, I2, S2, Q2, O2> &) [with W=54, I=2, S=true, Q=AC_TRN, O=AC_WRAP, W2=32, I2=32, S2=true, Q2=AC_TRN, O2=AC_WRAP]" at line 409 (CRD-111)
# Warning: $PROJECT_HOME/include/ac_fixed.h(224):             instantiation of "ac_fixed<W, I, S, Q, O>::ac_fixed(const ac_int<W2, S2> &) [with W=54, I=2, S=true, Q=AC_TRN, O=AC_WRAP, W2=32, S2=true]" at line 435 (CRD-111)
# Warning: $PROJECT_HOME/include/ac_fixed.h(224):             instantiation of "ac_fixed<W, I, S, Q, O>::ac_fixed(signed int) [with W=54, I=2, S=true, Q=AC_TRN, O=AC_WRAP]" at line 1561 (CRD-111)
# Warning: $PROJECT_HOME/include/ac_fixed.h(202): integer conversion resulted in a change of sign (CRD-68)
# Warning: $PROJECT_HOME/include/ac_fixed.h(202):           detected during: (CRD-68)
# Warning: $PROJECT_HOME/include/ac_fixed.h(202):             instantiation of "void ac_fixed<W, I, S, Q, O>::overflow_adjust(bool, bool) [with W=54, I=2, S=true, Q=AC_TRN, O=AC_WRAP]" at line 392 (CRD-68)
# Warning: $PROJECT_HOME/include/ac_fixed.h(202):             instantiation of "ac_fixed<W, I, S, Q, O>::ac_fixed(const ac_fixed<W2, I2, S2, Q2, O2> &) [with W=54, I=2, S=true, Q=AC_TRN, O=AC_WRAP, W2=32, I2=32, S2=true, Q2=AC_TRN, O2=AC_WRAP]" at line 409 (CRD-68)
# Warning: $PROJECT_HOME/include/ac_fixed.h(202):             instantiation of "ac_fixed<W, I, S, Q, O>::ac_fixed(const ac_int<W2, S2> &) [with W=54, I=2, S=true, Q=AC_TRN, O=AC_WRAP, W2=32, S2=true]" at line 435 (CRD-68)
# Warning: $PROJECT_HOME/include/ac_fixed.h(202):             instantiation of "ac_fixed<W, I, S, Q, O>::ac_fixed(signed int) [with W=54, I=2, S=true, Q=AC_TRN, O=AC_WRAP]" at line 1561 (CRD-68)
# Warning: $PROJECT_HOME/include/ac_fixed.h(224): statement is unreachable (CRD-111)
# Warning: $PROJECT_HOME/include/ac_fixed.h(224):           detected during: (CRD-111)
# Warning: $PROJECT_HOME/include/ac_fixed.h(224):             instantiation of "bool ac_fixed<W, I, S, Q, O>::quantization_adjust(bool, bool, bool) [with W=25, I=2, S=true, Q=AC_TRN, O=AC_WRAP]" at line 366 (CRD-111)
# Warning: $PROJECT_HOME/include/ac_fixed.h(224):             instantiation of "ac_fixed<W, I, S, Q, O>::ac_fixed(const ac_fixed<W2, I2, S2, Q2, O2> &) [with W=25, I=2, S=true, Q=AC_TRN, O=AC_WRAP, W2=32, I2=32, S2=true, Q2=AC_TRN, O2=AC_WRAP]" at line 409 (CRD-111)
# Warning: $PROJECT_HOME/include/ac_fixed.h(224):             instantiation of "ac_fixed<W, I, S, Q, O>::ac_fixed(const ac_int<W2, S2> &) [with W=25, I=2, S=true, Q=AC_TRN, O=AC_WRAP, W2=32, S2=true]" at line 435 (CRD-111)
# Warning: $PROJECT_HOME/include/ac_fixed.h(224):             instantiation of "ac_fixed<W, I, S, Q, O>::ac_fixed(signed int) [with W=25, I=2, S=true, Q=AC_TRN, O=AC_WRAP]" at line 1579 (CRD-111)
# Warning: $PROJECT_HOME/include/ac_fixed.h(202): integer conversion resulted in a change of sign (CRD-68)
# Warning: $PROJECT_HOME/include/ac_fixed.h(202):           detected during: (CRD-68)
# Warning: $PROJECT_HOME/include/ac_fixed.h(202):             instantiation of "void ac_fixed<W, I, S, Q, O>::overflow_adjust(bool, bool) [with W=25, I=2, S=true, Q=AC_TRN, O=AC_WRAP]" at line 392 (CRD-68)
# Warning: $PROJECT_HOME/include/ac_fixed.h(202):             instantiation of "ac_fixed<W, I, S, Q, O>::ac_fixed(const ac_fixed<W2, I2, S2, Q2, O2> &) [with W=25, I=2, S=true, Q=AC_TRN, O=AC_WRAP, W2=32, I2=32, S2=true, Q2=AC_TRN, O2=AC_WRAP]" at line 409 (CRD-68)
# Warning: $PROJECT_HOME/include/ac_fixed.h(202):             instantiation of "ac_fixed<W, I, S, Q, O>::ac_fixed(const ac_int<W2, S2> &) [with W=25, I=2, S=true, Q=AC_TRN, O=AC_WRAP, W2=32, S2=true]" at line 435 (CRD-68)
# Warning: $PROJECT_HOME/include/ac_fixed.h(202):             instantiation of "ac_fixed<W, I, S, Q, O>::ac_fixed(signed int) [with W=25, I=2, S=true, Q=AC_TRN, O=AC_WRAP]" at line 1579 (CRD-68)
# Warning: $PROJECT_HOME/include/ac_fixed.h(224): statement is unreachable (CRD-111)
# Warning: $PROJECT_HOME/include/ac_fixed.h(224):           detected during: (CRD-111)
# Warning: $PROJECT_HOME/include/ac_fixed.h(224):             instantiation of "bool ac_fixed<W, I, S, Q, O>::quantization_adjust(bool, bool, bool) [with W=53, I=1, S=false, Q=AC_TRN, O=AC_WRAP]" at line 366 (CRD-111)
# Warning: $PROJECT_HOME/include/ac_fixed.h(224):             instantiation of "ac_fixed<W, I, S, Q, O>::ac_fixed(const ac_fixed<W2, I2, S2, Q2, O2> &) [with W=53, I=1, S=false, Q=AC_TRN, O=AC_WRAP, W2=32, I2=32, S2=true, Q2=AC_TRN, O2=AC_WRAP]" at line 409 (CRD-111)
# Warning: $PROJECT_HOME/include/ac_fixed.h(224):             instantiation of "ac_fixed<W, I, S, Q, O>::ac_fixed(const ac_int<W2, S2> &) [with W=53, I=1, S=false, Q=AC_TRN, O=AC_WRAP, W2=32, S2=true]" at line 435 (CRD-111)
# Warning: $PROJECT_HOME/include/ac_fixed.h(224):             instantiation of "ac_fixed<W, I, S, Q, O>::ac_fixed(signed int) [with W=53, I=1, S=false, Q=AC_TRN, O=AC_WRAP]" at line 1599 (CRD-111)
# Warning: $PROJECT_HOME/include/ac_fixed.h(202): integer conversion resulted in a change of sign (CRD-68)
# Warning: $PROJECT_HOME/include/ac_fixed.h(202):           detected during: (CRD-68)
# Warning: $PROJECT_HOME/include/ac_fixed.h(202):             instantiation of "void ac_fixed<W, I, S, Q, O>::overflow_adjust(bool, bool) [with W=53, I=1, S=false, Q=AC_TRN, O=AC_WRAP]" at line 392 (CRD-68)
# Warning: $PROJECT_HOME/include/ac_fixed.h(202):             instantiation of "ac_fixed<W, I, S, Q, O>::ac_fixed(const ac_fixed<W2, I2, S2, Q2, O2> &) [with W=53, I=1, S=false, Q=AC_TRN, O=AC_WRAP, W2=32, I2=32, S2=true, Q2=AC_TRN, O2=AC_WRAP]" at line 409 (CRD-68)
# Warning: $PROJECT_HOME/include/ac_fixed.h(202):             instantiation of "ac_fixed<W, I, S, Q, O>::ac_fixed(const ac_int<W2, S2> &) [with W=53, I=1, S=false, Q=AC_TRN, O=AC_WRAP, W2=32, S2=true]" at line 435 (CRD-68)
# Warning: $PROJECT_HOME/include/ac_fixed.h(202):             instantiation of "ac_fixed<W, I, S, Q, O>::ac_fixed(signed int) [with W=53, I=1, S=false, Q=AC_TRN, O=AC_WRAP]" at line 1599 (CRD-68)
# Warning: $PROJECT_HOME/include/ac_fixed.h(224): statement is unreachable (CRD-111)
# Warning: $PROJECT_HOME/include/ac_fixed.h(224):           detected during: (CRD-111)
# Warning: $PROJECT_HOME/include/ac_fixed.h(224):             instantiation of "bool ac_fixed<W, I, S, Q, O>::quantization_adjust(bool, bool, bool) [with W=24, I=1, S=false, Q=AC_TRN, O=AC_WRAP]" at line 366 (CRD-111)
# Warning: $PROJECT_HOME/include/ac_fixed.h(224):             instantiation of "ac_fixed<W, I, S, Q, O>::ac_fixed(const ac_fixed<W2, I2, S2, Q2, O2> &) [with W=24, I=1, S=false, Q=AC_TRN, O=AC_WRAP, W2=32, I2=32, S2=true, Q2=AC_TRN, O2=AC_WRAP]" at line 409 (CRD-111)
# Warning: $PROJECT_HOME/include/ac_fixed.h(224):             instantiation of "ac_fixed<W, I, S, Q, O>::ac_fixed(const ac_int<W2, S2> &) [with W=24, I=1, S=false, Q=AC_TRN, O=AC_WRAP, W2=32, S2=true]" at line 435 (CRD-111)
# Warning: $PROJECT_HOME/include/ac_fixed.h(224):             instantiation of "ac_fixed<W, I, S, Q, O>::ac_fixed(signed int) [with W=24, I=1, S=false, Q=AC_TRN, O=AC_WRAP]" at line 1620 (CRD-111)
# Warning: $PROJECT_HOME/include/ac_fixed.h(202): integer conversion resulted in a change of sign (CRD-68)
# Warning: $PROJECT_HOME/include/ac_fixed.h(202):           detected during: (CRD-68)
# Warning: $PROJECT_HOME/include/ac_fixed.h(202):             instantiation of "void ac_fixed<W, I, S, Q, O>::overflow_adjust(bool, bool) [with W=24, I=1, S=false, Q=AC_TRN, O=AC_WRAP]" at line 392 (CRD-68)
# Warning: $PROJECT_HOME/include/ac_fixed.h(202):             instantiation of "ac_fixed<W, I, S, Q, O>::ac_fixed(const ac_fixed<W2, I2, S2, Q2, O2> &) [with W=24, I=1, S=false, Q=AC_TRN, O=AC_WRAP, W2=32, I2=32, S2=true, Q2=AC_TRN, O2=AC_WRAP]" at line 409 (CRD-68)
# Warning: $PROJECT_HOME/include/ac_fixed.h(202):             instantiation of "ac_fixed<W, I, S, Q, O>::ac_fixed(const ac_int<W2, S2> &) [with W=24, I=1, S=false, Q=AC_TRN, O=AC_WRAP, W2=32, S2=true]" at line 435 (CRD-68)
# Warning: $PROJECT_HOME/include/ac_fixed.h(202):             instantiation of "ac_fixed<W, I, S, Q, O>::ac_fixed(signed int) [with W=24, I=1, S=false, Q=AC_TRN, O=AC_WRAP]" at line 1620 (CRD-68)
# Source file analysis completed (CIN-68)
# Info: Completed transformation 'analyze' on solution 'solution.v2': elapsed time 3.25 seconds, memory usage 1237344kB, peak memory usage 1237344kB (SOL-9)
# > solution design set sampler_hls -top
# solution design set sampler_hls -top (HC-8)
# > go compile
# Info: Starting transformation 'compile' on solution 'sampler_hls.v1' (SOL-8)
# Generating synthesis internal form... (CIN-3)
# $PROJECT_HOME/tmp_sampler/sampler_llm.c(1237): Found top design routine 'sampler_hls' specified by directive (CIN-52)
# $PROJECT_HOME/tmp_sampler/sampler_llm.c(1237): Synthesizing routine 'sampler_hls' (CIN-13)
# $PROJECT_HOME/tmp_sampler/sampler_llm.c(1237): Inlining routine 'sampler_hls' (CIN-14)
# $PROJECT_HOME/tmp_sampler/sampler_llm.c(286): Inlining routine 'fpr_floor' (CIN-14)
# $PROJECT_HOME/tmp_sampler/sampler_llm.c(279): Inlining routine 'fpr_irsh' (CIN-14)
# $PROJECT_HOME/tmp_sampler/sampler_llm.c(496): Inlining routine 'fpr_of' (CIN-14)
# $PROJECT_HOME/tmp_sampler/sampler_llm.c(440): Inlining routine 'fpr_scaled' (CIN-14)
# $PROJECT_HOME/tmp_sampler/sampler_llm.c(200): Inlining routine 'FPR' (CIN-14)
# $PROJECT_HOME/tmp_sampler/sampler_llm.c(434): Inlining routine 'fpr_sub' (CIN-14)
# $PROJECT_HOME/tmp_sampler/sampler_llm.c(327): Inlining routine 'fpr_add' (CIN-14)
# $PROJECT_HOME/tmp_sampler/sampler_llm.c(266): Inlining routine 'fpr_ulsh' (CIN-14)
# $PROJECT_HOME/tmp_sampler/sampler_llm.c(253): Inlining routine 'fpr_ursh' (CIN-14)
# $PROJECT_HOME/tmp_sampler/sampler_llm.c(200): Inlining routine 'FPR' (CIN-14)
# $PROJECT_HOME/tmp_sampler/sampler_llm.c(597): Inlining routine 'fpr_sqr' (CIN-14)
# $PROJECT_HOME/tmp_sampler/sampler_llm.c(501): Inlining routine 'fpr_mul' (CIN-14)
# $PROJECT_HOME/tmp_sampler/sampler_llm.c(200): Inlining routine 'FPR' (CIN-14)
# $PROJECT_HOME/tmp_sampler/sampler_llm.c(603): Inlining routine 'fpr_half' (CIN-14)
# $PROJECT_HOME/tmp_sampler/sampler_llm.c(501): Inlining routine 'fpr_mul' (CIN-14)
# $PROJECT_HOME/tmp_sampler/sampler_llm.c(200): Inlining routine 'FPR' (CIN-14)
# $PROJECT_HOME/tmp_sampler/sampler_llm.c(1158): Inlining routine 'gaussian0_sampler_no_structs' (CIN-14)
# $PROJECT_HOME/tmp_sampler/sampler_llm.c(1137): Inlining routine 'prng_get_u64_no_structs' (CIN-14)
# $PROJECT_HOME/tmp_sampler/sampler_llm.c(1000): Inlining routine 'prng_refill_no_structs' (CIN-14)
# $PROJECT_HOME/tmp_sampler/sampler_llm.c(1123): Inlining routine 'prng_get_u8_no_structs' (CIN-14)
# $PROJECT_HOME/tmp_sampler/sampler_llm.c(1000): Inlining routine 'prng_refill_no_structs' (CIN-14)
# $PROJECT_HOME/tmp_sampler/sampler_llm.c(1123): Inlining routine 'prng_get_u8_no_structs' (CIN-14)
# $PROJECT_HOME/tmp_sampler/sampler_llm.c(1000): Inlining routine 'prng_refill_no_structs' (CIN-14)
# $PROJECT_HOME/tmp_sampler/sampler_llm.c(496): Inlining routine 'fpr_of' (CIN-14)
# $PROJECT_HOME/tmp_sampler/sampler_llm.c(440): Inlining routine 'fpr_scaled' (CIN-14)
# $PROJECT_HOME/tmp_sampler/sampler_llm.c(200): Inlining routine 'FPR' (CIN-14)
# $PROJECT_HOME/tmp_sampler/sampler_llm.c(434): Inlining routine 'fpr_sub' (CIN-14)
# $PROJECT_HOME/tmp_sampler/sampler_llm.c(327): Inlining routine 'fpr_add' (CIN-14)
# $PROJECT_HOME/tmp_sampler/sampler_llm.c(266): Inlining routine 'fpr_ulsh' (CIN-14)
# $PROJECT_HOME/tmp_sampler/sampler_llm.c(253): Inlining routine 'fpr_ursh' (CIN-14)
# $PROJECT_HOME/tmp_sampler/sampler_llm.c(200): Inlining routine 'FPR' (CIN-14)
# $PROJECT_HOME/tmp_sampler/sampler_llm.c(597): Inlining routine 'fpr_sqr' (CIN-14)
# $PROJECT_HOME/tmp_sampler/sampler_llm.c(501): Inlining routine 'fpr_mul' (CIN-14)
# $PROJECT_HOME/tmp_sampler/sampler_llm.c(200): Inlining routine 'FPR' (CIN-14)
# $PROJECT_HOME/tmp_sampler/sampler_llm.c(501): Inlining routine 'fpr_mul' (CIN-14)
# $PROJECT_HOME/tmp_sampler/sampler_llm.c(200): Inlining routine 'FPR' (CIN-14)
# $PROJECT_HOME/tmp_sampler/sampler_llm.c(496): Inlining routine 'fpr_of' (CIN-14)
# $PROJECT_HOME/tmp_sampler/sampler_llm.c(440): Inlining routine 'fpr_scaled' (CIN-14)
# $PROJECT_HOME/tmp_sampler/sampler_llm.c(200): Inlining routine 'FPR' (CIN-14)
# $PROJECT_HOME/tmp_sampler/sampler_llm.c(501): Inlining routine 'fpr_mul' (CIN-14)
# $PROJECT_HOME/tmp_sampler/sampler_llm.c(200): Inlining routine 'FPR' (CIN-14)
# $PROJECT_HOME/tmp_sampler/sampler_llm.c(434): Inlining routine 'fpr_sub' (CIN-14)
# $PROJECT_HOME/tmp_sampler/sampler_llm.c(327): Inlining routine 'fpr_add' (CIN-14)
# $PROJECT_HOME/tmp_sampler/sampler_llm.c(266): Inlining routine 'fpr_ulsh' (CIN-14)
# $PROJECT_HOME/tmp_sampler/sampler_llm.c(253): Inlining routine 'fpr_ursh' (CIN-14)
# $PROJECT_HOME/tmp_sampler/sampler_llm.c(200): Inlining routine 'FPR' (CIN-14)
# $PROJECT_HOME/tmp_sampler/sampler_llm.c(1209): Inlining routine 'BerExp_no_structs' (CIN-14)
# $PROJECT_HOME/tmp_sampler/sampler_llm.c(501): Inlining routine 'fpr_mul' (CIN-14)
# $PROJECT_HOME/tmp_sampler/sampler_llm.c(200): Inlining routine 'FPR' (CIN-14)
# $PROJECT_HOME/tmp_sampler/sampler_llm.c(618): Inlining routine 'fpr_trunc' (CIN-14)
# $PROJECT_HOME/tmp_sampler/sampler_llm.c(253): Inlining routine 'fpr_ursh' (CIN-14)
# $PROJECT_HOME/tmp_sampler/sampler_llm.c(496): Inlining routine 'fpr_of' (CIN-14)
# $PROJECT_HOME/tmp_sampler/sampler_llm.c(440): Inlining routine 'fpr_scaled' (CIN-14)
# $PROJECT_HOME/tmp_sampler/sampler_llm.c(200): Inlining routine 'FPR' (CIN-14)
# $PROJECT_HOME/tmp_sampler/sampler_llm.c(501): Inlining routine 'fpr_mul' (CIN-14)
# $PROJECT_HOME/tmp_sampler/sampler_llm.c(200): Inlining routine 'FPR' (CIN-14)
# $PROJECT_HOME/tmp_sampler/sampler_llm.c(434): Inlining routine 'fpr_sub' (CIN-14)
# $PROJECT_HOME/tmp_sampler/sampler_llm.c(327): Inlining routine 'fpr_add' (CIN-14)
# $PROJECT_HOME/tmp_sampler/sampler_llm.c(266): Inlining routine 'fpr_ulsh' (CIN-14)
# $PROJECT_HOME/tmp_sampler/sampler_llm.c(253): Inlining routine 'fpr_ursh' (CIN-14)
# $PROJECT_HOME/tmp_sampler/sampler_llm.c(200): Inlining routine 'FPR' (CIN-14)
# $PROJECT_HOME/tmp_sampler/sampler_llm.c(650): Inlining routine 'fpr_expm_p63' (CIN-14)
# $PROJECT_HOME/tmp_sampler/sampler_llm.c(501): Inlining routine 'fpr_mul' (CIN-14)
# $PROJECT_HOME/tmp_sampler/sampler_llm.c(200): Inlining routine 'FPR' (CIN-14)
# $PROJECT_HOME/tmp_sampler/sampler_llm.c(618): Inlining routine 'fpr_trunc' (CIN-14)
# $PROJECT_HOME/tmp_sampler/sampler_llm.c(253): Inlining routine 'fpr_ursh' (CIN-14)
# $PROJECT_HOME/tmp_sampler/sampler_llm.c(501): Inlining routine 'fpr_mul' (CIN-14)
# $PROJECT_HOME/tmp_sampler/sampler_llm.c(200): Inlining routine 'FPR' (CIN-14)
# $PROJECT_HOME/tmp_sampler/sampler_llm.c(618): Inlining routine 'fpr_trunc' (CIN-14)
# $PROJECT_HOME/tmp_sampler/sampler_llm.c(253): Inlining routine 'fpr_ursh' (CIN-14)
# $PROJECT_HOME/tmp_sampler/sampler_llm.c(1123): Inlining routine 'prng_get_u8_no_structs' (CIN-14)
# $PROJECT_HOME/tmp_sampler/sampler_llm.c(1000): Inlining routine 'prng_refill_no_structs' (CIN-14)
# $PROJECT_HOME/tmp_sampler/sampler_llm.c(1237): Optimizing block '/sampler_hls' ... (CIN-4)
# Warning: $PROJECT_HOME/tmp_sampler/sampler_llm.c(1161): Reducing the number of bits used to represent array elements of 'gaussian0_sampler_no_structs:dist.rom', from '32' bits to '24' bits. (MEM-87)
# Warning: $PROJECT_HOME/tmp_sampler/sampler_llm.c(1002): Reducing the number of bits used to represent array elements of 'prng_refill_no_structs:CW.rom', from '32' bits to '18' bits. (MEM-87)
# $PROJECT_HOME/tmp_sampler/sampler_llm.c(1030): Loop '/sampler_hls/core/prng_refill_no_structs:for:for' iterated at most 12 times. (LOOP-2)
# $PROJECT_HOME/tmp_sampler/sampler_llm.c(1069): Loop '/sampler_hls/core/prng_refill_no_structs:for:for#2' iterated at most 4 times. (LOOP-2)
# $PROJECT_HOME/tmp_sampler/sampler_llm.c(1073): Loop '/sampler_hls/core/prng_refill_no_structs:for:for#3' iterated at most 10 times. (LOOP-2)
# $PROJECT_HOME/tmp_sampler/sampler_llm.c(1100): Loop '/sampler_hls/core/prng_refill_no_structs:for:for#4' iterated at most 16 times. (LOOP-2)
# $PROJECT_HOME/tmp_sampler/sampler_llm.c(1016): Loop '/sampler_hls/core/prng_refill_no_structs:for' iterated at most 8 times. (LOOP-2)
# $PROJECT_HOME/tmp_sampler/sampler_llm.c(1030): Loop '/sampler_hls/core/prng_refill_no_structs#1:for:for' iterated at most 12 times. (LOOP-2)
# $PROJECT_HOME/tmp_sampler/sampler_llm.c(1069): Loop '/sampler_hls/core/prng_refill_no_structs#1:for:for#2' iterated at most 4 times. (LOOP-2)
# $PROJECT_HOME/tmp_sampler/sampler_llm.c(1073): Loop '/sampler_hls/core/prng_refill_no_structs#1:for:for#3' iterated at most 10 times. (LOOP-2)
# $PROJECT_HOME/tmp_sampler/sampler_llm.c(1100): Loop '/sampler_hls/core/prng_refill_no_structs#1:for:for#4' iterated at most 16 times. (LOOP-2)
# $PROJECT_HOME/tmp_sampler/sampler_llm.c(1016): Loop '/sampler_hls/core/prng_refill_no_structs#1:for' iterated at most 8 times. (LOOP-2)
# $PROJECT_HOME/tmp_sampler/sampler_llm.c(1194): Loop '/sampler_hls/core/gaussian0_sampler_no_structs:for' iterated at most 18 times. (LOOP-2)
# $PROJECT_HOME/tmp_sampler/sampler_llm.c(1030): Loop '/sampler_hls/core/prng_refill_no_structs#2:for:for' iterated at most 12 times. (LOOP-2)
# $PROJECT_HOME/tmp_sampler/sampler_llm.c(1069): Loop '/sampler_hls/core/prng_refill_no_structs#2:for:for#2' iterated at most 4 times. (LOOP-2)
# $PROJECT_HOME/tmp_sampler/sampler_llm.c(1073): Loop '/sampler_hls/core/prng_refill_no_structs#2:for:for#3' iterated at most 10 times. (LOOP-2)
# $PROJECT_HOME/tmp_sampler/sampler_llm.c(1100): Loop '/sampler_hls/core/prng_refill_no_structs#2:for:for#4' iterated at most 16 times. (LOOP-2)
# $PROJECT_HOME/tmp_sampler/sampler_llm.c(1016): Loop '/sampler_hls/core/prng_refill_no_structs#2:for' iterated at most 8 times. (LOOP-2)
# $PROJECT_HOME/tmp_sampler/sampler_llm.c(687): Loop '/sampler_hls/core/fpr_expm_p63:for' iterated at most 12 times. (LOOP-2)
# $PROJECT_HOME/tmp_sampler/sampler_llm.c(1030): Loop '/sampler_hls/core/prng_refill_no_structs#3:for:for' iterated at most 12 times. (LOOP-2)
# $PROJECT_HOME/tmp_sampler/sampler_llm.c(1069): Loop '/sampler_hls/core/prng_refill_no_structs#3:for:for#2' iterated at most 4 times. (LOOP-2)
# $PROJECT_HOME/tmp_sampler/sampler_llm.c(1073): Loop '/sampler_hls/core/prng_refill_no_structs#3:for:for#3' iterated at most 10 times. (LOOP-2)
# $PROJECT_HOME/tmp_sampler/sampler_llm.c(1100): Loop '/sampler_hls/core/prng_refill_no_structs#3:for:for#4' iterated at most 16 times. (LOOP-2)
# $PROJECT_HOME/tmp_sampler/sampler_llm.c(1016): Loop '/sampler_hls/core/prng_refill_no_structs#3:for' iterated at most 8 times. (LOOP-2)
# Info: Running transformation 'compile' on solution 'sampler_hls.v1': elapsed time 29.85 seconds, memory usage 1245536kB, peak memory usage 1302880kB (SOL-15)
# $PROJECT_HOME/tmp_sampler/sampler_llm.c(1042): Loop '/sampler_hls/core/prng_refill_no_structs:for:for#1' iterated at most 10 times. (LOOP-2)
# $PROJECT_HOME/tmp_sampler/sampler_llm.c(1042): Loop '/sampler_hls/core/prng_refill_no_structs#1:for:for#1' iterated at most 10 times. (LOOP-2)
# $PROJECT_HOME/tmp_sampler/sampler_llm.c(1042): Loop '/sampler_hls/core/prng_refill_no_structs#2:for:for#1' iterated at most 10 times. (LOOP-2)
# $PROJECT_HOME/tmp_sampler/sampler_llm.c(1042): Loop '/sampler_hls/core/prng_refill_no_structs#3:for:for#1' iterated at most 10 times. (LOOP-2)
# Info: Running transformation 'compile' on solution 'sampler_hls.v1': elapsed time 52.54 seconds, memory usage 1245536kB, peak memory usage 1302880kB (SOL-15)
# Info: Running transformation 'compile' on solution 'sampler_hls.v1': elapsed time 74.91 seconds, memory usage 1261920kB, peak memory usage 1343860kB (SOL-15)
# Design 'sampler_hls' was read (SOL-1)
# Makefile for Original Design + Testbench written to file './scverify/Verify_orig_cxx_osci.mk'
# Info: CDesignChecker Shell script written to '/home/ghp7482/projects/c2hlsc/Catapult_328/sampler_hls.v1/CDesignChecker/design_checker.sh'
# Info: Completed transformation 'compile' on solution 'sampler_hls.v1': elapsed time 92.19 seconds, memory usage 1245536kB, peak memory usage 1343860kB (SOL-9)
# Info: Design complexity at end of 'compile': Total ops = 10745, Real ops = 4923, Vars = 1597 (SOL-21)
# > solution library add mgc_Xilinx-ARTIX-7-1_beh -- -rtlsyntool Vivado -manufacturer Xilinx -family ARTIX-7 -speed -1 -part xc7a12tcsg325-1
# > solution library add Xilinx_RAMS
# > solution library add Xilinx_ROMS
# > solution library add ccs_fpga_hic
# > solution library add Xilinx_FIFO
# > go libraries
# Info: Starting transformation 'libraries' on solution 'sampler_hls.v1' (SOL-8)
# Info: Please set ComponentLibs/TechLibSearchPath to enable flows that use downstream synthesis tools (LIB-220)
# Reading component library '$MGC_HOME/pkgs/siflibs/mgc_busdefs.lib' [mgc_busdefs]... (LIB-49)
# Reading component library '$MGC_HOME/pkgs/siflibs/stdops.lib' [STDOPS]... (LIB-49)
# Reading component library '$MGC_HOME/pkgs/siflibs/fpops.lib' [FPOPS]... (LIB-49)
# Reading component library '$MGC_HOME/pkgs/siflibs/ccs_ioport.lib' [ccs_ioport]... (LIB-49)
# Reading component library '$MGC_HOME/pkgs/siflibs/mgc_ioport.lib' [mgc_ioport]... (LIB-49)
# Reading component library '$MGC_HOME/pkgs/cds_assert/assert_ops.lib' [ASSERT_OPS]... (LIB-49)
# Reading component library '$MGC_HOME/pkgs/cds_assert/assert_mods.lib' [assert_mods]... (LIB-49)
# Reading component library '$MGC_HOME/pkgs/siflibs/ccs_connections.lib' [ccs_connections]... (LIB-49)
# Reading component library '$MGC_HOME/pkgs/ccs_xilinx/mgc_Xilinx-ARTIX-7-1_beh.lib' [mgc_Xilinx-ARTIX-7-1_beh]... (LIB-49)
# Warning: Component library 'mgc_Xilinx-ARTIX-7-1_beh' created with a newer version of Catapult Library Builder, 2023.2/1049340 > 2023.1_2/1049935 (LIB-83)
# Reading component library '$MGC_HOME/pkgs/ccs_xilinx/Xilinx_RAMS.lib' [Xilinx_RAMS]... (LIB-49)
# Warning: Component library 'Xilinx_RAMS' created with a newer version of Catapult Library Builder, 2023.2/1049340 > 2023.1_2/1049935 (LIB-83)
# Reading component library '$MGC_HOME/pkgs/ccs_xilinx/Xilinx_ROMS.lib' [Xilinx_ROMS]... (LIB-49)
# Reading component library '$MGC_HOME/pkgs/siflibs/ccs_fpga/ccs_fpga_hic.lib' [ccs_fpga_hic]... (LIB-49)
# Reading component library '$MGC_HOME/pkgs/ccs_xilinx/Xilinx_FIFO.lib' [Xilinx_FIFO]... (LIB-49)
# Info: Completed transformation 'libraries' on solution 'sampler_hls.v1': elapsed time 1.27 seconds, memory usage 1245536kB, peak memory usage 1343860kB (SOL-9)
# Info: Design complexity at end of 'libraries': Total ops = 10745, Real ops = 4923, Vars = 1597 (SOL-21)
# > directive set -CLOCKS {clk {-CLOCK_PERIOD 20.0 -CLOCK_EDGE rising -CLOCK_UNCERTAINTY 0.0 -CLOCK_HIGH_TIME 10.0 -RESET_SYNC_NAME rst_n -RESET_ASYNC_NAME arst_n -RESET_KIND sync -RESET_SYNC_ACTIVE low -RESET_ASYNC_ACTIVE low -ENABLE_ACTIVE high}}
# /CLOCKS {clk {-CLOCK_PERIOD 20.0 -CLOCK_EDGE rising -CLOCK_UNCERTAINTY 0.0 -CLOCK_HIGH_TIME 10.0 -RESET_SYNC_NAME rst_n -RESET_ASYNC_NAME arst_n -RESET_KIND sync -RESET_SYNC_ACTIVE low -RESET_ASYNC_ACTIVE low -ENABLE_ACTIVE high}}
# > go assembly
# Info: Starting transformation 'assembly' on solution 'sampler_hls.v1' (SOL-8)
# Info: Completed transformation 'assembly' on solution 'sampler_hls.v1': elapsed time 21.13 seconds, memory usage 1278304kB, peak memory usage 1343860kB (SOL-9)
# Info: Design complexity at end of 'assembly': Total ops = 10746, Real ops = 4924, Vars = 1599 (SOL-21)
# > go extract
# Info: Starting transformation 'loops' on solution 'sampler_hls.v1' (SOL-8)
# $PROJECT_HOME/tmp_sampler/sampler_llm.c(1030): Loop '/sampler_hls/core/prng_refill_no_structs:for:for' is left rolled. (LOOP-4)
# $PROJECT_HOME/tmp_sampler/sampler_llm.c(1042): Loop '/sampler_hls/core/prng_refill_no_structs:for:for#1' is left rolled. (LOOP-4)
# $PROJECT_HOME/tmp_sampler/sampler_llm.c(1069): Loop '/sampler_hls/core/prng_refill_no_structs:for:for#2' is left rolled. (LOOP-4)
# $PROJECT_HOME/tmp_sampler/sampler_llm.c(1073): Loop '/sampler_hls/core/prng_refill_no_structs:for:for#3' is left rolled. (LOOP-4)
# $PROJECT_HOME/tmp_sampler/sampler_llm.c(1100): Loop '/sampler_hls/core/prng_refill_no_structs:for:for#4' is left rolled. (LOOP-4)
# $PROJECT_HOME/tmp_sampler/sampler_llm.c(1016): Loop '/sampler_hls/core/prng_refill_no_structs:for' is left rolled. (LOOP-4)
# $PROJECT_HOME/tmp_sampler/sampler_llm.c(1030): Loop '/sampler_hls/core/prng_refill_no_structs#1:for:for' is left rolled. (LOOP-4)
# $PROJECT_HOME/tmp_sampler/sampler_llm.c(1042): Loop '/sampler_hls/core/prng_refill_no_structs#1:for:for#1' is left rolled. (LOOP-4)
# $PROJECT_HOME/tmp_sampler/sampler_llm.c(1069): Loop '/sampler_hls/core/prng_refill_no_structs#1:for:for#2' is left rolled. (LOOP-4)
# $PROJECT_HOME/tmp_sampler/sampler_llm.c(1073): Loop '/sampler_hls/core/prng_refill_no_structs#1:for:for#3' is left rolled. (LOOP-4)
# $PROJECT_HOME/tmp_sampler/sampler_llm.c(1100): Loop '/sampler_hls/core/prng_refill_no_structs#1:for:for#4' is left rolled. (LOOP-4)
# $PROJECT_HOME/tmp_sampler/sampler_llm.c(1016): Loop '/sampler_hls/core/prng_refill_no_structs#1:for' is left rolled. (LOOP-4)
# $PROJECT_HOME/tmp_sampler/sampler_llm.c(1194): Loop '/sampler_hls/core/gaussian0_sampler_no_structs:for' is left rolled. (LOOP-4)
# $PROJECT_HOME/tmp_sampler/sampler_llm.c(1030): Loop '/sampler_hls/core/prng_refill_no_structs#2:for:for' is left rolled. (LOOP-4)
# $PROJECT_HOME/tmp_sampler/sampler_llm.c(1042): Loop '/sampler_hls/core/prng_refill_no_structs#2:for:for#1' is left rolled. (LOOP-4)
# $PROJECT_HOME/tmp_sampler/sampler_llm.c(1069): Loop '/sampler_hls/core/prng_refill_no_structs#2:for:for#2' is left rolled. (LOOP-4)
# $PROJECT_HOME/tmp_sampler/sampler_llm.c(1073): Loop '/sampler_hls/core/prng_refill_no_structs#2:for:for#3' is left rolled. (LOOP-4)
# $PROJECT_HOME/tmp_sampler/sampler_llm.c(1100): Loop '/sampler_hls/core/prng_refill_no_structs#2:for:for#4' is left rolled. (LOOP-4)
# $PROJECT_HOME/tmp_sampler/sampler_llm.c(1016): Loop '/sampler_hls/core/prng_refill_no_structs#2:for' is left rolled. (LOOP-4)
# $PROJECT_HOME/tmp_sampler/sampler_llm.c(687): Loop '/sampler_hls/core/fpr_expm_p63:for' is left rolled. (LOOP-4)
# $PROJECT_HOME/tmp_sampler/sampler_llm.c(1030): Loop '/sampler_hls/core/prng_refill_no_structs#3:for:for' is left rolled. (LOOP-4)
# $PROJECT_HOME/tmp_sampler/sampler_llm.c(1042): Loop '/sampler_hls/core/prng_refill_no_structs#3:for:for#1' is left rolled. (LOOP-4)
# $PROJECT_HOME/tmp_sampler/sampler_llm.c(1069): Loop '/sampler_hls/core/prng_refill_no_structs#3:for:for#2' is left rolled. (LOOP-4)
# $PROJECT_HOME/tmp_sampler/sampler_llm.c(1073): Loop '/sampler_hls/core/prng_refill_no_structs#3:for:for#3' is left rolled. (LOOP-4)
# $PROJECT_HOME/tmp_sampler/sampler_llm.c(1100): Loop '/sampler_hls/core/prng_refill_no_structs#3:for:for#4' is left rolled. (LOOP-4)
# $PROJECT_HOME/tmp_sampler/sampler_llm.c(1016): Loop '/sampler_hls/core/prng_refill_no_structs#3:for' is left rolled. (LOOP-4)
# $PROJECT_HOME/tmp_sampler/sampler_llm.c(1227): Loop '/sampler_hls/core/BerExp_no_structs:do' is left rolled. (LOOP-4)
# $PROJECT_HOME/tmp_sampler/sampler_llm.c(1250): Loop '/sampler_hls/core/for' is left rolled. (LOOP-4)
# $PROJECT_HOME/tmp_sampler/sampler_llm.c(1237): Loop '/sampler_hls/core/main' is left rolled. (LOOP-4)
# Loop '/sampler_hls/core/prng_refill_no_structs:for:for#3' is merged and folded into Loop 'prng_refill_no_structs:for:for#2' (LOOP-9)
# Loop '/sampler_hls/core/prng_refill_no_structs#1:for:for#3' is merged and folded into Loop 'prng_refill_no_structs#1:for:for#2' (LOOP-9)
# Loop '/sampler_hls/core/prng_refill_no_structs#2:for:for#3' is merged and folded into Loop 'prng_refill_no_structs#2:for:for#2' (LOOP-9)
# Loop '/sampler_hls/core/prng_refill_no_structs#3:for:for#3' is merged and folded into Loop 'prng_refill_no_structs#3:for:for#2' (LOOP-9)
# Info: Running transformation 'loops' on solution 'sampler_hls.v1': elapsed time 29.82 seconds, memory usage 1278304kB, peak memory usage 1376632kB (SOL-15)
# Loop '/sampler_hls/core/prng_refill_no_structs:for:for#4' is merged and folded into Loop 'prng_refill_no_structs:for:for#2' (LOOP-9)
# Loop '/sampler_hls/core/prng_refill_no_structs#1:for:for#4' is merged and folded into Loop 'prng_refill_no_structs#1:for:for#2' (LOOP-9)
# Loop '/sampler_hls/core/prng_refill_no_structs#2:for:for#4' is merged and folded into Loop 'prng_refill_no_structs#2:for:for#2' (LOOP-9)
# Loop '/sampler_hls/core/prng_refill_no_structs#3:for:for#4' is merged and folded into Loop 'prng_refill_no_structs#3:for:for#2' (LOOP-9)
# Info: Running transformation 'loops' on solution 'sampler_hls.v1': elapsed time 53.52 seconds, memory usage 1278304kB, peak memory usage 1376632kB (SOL-15)
# Info: Completed transformation 'loops' on solution 'sampler_hls.v1': elapsed time 73.06 seconds, memory usage 1278304kB, peak memory usage 1376632kB (SOL-9)
# Info: Design complexity at end of 'loops': Total ops = 10778, Real ops = 4932, Vars = 1615 (SOL-21)
# Info: Starting transformation 'memories' on solution 'sampler_hls.v1' (SOL-8)
# $PROJECT_HOME/tmp_sampler/sampler_llm.c(1237): Memory Resource '/sampler_hls/p_buf:rsc' (from var: p_buf) mapped to 'Xilinx_RAMS.BLOCK_1R1W_RBW' (size: 512 x 8). (MEM-4)
# $PROJECT_HOME/tmp_sampler/sampler_llm.c(1237): I/O-Port Resource '/sampler_hls/p_ptr:rsc' (from var: p_ptr) mapped to 'mgc_ioport.mgc_inout_prereg_en' (size: 64). (MEM-2)
# $PROJECT_HOME/tmp_sampler/sampler_llm.c(1237): Memory Resource '/sampler_hls/p_state:rsc' (from var: p_state) mapped to 'Xilinx_RAMS.BLOCK_1R1W_RBW' (size: 256 x 8). (MEM-4)
# $PROJECT_HOME/tmp_sampler/sampler_llm.c(1238): I/O-Port Resource '/sampler_hls/p_type:rsc' (from var: p_type) mapped to 'ccs_ioport.ccs_in' (size: 32). (MEM-2)
# $PROJECT_HOME/tmp_sampler/sampler_llm.c(1238): I/O-Port Resource '/sampler_hls/sigma_min:rsc' (from var: sigma_min) mapped to 'ccs_ioport.ccs_in' (size: 64). (MEM-2)
# $PROJECT_HOME/tmp_sampler/sampler_llm.c(1238): I/O-Port Resource '/sampler_hls/mu:rsc' (from var: mu) mapped to 'ccs_ioport.ccs_in' (size: 64). (MEM-2)
# $PROJECT_HOME/tmp_sampler/sampler_llm.c(1238): I/O-Port Resource '/sampler_hls/isigma:rsc' (from var: isigma) mapped to 'ccs_ioport.ccs_in' (size: 64). (MEM-2)
# $PROJECT_HOME/tmp_sampler/sampler_llm.c(1237): I/O-Port Resource '/sampler_hls/return:rsc' (from var: return) mapped to 'ccs_ioport.ccs_out' (size: 32). (MEM-2)
# Info: Running transformation 'memories' on solution 'sampler_hls.v1': elapsed time 23.62 seconds, memory usage 1343860kB, peak memory usage 1376632kB (SOL-15)
# Info: Running transformation 'memories' on solution 'sampler_hls.v1': elapsed time 49.45 seconds, memory usage 1278304kB, peak memory usage 1376632kB (SOL-15)
# Info: Running transformation 'memories' on solution 'sampler_hls.v1': elapsed time 79.29 seconds, memory usage 1278304kB, peak memory usage 1376632kB (SOL-15)
# Info: Running transformation 'memories' on solution 'sampler_hls.v1': elapsed time 102.80 seconds, memory usage 1343860kB, peak memory usage 1376632kB (SOL-15)
# Info: Running transformation 'memories' on solution 'sampler_hls.v1': elapsed time 126.20 seconds, memory usage 1278304kB, peak memory usage 1376632kB (SOL-15)
# Info: Completed transformation 'memories' on solution 'sampler_hls.v1': elapsed time 139.43 seconds, memory usage 1278304kB, peak memory usage 1376632kB (SOL-9)
# Info: Design complexity at end of 'memories': Total ops = 14056, Real ops = 6492, Vars = 2653 (SOL-21)
# Info: Starting transformation 'cluster' on solution 'sampler_hls.v1' (SOL-8)
# Info: Completed transformation 'cluster' on solution 'sampler_hls.v1': elapsed time 1.05 seconds, memory usage 1278304kB, peak memory usage 1376632kB (SOL-9)
# Info: Design complexity at end of 'cluster': Total ops = 14056, Real ops = 6492, Vars = 2653 (SOL-21)
# Info: Starting transformation 'architect' on solution 'sampler_hls.v1' (SOL-8)
# Info: Running transformation 'architect' on solution 'sampler_hls.v1': elapsed time 23.74 seconds, memory usage 1278304kB, peak memory usage 1376632kB (SOL-15)
# Info: Running transformation 'architect' on solution 'sampler_hls.v1': elapsed time 47.33 seconds, memory usage 1278304kB, peak memory usage 1376632kB (SOL-15)
# Info: Running transformation 'architect' on solution 'sampler_hls.v1': elapsed time 70.92 seconds, memory usage 1278304kB, peak memory usage 1376632kB (SOL-15)
# Info: Running transformation 'architect' on solution 'sampler_hls.v1': elapsed time 94.25 seconds, memory usage 1278304kB, peak memory usage 1376632kB (SOL-15)
# Info: Running transformation 'architect' on solution 'sampler_hls.v1': elapsed time 124.11 seconds, memory usage 1278304kB, peak memory usage 1376632kB (SOL-15)
# Info: Running transformation 'architect' on solution 'sampler_hls.v1': elapsed time 147.55 seconds, memory usage 1278304kB, peak memory usage 1376632kB (SOL-15)
# Design 'sampler_hls' contains '7134' real operations. (SOL-11)
# Info: Completed transformation 'architect' on solution 'sampler_hls.v1': elapsed time 153.65 seconds, memory usage 1278304kB, peak memory usage 1376632kB (SOL-9)
# Info: Design complexity at end of 'architect': Total ops = 17785, Real ops = 7134, Vars = 3424 (SOL-21)
# Info: Starting transformation 'allocate' on solution 'sampler_hls.v1' (SOL-8)
# Performing concurrent resource allocation and scheduling on '/sampler_hls/core' (CRAAS-1)
# Info: Select qualified components for data operations ... (CRAAS-3)
# Info: Apply resource constraints on data operations ... (CRAAS-4)
# $PROJECT_HOME/tmp_sampler/sampler_llm.c(1069): Prescheduled LOOP '/sampler_hls/core/prng_refill_no_structs#3:for:for#2' (3 c-steps) (SCHD-7)
# $PROJECT_HOME/tmp_sampler/sampler_llm.c(1042): Prescheduled LOOP '/sampler_hls/core/prng_refill_no_structs#3:for:for#1' (2 c-steps) (SCHD-7)
# $PROJECT_HOME/tmp_sampler/sampler_llm.c(1030): Prescheduled LOOP '/sampler_hls/core/prng_refill_no_structs#3:for:for' (2 c-steps) (SCHD-7)
# $PROJECT_HOME/tmp_sampler/sampler_llm.c(1016): Prescheduled LOOP '/sampler_hls/core/prng_refill_no_structs#3:for' (4 c-steps) (SCHD-7)
# $PROJECT_HOME/tmp_sampler/sampler_llm.c(1069): Prescheduled LOOP '/sampler_hls/core/prng_refill_no_structs#2:for:for#2' (3 c-steps) (SCHD-7)
# $PROJECT_HOME/tmp_sampler/sampler_llm.c(1042): Prescheduled LOOP '/sampler_hls/core/prng_refill_no_structs#2:for:for#1' (2 c-steps) (SCHD-7)
# $PROJECT_HOME/tmp_sampler/sampler_llm.c(1030): Prescheduled LOOP '/sampler_hls/core/prng_refill_no_structs#2:for:for' (2 c-steps) (SCHD-7)
# $PROJECT_HOME/tmp_sampler/sampler_llm.c(1069): Prescheduled LOOP '/sampler_hls/core/prng_refill_no_structs#1:for:for#2' (3 c-steps) (SCHD-7)
# $PROJECT_HOME/tmp_sampler/sampler_llm.c(1042): Prescheduled LOOP '/sampler_hls/core/prng_refill_no_structs#1:for:for#1' (2 c-steps) (SCHD-7)
# $PROJECT_HOME/tmp_sampler/sampler_llm.c(1030): Prescheduled LOOP '/sampler_hls/core/prng_refill_no_structs#1:for:for' (2 c-steps) (SCHD-7)
# $PROJECT_HOME/tmp_sampler/sampler_llm.c(1069): Prescheduled LOOP '/sampler_hls/core/prng_refill_no_structs:for:for#2' (3 c-steps) (SCHD-7)
# $PROJECT_HOME/tmp_sampler/sampler_llm.c(1042): Prescheduled LOOP '/sampler_hls/core/prng_refill_no_structs:for:for#1' (2 c-steps) (SCHD-7)
# $PROJECT_HOME/tmp_sampler/sampler_llm.c(1030): Prescheduled LOOP '/sampler_hls/core/prng_refill_no_structs:for:for' (2 c-steps) (SCHD-7)
# $PROJECT_HOME/tmp_sampler/sampler_llm.c(1227): Prescheduled LOOP '/sampler_hls/core/BerExp_no_structs:do' (4 c-steps) (SCHD-7)
# $PROJECT_HOME/tmp_sampler/sampler_llm.c(687): Prescheduled LOOP '/sampler_hls/core/fpr_expm_p63:for' (2 c-steps) (SCHD-7)
# $PROJECT_HOME/tmp_sampler/sampler_llm.c(1016): Prescheduled LOOP '/sampler_hls/core/prng_refill_no_structs#2:for' (4 c-steps) (SCHD-7)
# $PROJECT_HOME/tmp_sampler/sampler_llm.c(1194): Prescheduled LOOP '/sampler_hls/core/gaussian0_sampler_no_structs:for' (1 c-steps) (SCHD-7)
# $PROJECT_HOME/tmp_sampler/sampler_llm.c(1016): Prescheduled LOOP '/sampler_hls/core/prng_refill_no_structs#1:for' (4 c-steps) (SCHD-7)
# $PROJECT_HOME/tmp_sampler/sampler_llm.c(1016): Prescheduled LOOP '/sampler_hls/core/prng_refill_no_structs:for' (4 c-steps) (SCHD-7)
# $PROJECT_HOME/tmp_sampler/sampler_llm.c(1250): Prescheduled LOOP '/sampler_hls/core/for' (36 c-steps) (SCHD-7)
# $PROJECT_HOME/tmp_sampler/sampler_llm.c(1237): Prescheduled LOOP '/sampler_hls/core/main' (8 c-steps) (SCHD-7)
# $PROJECT_HOME/tmp_sampler/sampler_llm.c(1237): Prescheduled LOOP '/sampler_hls/core/core:rlp' (0 c-steps) (SCHD-7)
# $PROJECT_HOME/tmp_sampler/sampler_llm.c(1237): Prescheduled SEQUENTIAL '/sampler_hls/core' (total length 8566 c-steps) (SCHD-8)
# Info: $PROJECT_HOME/tmp_sampler/sampler_llm.c(1237): Initial schedule of SEQUENTIAL '/sampler_hls/core': Latency = 20939, Area (Datapath, Register, Total) = 51418.62, 0.00, 51418.62 (CRAAS-11)
# At least one feasible schedule exists. (CRAAS-9)
# Info: $PROJECT_HOME/tmp_sampler/sampler_llm.c(1237): Final schedule of SEQUENTIAL '/sampler_hls/core': Latency = 20972, Area (Datapath, Register, Total) = 26283.13, 0.00, 26283.13 (CRAAS-12)
# Resource allocation and scheduling done. (CRAAS-2)
# Netlist written to file 'schedule.gnt' (NET-4)
# Info: Running transformation 'allocate' on solution 'sampler_hls.v1': elapsed time 23.57 seconds, memory usage 1409376kB, peak memory usage 1409376kB (SOL-15)
# Info: Optimized LOOP '/sampler_hls/core/main': Latency = 20984, Area (Datapath, Register, Total) = 26283.13, 0.00, 26283.13 (CRAAS-18)
# Info: Completed transformation 'allocate' on solution 'sampler_hls.v1': elapsed time 26.75 seconds, memory usage 1409376kB, peak memory usage 1409376kB (SOL-9)
# Info: Design complexity at end of 'allocate': Total ops = 17785, Real ops = 7134, Vars = 3424 (SOL-21)
# Info: Starting transformation 'schedule' on solution 'sampler_hls.v1' (SOL-8)
# Performing concurrent resource allocation and scheduling on '/sampler_hls/core' (CRAAS-1)
# Global signal 'p_buf:rsc.q' added to design 'sampler_hls' for component 'p_buf:rsci' (LIB-3)
# Global signal 'p_buf:rsc.re' added to design 'sampler_hls' for component 'p_buf:rsci' (LIB-3)
# Global signal 'p_buf:rsc.radr' added to design 'sampler_hls' for component 'p_buf:rsci' (LIB-3)
# Global signal 'p_buf:rsc.we' added to design 'sampler_hls' for component 'p_buf:rsci' (LIB-3)
# Global signal 'p_buf:rsc.d' added to design 'sampler_hls' for component 'p_buf:rsci' (LIB-3)
# Global signal 'p_buf:rsc.wadr' added to design 'sampler_hls' for component 'p_buf:rsci' (LIB-3)
# Global signal 'p_ptr:rsc.zin' added to design 'sampler_hls' for component 'p_ptr:rsci' (LIB-3)
# Global signal 'p_ptr:rsc.lzout' added to design 'sampler_hls' for component 'p_ptr:rsci' (LIB-3)
# Global signal 'p_ptr:rsc.zout' added to design 'sampler_hls' for component 'p_ptr:rsci' (LIB-3)
# Global signal 'p_state:rsc.q' added to design 'sampler_hls' for component 'p_state:rsci' (LIB-3)
# Global signal 'p_state:rsc.re' added to design 'sampler_hls' for component 'p_state:rsci' (LIB-3)
# Global signal 'p_state:rsc.radr' added to design 'sampler_hls' for component 'p_state:rsci' (LIB-3)
# Global signal 'p_state:rsc.we' added to design 'sampler_hls' for component 'p_state:rsci' (LIB-3)
# Global signal 'p_state:rsc.d' added to design 'sampler_hls' for component 'p_state:rsci' (LIB-3)
# Global signal 'p_state:rsc.wadr' added to design 'sampler_hls' for component 'p_state:rsci' (LIB-3)
# Global signal 'p_type:rsc.dat' added to design 'sampler_hls' for component 'p_type:rsci' (LIB-3)
# Global signal 'sigma_min:rsc.dat' added to design 'sampler_hls' for component 'sigma_min:rsci' (LIB-3)
# Global signal 'mu:rsc.dat' added to design 'sampler_hls' for component 'mu:rsci' (LIB-3)
# Global signal 'isigma:rsc.dat' added to design 'sampler_hls' for component 'isigma:rsci' (LIB-3)
# Global signal 'return:rsc.dat' added to design 'sampler_hls' for component 'return:rsci' (LIB-3)
# Global signal 'p_buf.triosy.lz' added to design 'sampler_hls' for component 'p_buf.triosy:obj' (LIB-3)
# Global signal 'p_ptr.triosy.lz' added to design 'sampler_hls' for component 'p_ptr.triosy:obj' (LIB-3)
# Global signal 'p_state.triosy.lz' added to design 'sampler_hls' for component 'p_state.triosy:obj' (LIB-3)
# Global signal 'p_type.triosy.lz' added to design 'sampler_hls' for component 'p_type.triosy:obj' (LIB-3)
# Global signal 'sigma_min.triosy.lz' added to design 'sampler_hls' for component 'sigma_min.triosy:obj' (LIB-3)
# Global signal 'mu.triosy.lz' added to design 'sampler_hls' for component 'mu.triosy:obj' (LIB-3)
# Global signal 'isigma.triosy.lz' added to design 'sampler_hls' for component 'isigma.triosy:obj' (LIB-3)
# Global signal 'return.triosy.lz' added to design 'sampler_hls' for component 'return.triosy:obj' (LIB-3)
# Info: Running transformation 'schedule' on solution 'sampler_hls.v1': elapsed time 23.52 seconds, memory usage 1507684kB, peak memory usage 1540456kB (SOL-15)
# Info: Running transformation 'schedule' on solution 'sampler_hls.v1': elapsed time 47.04 seconds, memory usage 1540456kB, peak memory usage 1540456kB (SOL-15)
# Info: Running transformation 'schedule' on solution 'sampler_hls.v1': elapsed time 70.74 seconds, memory usage 1507684kB, peak memory usage 1573228kB (SOL-15)
# Info: Running transformation 'schedule' on solution 'sampler_hls.v1': elapsed time 98.19 seconds, memory usage 1442148kB, peak memory usage 1573228kB (SOL-15)
# Info: Running transformation 'schedule' on solution 'sampler_hls.v1': elapsed time 128.02 seconds, memory usage 1540456kB, peak memory usage 1573228kB (SOL-15)
# Info: Running transformation 'schedule' on solution 'sampler_hls.v1': elapsed time 151.69 seconds, memory usage 1442148kB, peak memory usage 1573228kB (SOL-15)
# Warning: $PROJECT_HOME/tmp_sampler/sampler_llm.c(1238): Input port 'p_type:rsc.dat' is never used. (OPT-4)
# Info: Running transformation 'schedule' on solution 'sampler_hls.v1': elapsed time 175.23 seconds, memory usage 1409376kB, peak memory usage 1573228kB (SOL-15)
# Info: Running transformation 'schedule' on solution 'sampler_hls.v1': elapsed time 198.84 seconds, memory usage 1540456kB, peak memory usage 1573228kB (SOL-15)
# Info: Running transformation 'schedule' on solution 'sampler_hls.v1': elapsed time 222.38 seconds, memory usage 1442148kB, peak memory usage 1573228kB (SOL-15)
# Info: Running transformation 'schedule' on solution 'sampler_hls.v1': elapsed time 252.25 seconds, memory usage 1474912kB, peak memory usage 1573228kB (SOL-15)
# Report written to file 'cycle.rpt'
# Info: Running transformation 'schedule' on solution 'sampler_hls.v1': elapsed time 275.18 seconds, memory usage 1474912kB, peak memory usage 1573228kB (SOL-15)
# Info: Completed transformation 'schedule' on solution 'sampler_hls.v1': elapsed time 278.73 seconds, memory usage 1474912kB, peak memory usage 1573228kB (SOL-9)
# Info: Design complexity at end of 'schedule': Total ops = 27108, Real ops = 9051, Vars = 6287 (SOL-21)
# Info: Starting transformation 'dpfsm' on solution 'sampler_hls.v1' (SOL-8)
# Performing FSM extraction... (FSM-1)
# Creating shared register 'FPR#4:FPR#4:nor#1.psp.sva' for variables 'FPR#4:FPR#4:nor#1.psp.sva, FPR:FPR:nor#1.psp.sva, FPR#12:FPR#12:nor#10.psp.sva, BerExp_no_structs:do:aelse:BerExp_no_structs:do:nand.itm, exit:prng_refill_no_structs#1:for:for#4.sva, exit:prng_refill_no_structs#2:for:for#4.sva, exit:prng_refill_no_structs#3:for:for#4.sva, exit:prng_refill_no_structs:for:for#4.sva' (7 registers deleted). (FSM-3)
# Creating shared register 'FPR#4:FPR#4:nor#10.psp.sva' for variables 'FPR#4:FPR#4:nor#10.psp.sva, FPR:FPR:nor#10.psp.sva, FPR#12:FPR#12:nor#12.psp.sva, exit:prng_refill_no_structs#1:for:for#4.sva.dfm, exit:prng_refill_no_structs#2:for:for#4.sva.dfm, exit:prng_refill_no_structs#3:for:for#4.sva.dfm, exit:prng_refill_no_structs:for:for#4.sva.dfm' (6 registers deleted). (FSM-3)
# Creating shared register 'FPR#4:FPR#4:nor#12.psp.sva' for variables 'FPR#4:FPR#4:nor#12.psp.sva, FPR:FPR:nor#12.psp.sva, FPR#12:FPR#12:nor#14.psp.sva, prng_get_u64_no_structs:slc()(64).svs' (3 registers deleted). (FSM-3)
# Creating shared register 'FPR#4:FPR#4:nor#14.psp.sva' for variables 'FPR#4:FPR#4:nor#14.psp.sva, FPR:FPR:nor#14.psp.sva, FPR#12:FPR#12:nor#16.psp.sva, prng_refill_no_structs#1:for:for#2:and#13.itm, prng_refill_no_structs#2:for:for#2:and#13.itm, prng_refill_no_structs#3:for:for#2:and#12.itm, prng_refill_no_structs:for:for#2:and#13.itm' (6 registers deleted). (FSM-3)
# Creating shared register 'FPR#4:FPR#4:nor#16.psp.sva' for variables 'FPR#4:FPR#4:nor#16.psp.sva, FPR:FPR:nor#16.psp.sva, FPR#12:FPR#12:nor#18.psp.sva, prng_refill_no_structs#1:for:for#2:and#14.itm, prng_refill_no_structs#2:for:for#2:and#14.itm, prng_refill_no_structs#3:for:for#2:and#13.itm, prng_refill_no_structs:for:for#2:and#14.itm' (6 registers deleted). (FSM-3)
# Creating shared register 'FPR#4:FPR#4:nor#18.psp.sva' for variables 'FPR#4:FPR#4:nor#18.psp.sva, FPR:FPR:nor#18.psp.sva, FPR#12:FPR#12:nor#2.psp.sva, prng_refill_no_structs#1:for:for#2:and#15.itm, prng_refill_no_structs#2:for:for#2:and#15.itm, prng_refill_no_structs#3:for:for#2:and#14.itm, prng_refill_no_structs:for:for#2:and#15.itm' (6 registers deleted). (FSM-3)
# Creating shared register 'FPR#4:FPR#4:nor#2.psp.sva' for variables 'FPR#4:FPR#4:nor#2.psp.sva, FPR:FPR:nor#2.psp.sva, FPR#12:FPR#12:nor#20.psp.sva, prng_refill_no_structs#1:for:for#2:and#16.itm, prng_refill_no_structs#2:for:for#2:and#16.itm, prng_refill_no_structs#3:for:for#2:and#15.itm, prng_refill_no_structs:for:for#2:and#16.itm' (6 registers deleted). (FSM-3)
# Creating shared register 'FPR#4:FPR#4:nor#20.psp.sva' for variables 'FPR#4:FPR#4:nor#20.psp.sva, FPR:FPR:nor#20.psp.sva, FPR#12:FPR#12:nor#22.psp.sva, prng_refill_no_structs#1:for:for#2:mux#21.itm, prng_refill_no_structs#2:for:for#2:mux#21.itm, prng_refill_no_structs#3:for:for#2:mux#21.itm, prng_refill_no_structs:for:for#2:mux#21.itm, exit:prng_refill_no_structs:for:for#2.sva, exit:prng_refill_no_structs#3:for:for#2.sva, exit:prng_refill_no_structs#1:for:for#2.sva, exit:prng_refill_no_structs#2:for:for#2.sva' (10 registers deleted). (FSM-3)
# Creating shared register 'FPR#4:FPR#4:nor#22.psp.sva' for variables 'FPR#4:FPR#4:nor#22.psp.sva, FPR:FPR:nor#22.psp.sva, FPR#12:FPR#12:nor#24.psp.sva' (2 registers deleted). (FSM-3)
# Creating shared register 'FPR#4:FPR#4:nor#24.psp.sva' for variables 'FPR#4:FPR#4:nor#24.psp.sva, FPR:FPR:nor#24.psp.sva, FPR#12:FPR#12:nor#26.psp.sva' (2 registers deleted). (FSM-3)
# Creating shared register 'FPR#4:FPR#4:nor#26.psp.sva' for variables 'FPR#4:FPR#4:nor#26.psp.sva, FPR:FPR:nor#26.psp.sva, FPR#12:FPR#12:nor#28.psp.sva' (2 registers deleted). (FSM-3)
# Creating shared register 'FPR#4:FPR#4:nor#28.psp.sva' for variables 'FPR#4:FPR#4:nor#28.psp.sva, FPR:FPR:nor#28.psp.sva, FPR#12:FPR#12:nor#30.psp.sva' (2 registers deleted). (FSM-3)
# Creating shared register 'FPR#4:FPR#4:nor#3.psp.sva' for variables 'FPR#4:FPR#4:nor#3.psp.sva, FPR:FPR:nor#3.psp.sva, FPR#12:FPR#12:nor#32.psp.sva' (2 registers deleted). (FSM-3)
# Creating shared register 'FPR#4:FPR#4:nor#30.psp.sva' for variables 'FPR#4:FPR#4:nor#30.psp.sva, FPR:FPR:nor#30.psp.sva, FPR#12:FPR#12:nor#34.psp.sva' (2 registers deleted). (FSM-3)
# Creating shared register 'FPR#4:FPR#4:nor#32.psp.sva' for variables 'FPR#4:FPR#4:nor#32.psp.sva, FPR:FPR:nor#32.psp.sva, FPR#12:FPR#12:nor#36.psp.sva' (2 registers deleted). (FSM-3)
# Creating shared register 'FPR#4:FPR#4:nor#34.psp.sva' for variables 'FPR#4:FPR#4:nor#34.psp.sva, FPR:FPR:nor#34.psp.sva, FPR#12:FPR#12:nor#38.psp.sva' (2 registers deleted). (FSM-3)
# Creating shared register 'FPR#4:FPR#4:nor#36.psp.sva' for variables 'FPR#4:FPR#4:nor#36.psp.sva, FPR:FPR:nor#36.psp.sva, FPR#12:FPR#12:nor#4.psp.sva' (2 registers deleted). (FSM-3)
# Creating shared register 'FPR#4:FPR#4:nor#38.psp.sva' for variables 'FPR#4:FPR#4:nor#38.psp.sva, FPR:FPR:nor#38.psp.sva, FPR#12:FPR#12:nor#40.psp.sva' (2 registers deleted). (FSM-3)
# Creating shared register 'FPR#4:FPR#4:nor#4.psp.sva' for variables 'FPR#4:FPR#4:nor#4.psp.sva, FPR:FPR:nor#4.psp.sva, FPR#12:FPR#12:nor#42.psp.sva' (2 registers deleted). (FSM-3)
# Creating shared register 'FPR#4:FPR#4:nor#40.psp.sva' for variables 'FPR#4:FPR#4:nor#40.psp.sva, FPR:FPR:nor#40.psp.sva, FPR#12:FPR#12:nor#44.psp.sva' (2 registers deleted). (FSM-3)
# Creating shared register 'FPR#4:FPR#4:nor#42.psp.sva' for variables 'FPR#4:FPR#4:nor#42.psp.sva, FPR:FPR:nor#42.psp.sva, FPR#12:FPR#12:nor#46.psp.sva' (2 registers deleted). (FSM-3)
# Creating shared register 'FPR#4:FPR#4:nor#44.psp.sva' for variables 'FPR#4:FPR#4:nor#44.psp.sva, FPR:FPR:nor#44.psp.sva, FPR#12:FPR#12:nor#48.psp.sva' (2 registers deleted). (FSM-3)
# Creating shared register 'FPR#4:FPR#4:nor#46.psp.sva' for variables 'FPR#4:FPR#4:nor#46.psp.sva, FPR:FPR:nor#46.psp.sva, FPR#12:FPR#12:nor#50.psp.sva' (2 registers deleted). (FSM-3)
# Creating shared register 'FPR#4:FPR#4:nor#48.psp.sva' for variables 'FPR#4:FPR#4:nor#48.psp.sva, FPR:FPR:nor#48.psp.sva, FPR#12:FPR#12:nor#52.psp.sva' (2 registers deleted). (FSM-3)
# Creating shared register 'FPR#4:FPR#4:nor#5.psp.sva' for variables 'FPR#4:FPR#4:nor#5.psp.sva, FPR:FPR:nor#5.psp.sva, FPR#12:FPR#12:nor#6.psp.sva' (2 registers deleted). (FSM-3)
# Creating shared register 'FPR#4:FPR#4:nor#50.psp.sva' for variables 'FPR#4:FPR#4:nor#50.psp.sva, FPR:FPR:nor#50.psp.sva, FPR#12:FPR#12:nor#8.psp.sva' (2 registers deleted). (FSM-3)
# Creating shared register 'FPR#4:FPR#4:nor#52.psp.sva' for variables 'FPR#4:FPR#4:nor#52.psp.sva, FPR:FPR:nor#52.psp.sva, FPR#12:FPR#12:nor.psp.sva' (2 registers deleted). (FSM-3)
# Creating shared register 'prng_refill_no_structs#1:u(3:0).sva(2:0)' for variables 'prng_refill_no_structs#1:u(3:0).sva(2:0), prng_refill_no_structs#2:u(3:0).sva(2:0), prng_refill_no_structs#3:u(3:0).sva(2:0), prng_refill_no_structs:u(3:0).sva(2:0)' (3 registers deleted). (FSM-3)
# Creating shared register 'BerExp_no_structs:xor.itm' for variables 'BerExp_no_structs:xor.itm, gaussian0_sampler_no_structs:u(5:0).sva, prng_get_u64_no_structs:prng_get_u64_no_structs:prng_get_u64_no_structs:conc.ncse(8:3).sva' (2 registers deleted). (FSM-3)
# Creating shared register 'FPR#6:x.sva' for variables 'FPR#6:x.sva, FPR#7:x.sva, fpr_add:y#2.sva, fpr_add:y#3.sva, fpr_expm_p63:b#1.sva, fpr_mul:y#1.sva, fpr_ursh:return#2.sva, fpr_ursh:return#4.sva, prng_get_u64_no_structs:u.sva, prng_get_u8_no_structs#1:io_read(p_ptr:rsc.@).cse.sva, prng_get_u8_no_structs#1:prng_get_u8_no_structs#1:acc#2.ncse.sva, prng_get_u8_no_structs#2:prng_get_u8_no_structs#2:acc#2.ncse.sva' (11 registers deleted). (FSM-3)
# Creating shared register 'fpr_add:return#2.sva' for variables 'fpr_add:return#2.sva, fpr_add:x#2.sva, fpr_add:x#3.sva, fpr_sub:y#1.sva, fpr_sub:y#2.sva, fpr_expm_p63:y#1.sva, fpr_expm_p63:y#1.sva#1, mu.sva' (7 registers deleted). (FSM-3)
# Creating shared register 'fpr_add#2:xor.itm' for variables 'fpr_add#2:xor.itm, fpr_expm_p63:for:mux.itm, isigma.sva, prng_refill_no_structs#1:cc.sva#1, prng_refill_no_structs#2:cc.sva#1, prng_refill_no_structs#3:cc.sva#1, prng_refill_no_structs:cc.sva#1' (6 registers deleted). (FSM-3)
# Info: Running transformation 'dpfsm' on solution 'sampler_hls.v1': elapsed time 23.32 seconds, memory usage 1540448kB, peak memory usage 1573228kB (SOL-15)
# Info: Running transformation 'dpfsm' on solution 'sampler_hls.v1': elapsed time 47.18 seconds, memory usage 1792424kB, peak memory usage 1792424kB (SOL-15)
# Creating shared register 'prng_refill_no_structs#1:for:state(4)(11:8)#1.sva#2(0)' for variables 'prng_refill_no_structs#1:for:state(4)(11:8)#1.sva#2(0), prng_refill_no_structs#2:for:state(4)(11:8)#1.sva#2(0), prng_refill_no_structs#3:for:state(4)(11:8)#1.sva#2(0), prng_refill_no_structs:for:state(4)(11:8)#1.sva#2(0), prng_refill_no_structs:for:state(4)(11:8)#1.sva#2.dfm(0), prng_refill_no_structs#3:for:state(4)(11:8)#1.sva#2.dfm(0), prng_refill_no_structs#1:for:state(4)(11:8)#1.sva#2.dfm(0), prng_refill_no_structs#2:for:state(4)(11:8)#1.sva#2.dfm(0)' (7 registers deleted). (FSM-3)
# Creating shared register 'prng_refill_no_structs#1:for:state(4)(11:8)#1.sva#2(1)' for variables 'prng_refill_no_structs#1:for:state(4)(11:8)#1.sva#2(1), prng_refill_no_structs#2:for:state(4)(11:8)#1.sva#2(1), prng_refill_no_structs#3:for:state(4)(11:8)#1.sva#2(1), prng_refill_no_structs:for:state(4)(11:8)#1.sva#2(1), prng_refill_no_structs:for:state(4)(11:8)#1.sva#2.dfm(1), prng_refill_no_structs#3:for:state(4)(11:8)#1.sva#2.dfm(1), prng_refill_no_structs#1:for:state(4)(11:8)#1.sva#2.dfm(1), prng_refill_no_structs#2:for:state(4)(11:8)#1.sva#2.dfm(1)' (7 registers deleted). (FSM-3)
# Creating shared register 'prng_refill_no_structs#1:for:state(4)(11:8)#1.sva#2(2)' for variables 'prng_refill_no_structs#1:for:state(4)(11:8)#1.sva#2(2), prng_refill_no_structs#2:for:state(4)(11:8)#1.sva#2(2), prng_refill_no_structs#3:for:state(4)(11:8)#1.sva#2(2), prng_refill_no_structs:for:state(4)(11:8)#1.sva#2(2), prng_refill_no_structs:for:state(4)(11:8)#1.sva#2.dfm(2), prng_refill_no_structs#3:for:state(4)(11:8)#1.sva#2.dfm(2), prng_refill_no_structs#1:for:state(4)(11:8)#1.sva#2.dfm(2), prng_refill_no_structs#2:for:state(4)(11:8)#1.sva#2.dfm(2)' (7 registers deleted). (FSM-3)
# Creating shared register 'prng_refill_no_structs#1:for:state(4)(11:8)#1.sva#2(3)' for variables 'prng_refill_no_structs#1:for:state(4)(11:8)#1.sva#2(3), prng_refill_no_structs#2:for:state(4)(11:8)#1.sva#2(3), prng_refill_no_structs#3:for:state(4)(11:8)#1.sva#2(3), prng_refill_no_structs:for:state(4)(11:8)#1.sva#2(3), prng_refill_no_structs:for:state(4)(11:8)#1.sva#2.dfm(3), prng_refill_no_structs#3:for:state(4)(11:8)#1.sva#2.dfm(3), prng_refill_no_structs#1:for:state(4)(11:8)#1.sva#2.dfm(3), prng_refill_no_structs#2:for:state(4)(11:8)#1.sva#2.dfm(3)' (7 registers deleted). (FSM-3)
# Creating shared register 'prng_refill_no_structs#1:for:state(4)(15:12)#1.sva#2(0)' for variables 'prng_refill_no_structs#1:for:state(4)(15:12)#1.sva#2(0), prng_refill_no_structs#2:for:state(4)(15:12)#1.sva#2(0), prng_refill_no_structs#3:for:state(4)(15:12)#1.sva#2(0), prng_refill_no_structs:for:state(4)(15:12)#1.sva#2(0), prng_refill_no_structs:for:state(4)(15:12)#1.sva#2.dfm(0), prng_refill_no_structs#3:for:state(4)(15:12)#1.sva#2.dfm(0), prng_refill_no_structs#1:for:state(4)(15:12)#1.sva#2.dfm(0), prng_refill_no_structs#2:for:state(4)(15:12)#1.sva#2.dfm(0)' (7 registers deleted). (FSM-3)
# Creating shared register 'prng_refill_no_structs#1:for:state(4)(15:12)#1.sva#2(1)' for variables 'prng_refill_no_structs#1:for:state(4)(15:12)#1.sva#2(1), prng_refill_no_structs#2:for:state(4)(15:12)#1.sva#2(1), prng_refill_no_structs#3:for:state(4)(15:12)#1.sva#2(1), prng_refill_no_structs:for:state(4)(15:12)#1.sva#2(1), prng_refill_no_structs:for:state(4)(15:12)#1.sva#2.dfm(1), prng_refill_no_structs#3:for:state(4)(15:12)#1.sva#2.dfm(1), prng_refill_no_structs#1:for:state(4)(15:12)#1.sva#2.dfm(1), prng_refill_no_structs#2:for:state(4)(15:12)#1.sva#2.dfm(1)' (7 registers deleted). (FSM-3)
# Creating shared register 'prng_refill_no_structs#1:for:state(4)(15:12)#1.sva#2(2)' for variables 'prng_refill_no_structs#1:for:state(4)(15:12)#1.sva#2(2), prng_refill_no_structs#2:for:state(4)(15:12)#1.sva#2(2), prng_refill_no_structs#3:for:state(4)(15:12)#1.sva#2(2), prng_refill_no_structs:for:state(4)(15:12)#1.sva#2(2), prng_refill_no_structs:for:state(4)(15:12)#1.sva#2.dfm(2), prng_refill_no_structs#3:for:state(4)(15:12)#1.sva#2.dfm(2), prng_refill_no_structs#1:for:state(4)(15:12)#1.sva#2.dfm(2), prng_refill_no_structs#2:for:state(4)(15:12)#1.sva#2.dfm(2)' (7 registers deleted). (FSM-3)
# Creating shared register 'prng_refill_no_structs#1:for:state(4)(15:12)#1.sva#2(3)' for variables 'prng_refill_no_structs#1:for:state(4)(15:12)#1.sva#2(3), prng_refill_no_structs#2:for:state(4)(15:12)#1.sva#2(3), prng_refill_no_structs#3:for:state(4)(15:12)#1.sva#2(3), prng_refill_no_structs:for:state(4)(15:12)#1.sva#2(3), prng_refill_no_structs:for:state(4)(15:12)#1.sva#2.dfm(3), prng_refill_no_structs#3:for:state(4)(15:12)#1.sva#2.dfm(3), prng_refill_no_structs#1:for:state(4)(15:12)#1.sva#2.dfm(3), prng_refill_no_structs#2:for:state(4)(15:12)#1.sva#2.dfm(3)' (7 registers deleted). (FSM-3)
# Creating shared register 'prng_refill_no_structs#1:for:state(4)(19:16)#1.sva#2(0)' for variables 'prng_refill_no_structs#1:for:state(4)(19:16)#1.sva#2(0), prng_refill_no_structs#2:for:state(4)(19:16)#1.sva#2(0), prng_refill_no_structs#3:for:state(4)(19:16)#1.sva#2(0), prng_refill_no_structs:for:state(4)(19:16)#1.sva#2(0), prng_refill_no_structs:for:state(4)(19:16)#1.sva#2.dfm(0), prng_refill_no_structs#3:for:state(4)(19:16)#1.sva#2.dfm(0), prng_refill_no_structs#1:for:state(4)(19:16)#1.sva#2.dfm(0), prng_refill_no_structs#2:for:state(4)(19:16)#1.sva#2.dfm(0)' (7 registers deleted). (FSM-3)
# Creating shared register 'prng_refill_no_structs#1:for:state(4)(19:16)#1.sva#2(1)' for variables 'prng_refill_no_structs#1:for:state(4)(19:16)#1.sva#2(1), prng_refill_no_structs#2:for:state(4)(19:16)#1.sva#2(1), prng_refill_no_structs#3:for:state(4)(19:16)#1.sva#2(1), prng_refill_no_structs:for:state(4)(19:16)#1.sva#2(1), prng_refill_no_structs:for:state(4)(19:16)#1.sva#2.dfm(1), prng_refill_no_structs#3:for:state(4)(19:16)#1.sva#2.dfm(1), prng_refill_no_structs#1:for:state(4)(19:16)#1.sva#2.dfm(1), prng_refill_no_structs#2:for:state(4)(19:16)#1.sva#2.dfm(1)' (7 registers deleted). (FSM-3)
# Creating shared register 'prng_refill_no_structs#1:for:state(4)(19:16)#1.sva#2(2)' for variables 'prng_refill_no_structs#1:for:state(4)(19:16)#1.sva#2(2), prng_refill_no_structs#2:for:state(4)(19:16)#1.sva#2(2), prng_refill_no_structs#3:for:state(4)(19:16)#1.sva#2(2), prng_refill_no_structs:for:state(4)(19:16)#1.sva#2(2), prng_refill_no_structs:for:state(4)(19:16)#1.sva#2.dfm(2), prng_refill_no_structs#3:for:state(4)(19:16)#1.sva#2.dfm(2), prng_refill_no_structs#1:for:state(4)(19:16)#1.sva#2.dfm(2), prng_refill_no_structs#2:for:state(4)(19:16)#1.sva#2.dfm(2)' (7 registers deleted). (FSM-3)
# Creating shared register 'prng_refill_no_structs#1:for:state(4)(19:16)#1.sva#2(3)' for variables 'prng_refill_no_structs#1:for:state(4)(19:16)#1.sva#2(3), prng_refill_no_structs#2:for:state(4)(19:16)#1.sva#2(3), prng_refill_no_structs#3:for:state(4)(19:16)#1.sva#2(3), prng_refill_no_structs:for:state(4)(19:16)#1.sva#2(3), prng_refill_no_structs:for:state(4)(19:16)#1.sva#2.dfm(3), prng_refill_no_structs#3:for:state(4)(19:16)#1.sva#2.dfm(3), prng_refill_no_structs#1:for:state(4)(19:16)#1.sva#2.dfm(3), prng_refill_no_structs#2:for:state(4)(19:16)#1.sva#2.dfm(3)' (7 registers deleted). (FSM-3)
# Creating shared register 'prng_refill_no_structs#1:for:state(4)(23:20)#1.sva#2(0)' for variables 'prng_refill_no_structs#1:for:state(4)(23:20)#1.sva#2(0), prng_refill_no_structs#2:for:state(4)(23:20)#1.sva#2(0), prng_refill_no_structs#3:for:state(4)(23:20)#1.sva#2(0), prng_refill_no_structs:for:state(4)(23:20)#1.sva#2(0), prng_refill_no_structs:for:state(4)(23:20)#1.sva#2.dfm(0), prng_refill_no_structs#3:for:state(4)(23:20)#1.sva#2.dfm(0), prng_refill_no_structs#1:for:state(4)(23:20)#1.sva#2.dfm(0), prng_refill_no_structs#2:for:state(4)(23:20)#1.sva#2.dfm(0)' (7 registers deleted). (FSM-3)
# Creating shared register 'prng_refill_no_structs#1:for:state(4)(23:20)#1.sva#2(1)' for variables 'prng_refill_no_structs#1:for:state(4)(23:20)#1.sva#2(1), prng_refill_no_structs#2:for:state(4)(23:20)#1.sva#2(1), prng_refill_no_structs#3:for:state(4)(23:20)#1.sva#2(1), prng_refill_no_structs:for:state(4)(23:20)#1.sva#2(1), prng_refill_no_structs:for:state(4)(23:20)#1.sva#2.dfm(1), prng_refill_no_structs#3:for:state(4)(23:20)#1.sva#2.dfm(1), prng_refill_no_structs#1:for:state(4)(23:20)#1.sva#2.dfm(1), prng_refill_no_structs#2:for:state(4)(23:20)#1.sva#2.dfm(1)' (7 registers deleted). (FSM-3)
# Creating shared register 'prng_refill_no_structs#1:for:state(4)(23:20)#1.sva#2(2)' for variables 'prng_refill_no_structs#1:for:state(4)(23:20)#1.sva#2(2), prng_refill_no_structs#2:for:state(4)(23:20)#1.sva#2(2), prng_refill_no_structs#3:for:state(4)(23:20)#1.sva#2(2), prng_refill_no_structs:for:state(4)(23:20)#1.sva#2(2), prng_refill_no_structs:for:state(4)(23:20)#1.sva#2.dfm(2), prng_refill_no_structs#3:for:state(4)(23:20)#1.sva#2.dfm(2), prng_refill_no_structs#1:for:state(4)(23:20)#1.sva#2.dfm(2), prng_refill_no_structs#2:for:state(4)(23:20)#1.sva#2.dfm(2)' (7 registers deleted). (FSM-3)
# Creating shared register 'prng_refill_no_structs#1:for:state(4)(23:20)#1.sva#2(3)' for variables 'prng_refill_no_structs#1:for:state(4)(23:20)#1.sva#2(3), prng_refill_no_structs#2:for:state(4)(23:20)#1.sva#2(3), prng_refill_no_structs#3:for:state(4)(23:20)#1.sva#2(3), prng_refill_no_structs:for:state(4)(23:20)#1.sva#2(3), prng_refill_no_structs:for:state(4)(23:20)#1.sva#2.dfm(3), prng_refill_no_structs#3:for:state(4)(23:20)#1.sva#2.dfm(3), prng_refill_no_structs#1:for:state(4)(23:20)#1.sva#2.dfm(3), prng_refill_no_structs#2:for:state(4)(23:20)#1.sva#2.dfm(3)' (7 registers deleted). (FSM-3)
# Creating shared register 'prng_refill_no_structs#1:for:state(4)(27:24)#1.sva#2(0)' for variables 'prng_refill_no_structs#1:for:state(4)(27:24)#1.sva#2(0), prng_refill_no_structs#2:for:state(4)(27:24)#1.sva#2(0), prng_refill_no_structs#3:for:state(4)(27:24)#1.sva#2(0), prng_refill_no_structs:for:state(4)(27:24)#1.sva#2(0), prng_refill_no_structs:for:state(4)(27:24)#1.sva#2.dfm(0), prng_refill_no_structs#3:for:state(4)(27:24)#1.sva#2.dfm(0), prng_refill_no_structs#1:for:state(4)(27:24)#1.sva#2.dfm(0), prng_refill_no_structs#2:for:state(4)(27:24)#1.sva#2.dfm(0)' (7 registers deleted). (FSM-3)
# Creating shared register 'prng_refill_no_structs#1:for:state(4)(27:24)#1.sva#2(1)' for variables 'prng_refill_no_structs#1:for:state(4)(27:24)#1.sva#2(1), prng_refill_no_structs#2:for:state(4)(27:24)#1.sva#2(1), prng_refill_no_structs#3:for:state(4)(27:24)#1.sva#2(1), prng_refill_no_structs:for:state(4)(27:24)#1.sva#2(1), prng_refill_no_structs:for:state(4)(27:24)#1.sva#2.dfm(1), prng_refill_no_structs#3:for:state(4)(27:24)#1.sva#2.dfm(1), prng_refill_no_structs#1:for:state(4)(27:24)#1.sva#2.dfm(1), prng_refill_no_structs#2:for:state(4)(27:24)#1.sva#2.dfm(1)' (7 registers deleted). (FSM-3)
# Creating shared register 'prng_refill_no_structs#1:for:state(4)(27:24)#1.sva#2(2)' for variables 'prng_refill_no_structs#1:for:state(4)(27:24)#1.sva#2(2), prng_refill_no_structs#2:for:state(4)(27:24)#1.sva#2(2), prng_refill_no_structs#3:for:state(4)(27:24)#1.sva#2(2), prng_refill_no_structs:for:state(4)(27:24)#1.sva#2(2), prng_refill_no_structs:for:state(4)(27:24)#1.sva#2.dfm(2), prng_refill_no_structs#3:for:state(4)(27:24)#1.sva#2.dfm(2), prng_refill_no_structs#1:for:state(4)(27:24)#1.sva#2.dfm(2), prng_refill_no_structs#2:for:state(4)(27:24)#1.sva#2.dfm(2)' (7 registers deleted). (FSM-3)
# Creating shared register 'prng_refill_no_structs#1:for:state(4)(27:24)#1.sva#2(3)' for variables 'prng_refill_no_structs#1:for:state(4)(27:24)#1.sva#2(3), prng_refill_no_structs#2:for:state(4)(27:24)#1.sva#2(3), prng_refill_no_structs#3:for:state(4)(27:24)#1.sva#2(3), prng_refill_no_structs:for:state(4)(27:24)#1.sva#2(3), prng_refill_no_structs:for:state(4)(27:24)#1.sva#2.dfm(3), prng_refill_no_structs#3:for:state(4)(27:24)#1.sva#2.dfm(3), prng_refill_no_structs#1:for:state(4)(27:24)#1.sva#2.dfm(3), prng_refill_no_structs#2:for:state(4)(27:24)#1.sva#2.dfm(3)' (7 registers deleted). (FSM-3)
# Creating shared register 'prng_refill_no_structs#1:for:state(4)(31:28)#1.sva#2(0)' for variables 'prng_refill_no_structs#1:for:state(4)(31:28)#1.sva#2(0), prng_refill_no_structs#2:for:state(4)(31:28)#1.sva#2(0), prng_refill_no_structs#3:for:state(4)(31:28)#1.sva#2(0), prng_refill_no_structs:for:state(4)(31:28)#1.sva#2(0), prng_refill_no_structs:for:state(4)(31:28)#1.sva#2.dfm(0), prng_refill_no_structs#3:for:state(4)(31:28)#1.sva#2.dfm(0), prng_refill_no_structs#1:for:state(4)(31:28)#1.sva#2.dfm(0), prng_refill_no_structs#2:for:state(4)(31:28)#1.sva#2.dfm(0)' (7 registers deleted). (FSM-3)
# Creating shared register 'prng_refill_no_structs#1:for:state(4)(31:28)#1.sva#2(1)' for variables 'prng_refill_no_structs#1:for:state(4)(31:28)#1.sva#2(1), prng_refill_no_structs#2:for:state(4)(31:28)#1.sva#2(1), prng_refill_no_structs#3:for:state(4)(31:28)#1.sva#2(1), prng_refill_no_structs:for:state(4)(31:28)#1.sva#2(1), prng_refill_no_structs:for:state(4)(31:28)#1.sva#2.dfm(1), prng_refill_no_structs#3:for:state(4)(31:28)#1.sva#2.dfm(1), prng_refill_no_structs#1:for:state(4)(31:28)#1.sva#2.dfm(1), prng_refill_no_structs#2:for:state(4)(31:28)#1.sva#2.dfm(1)' (7 registers deleted). (FSM-3)
# Creating shared register 'prng_refill_no_structs#1:for:state(4)(31:28)#1.sva#2(2)' for variables 'prng_refill_no_structs#1:for:state(4)(31:28)#1.sva#2(2), prng_refill_no_structs#2:for:state(4)(31:28)#1.sva#2(2), prng_refill_no_structs#3:for:state(4)(31:28)#1.sva#2(2), prng_refill_no_structs:for:state(4)(31:28)#1.sva#2(2), prng_refill_no_structs:for:state(4)(31:28)#1.sva#2.dfm(2), prng_refill_no_structs#3:for:state(4)(31:28)#1.sva#2.dfm(2), prng_refill_no_structs#1:for:state(4)(31:28)#1.sva#2.dfm(2), prng_refill_no_structs#2:for:state(4)(31:28)#1.sva#2.dfm(2)' (7 registers deleted). (FSM-3)
# Creating shared register 'prng_refill_no_structs#1:for:state(4)(31:28)#1.sva#2(3)' for variables 'prng_refill_no_structs#1:for:state(4)(31:28)#1.sva#2(3), prng_refill_no_structs#2:for:state(4)(31:28)#1.sva#2(3), prng_refill_no_structs#3:for:state(4)(31:28)#1.sva#2(3), prng_refill_no_structs:for:state(4)(31:28)#1.sva#2(3), prng_refill_no_structs:for:state(4)(31:28)#1.sva#2.dfm(3), prng_refill_no_structs#3:for:state(4)(31:28)#1.sva#2.dfm(3), prng_refill_no_structs#1:for:state(4)(31:28)#1.sva#2.dfm(3), prng_refill_no_structs#2:for:state(4)(31:28)#1.sva#2.dfm(3)' (7 registers deleted). (FSM-3)
# Creating shared register 'prng_refill_no_structs#1:for:state(4)(3:0)#1.sva#2(0)' for variables 'prng_refill_no_structs#1:for:state(4)(3:0)#1.sva#2(0), prng_refill_no_structs#2:for:state(4)(3:0)#1.sva#2(0), prng_refill_no_structs#3:for:state(4)(3:0)#1.sva#2(0), prng_refill_no_structs:for:state(4)(3:0)#1.sva#2(0), prng_refill_no_structs:for:state(4)(3:0)#1.sva#2.dfm(0), prng_refill_no_structs#3:for:state(4)(3:0)#1.sva#2.dfm(0), prng_refill_no_structs#1:for:state(4)(3:0)#1.sva#2.dfm(0), prng_refill_no_structs#2:for:state(4)(3:0)#1.sva#2.dfm(0)' (7 registers deleted). (FSM-3)
# Creating shared register 'prng_refill_no_structs#1:for:state(4)(3:0)#1.sva#2(1)' for variables 'prng_refill_no_structs#1:for:state(4)(3:0)#1.sva#2(1), prng_refill_no_structs#2:for:state(4)(3:0)#1.sva#2(1), prng_refill_no_structs#3:for:state(4)(3:0)#1.sva#2(1), prng_refill_no_structs:for:state(4)(3:0)#1.sva#2(1), prng_refill_no_structs:for:state(4)(3:0)#1.sva#2.dfm(1), prng_refill_no_structs#3:for:state(4)(3:0)#1.sva#2.dfm(1), prng_refill_no_structs#1:for:state(4)(3:0)#1.sva#2.dfm(1), prng_refill_no_structs#2:for:state(4)(3:0)#1.sva#2.dfm(1)' (7 registers deleted). (FSM-3)
# Creating shared register 'prng_refill_no_structs#1:for:state(4)(3:0)#1.sva#2(2)' for variables 'prng_refill_no_structs#1:for:state(4)(3:0)#1.sva#2(2), prng_refill_no_structs#2:for:state(4)(3:0)#1.sva#2(2), prng_refill_no_structs#3:for:state(4)(3:0)#1.sva#2(2), prng_refill_no_structs:for:state(4)(3:0)#1.sva#2(2), prng_refill_no_structs:for:state(4)(3:0)#1.sva#2.dfm(2), prng_refill_no_structs#3:for:state(4)(3:0)#1.sva#2.dfm(2), prng_refill_no_structs#1:for:state(4)(3:0)#1.sva#2.dfm(2), prng_refill_no_structs#2:for:state(4)(3:0)#1.sva#2.dfm(2)' (7 registers deleted). (FSM-3)
# Creating shared register 'prng_refill_no_structs#1:for:state(4)(3:0)#1.sva#2(3)' for variables 'prng_refill_no_structs#1:for:state(4)(3:0)#1.sva#2(3), prng_refill_no_structs#2:for:state(4)(3:0)#1.sva#2(3), prng_refill_no_structs#3:for:state(4)(3:0)#1.sva#2(3), prng_refill_no_structs:for:state(4)(3:0)#1.sva#2(3), prng_refill_no_structs:for:state(4)(3:0)#1.sva#2.dfm(3), prng_refill_no_structs#3:for:state(4)(3:0)#1.sva#2.dfm(3), prng_refill_no_structs#1:for:state(4)(3:0)#1.sva#2.dfm(3), prng_refill_no_structs#2:for:state(4)(3:0)#1.sva#2.dfm(3)' (7 registers deleted). (FSM-3)
# Creating shared register 'prng_refill_no_structs#1:for:state(4)(7:4)#1.sva#2(0)' for variables 'prng_refill_no_structs#1:for:state(4)(7:4)#1.sva#2(0), prng_refill_no_structs#2:for:state(4)(7:4)#1.sva#2(0), prng_refill_no_structs#3:for:state(4)(7:4)#1.sva#2(0), prng_refill_no_structs:for:state(4)(7:4)#1.sva#2(0), prng_refill_no_structs:for:state(4)(7:4)#1.sva#2.dfm(0), prng_refill_no_structs#3:for:state(4)(7:4)#1.sva#2.dfm(0), prng_refill_no_structs#1:for:state(4)(7:4)#1.sva#2.dfm(0), prng_refill_no_structs#2:for:state(4)(7:4)#1.sva#2.dfm(0)' (7 registers deleted). (FSM-3)
# Creating shared register 'prng_refill_no_structs#1:for:state(4)(7:4)#1.sva#2(1)' for variables 'prng_refill_no_structs#1:for:state(4)(7:4)#1.sva#2(1), prng_refill_no_structs#2:for:state(4)(7:4)#1.sva#2(1), prng_refill_no_structs#3:for:state(4)(7:4)#1.sva#2(1), prng_refill_no_structs:for:state(4)(7:4)#1.sva#2(1), prng_refill_no_structs:for:state(4)(7:4)#1.sva#2.dfm(1), prng_refill_no_structs#3:for:state(4)(7:4)#1.sva#2.dfm(1), prng_refill_no_structs#1:for:state(4)(7:4)#1.sva#2.dfm(1), prng_refill_no_structs#2:for:state(4)(7:4)#1.sva#2.dfm(1)' (7 registers deleted). (FSM-3)
# Creating shared register 'prng_refill_no_structs#1:for:state(4)(7:4)#1.sva#2(2)' for variables 'prng_refill_no_structs#1:for:state(4)(7:4)#1.sva#2(2), prng_refill_no_structs#2:for:state(4)(7:4)#1.sva#2(2), prng_refill_no_structs#3:for:state(4)(7:4)#1.sva#2(2), prng_refill_no_structs:for:state(4)(7:4)#1.sva#2(2), prng_refill_no_structs:for:state(4)(7:4)#1.sva#2.dfm(2), prng_refill_no_structs#3:for:state(4)(7:4)#1.sva#2.dfm(2), prng_refill_no_structs#1:for:state(4)(7:4)#1.sva#2.dfm(2), prng_refill_no_structs#2:for:state(4)(7:4)#1.sva#2.dfm(2)' (7 registers deleted). (FSM-3)
# Creating shared register 'prng_refill_no_structs#1:for:state(4)(7:4)#1.sva#2(3)' for variables 'prng_refill_no_structs#1:for:state(4)(7:4)#1.sva#2(3), prng_refill_no_structs#2:for:state(4)(7:4)#1.sva#2(3), prng_refill_no_structs#3:for:state(4)(7:4)#1.sva#2(3), prng_refill_no_structs:for:state(4)(7:4)#1.sva#2(3), prng_refill_no_structs:for:state(4)(7:4)#1.sva#2.dfm(3), prng_refill_no_structs#3:for:state(4)(7:4)#1.sva#2.dfm(3), prng_refill_no_structs#1:for:state(4)(7:4)#1.sva#2.dfm(3), prng_refill_no_structs#2:for:state(4)(7:4)#1.sva#2.dfm(3)' (7 registers deleted). (FSM-3)
# Creating shared register 'prng_refill_no_structs#1:for:state(5)(11:8)#1.sva#2(0)' for variables 'prng_refill_no_structs#1:for:state(5)(11:8)#1.sva#2(0), prng_refill_no_structs#2:for:state(5)(11:8)#1.sva#2(0), prng_refill_no_structs#3:for:state(5)(11:8)#1.sva#2(0), prng_refill_no_structs:for:state(5)(11:8)#1.sva#2(0), prng_refill_no_structs:for:state(5)(11:8)#1.sva#2.dfm(0), prng_refill_no_structs#3:for:state(5)(11:8)#1.sva#2.dfm(0), prng_refill_no_structs#1:for:state(5)(11:8)#1.sva#2.dfm(0), prng_refill_no_structs#2:for:state(5)(11:8)#1.sva#2.dfm(0)' (7 registers deleted). (FSM-3)
# Creating shared register 'prng_refill_no_structs#1:for:state(5)(11:8)#1.sva#2(1)' for variables 'prng_refill_no_structs#1:for:state(5)(11:8)#1.sva#2(1), prng_refill_no_structs#2:for:state(5)(11:8)#1.sva#2(1), prng_refill_no_structs#3:for:state(5)(11:8)#1.sva#2(1), prng_refill_no_structs:for:state(5)(11:8)#1.sva#2(1), prng_refill_no_structs:for:state(5)(11:8)#1.sva#2.dfm(1), prng_refill_no_structs#3:for:state(5)(11:8)#1.sva#2.dfm(1), prng_refill_no_structs#1:for:state(5)(11:8)#1.sva#2.dfm(1), prng_refill_no_structs#2:for:state(5)(11:8)#1.sva#2.dfm(1)' (7 registers deleted). (FSM-3)
# Creating shared register 'prng_refill_no_structs#1:for:state(5)(11:8)#1.sva#2(2)' for variables 'prng_refill_no_structs#1:for:state(5)(11:8)#1.sva#2(2), prng_refill_no_structs#2:for:state(5)(11:8)#1.sva#2(2), prng_refill_no_structs#3:for:state(5)(11:8)#1.sva#2(2), prng_refill_no_structs:for:state(5)(11:8)#1.sva#2(2), prng_refill_no_structs:for:state(5)(11:8)#1.sva#2.dfm(2), prng_refill_no_structs#3:for:state(5)(11:8)#1.sva#2.dfm(2), prng_refill_no_structs#1:for:state(5)(11:8)#1.sva#2.dfm(2), prng_refill_no_structs#2:for:state(5)(11:8)#1.sva#2.dfm(2)' (7 registers deleted). (FSM-3)
# Creating shared register 'prng_refill_no_structs#1:for:state(5)(11:8)#1.sva#2(3)' for variables 'prng_refill_no_structs#1:for:state(5)(11:8)#1.sva#2(3), prng_refill_no_structs#2:for:state(5)(11:8)#1.sva#2(3), prng_refill_no_structs#3:for:state(5)(11:8)#1.sva#2(3), prng_refill_no_structs:for:state(5)(11:8)#1.sva#2(3), prng_refill_no_structs:for:state(5)(11:8)#1.sva#2.dfm(3), prng_refill_no_structs#3:for:state(5)(11:8)#1.sva#2.dfm(3), prng_refill_no_structs#1:for:state(5)(11:8)#1.sva#2.dfm(3), prng_refill_no_structs#2:for:state(5)(11:8)#1.sva#2.dfm(3)' (7 registers deleted). (FSM-3)
# Creating shared register 'prng_refill_no_structs#1:for:state(5)(15:12)#1.sva#2(0)' for variables 'prng_refill_no_structs#1:for:state(5)(15:12)#1.sva#2(0), prng_refill_no_structs#2:for:state(5)(15:12)#1.sva#2(0), prng_refill_no_structs#3:for:state(5)(15:12)#1.sva#2(0), prng_refill_no_structs:for:state(5)(15:12)#1.sva#2(0), prng_refill_no_structs:for:state(5)(15:12)#1.sva#2.dfm(0), prng_refill_no_structs#3:for:state(5)(15:12)#1.sva#2.dfm(0), prng_refill_no_structs#1:for:state(5)(15:12)#1.sva#2.dfm(0), prng_refill_no_structs#2:for:state(5)(15:12)#1.sva#2.dfm(0)' (7 registers deleted). (FSM-3)
# Creating shared register 'prng_refill_no_structs#1:for:state(5)(15:12)#1.sva#2(1)' for variables 'prng_refill_no_structs#1:for:state(5)(15:12)#1.sva#2(1), prng_refill_no_structs#2:for:state(5)(15:12)#1.sva#2(1), prng_refill_no_structs#3:for:state(5)(15:12)#1.sva#2(1), prng_refill_no_structs:for:state(5)(15:12)#1.sva#2(1), prng_refill_no_structs:for:state(5)(15:12)#1.sva#2.dfm(1), prng_refill_no_structs#3:for:state(5)(15:12)#1.sva#2.dfm(1), prng_refill_no_structs#1:for:state(5)(15:12)#1.sva#2.dfm(1), prng_refill_no_structs#2:for:state(5)(15:12)#1.sva#2.dfm(1)' (7 registers deleted). (FSM-3)
# Creating shared register 'prng_refill_no_structs#1:for:state(5)(15:12)#1.sva#2(2)' for variables 'prng_refill_no_structs#1:for:state(5)(15:12)#1.sva#2(2), prng_refill_no_structs#2:for:state(5)(15:12)#1.sva#2(2), prng_refill_no_structs#3:for:state(5)(15:12)#1.sva#2(2), prng_refill_no_structs:for:state(5)(15:12)#1.sva#2(2), prng_refill_no_structs:for:state(5)(15:12)#1.sva#2.dfm(2), prng_refill_no_structs#3:for:state(5)(15:12)#1.sva#2.dfm(2), prng_refill_no_structs#1:for:state(5)(15:12)#1.sva#2.dfm(2), prng_refill_no_structs#2:for:state(5)(15:12)#1.sva#2.dfm(2)' (7 registers deleted). (FSM-3)
# Creating shared register 'prng_refill_no_structs#1:for:state(5)(15:12)#1.sva#2(3)' for variables 'prng_refill_no_structs#1:for:state(5)(15:12)#1.sva#2(3), prng_refill_no_structs#2:for:state(5)(15:12)#1.sva#2(3), prng_refill_no_structs#3:for:state(5)(15:12)#1.sva#2(3), prng_refill_no_structs:for:state(5)(15:12)#1.sva#2(3), prng_refill_no_structs:for:state(5)(15:12)#1.sva#2.dfm(3), prng_refill_no_structs#3:for:state(5)(15:12)#1.sva#2.dfm(3), prng_refill_no_structs#1:for:state(5)(15:12)#1.sva#2.dfm(3), prng_refill_no_structs#2:for:state(5)(15:12)#1.sva#2.dfm(3)' (7 registers deleted). (FSM-3)
# Creating shared register 'prng_refill_no_structs#1:for:state(5)(19:16)#1.sva#2(0)' for variables 'prng_refill_no_structs#1:for:state(5)(19:16)#1.sva#2(0), prng_refill_no_structs#2:for:state(5)(19:16)#1.sva#2(0), prng_refill_no_structs#3:for:state(5)(19:16)#1.sva#2(0), prng_refill_no_structs:for:state(5)(19:16)#1.sva#2(0), prng_refill_no_structs:for:state(5)(19:16)#1.sva#2.dfm(0), prng_refill_no_structs#3:for:state(5)(19:16)#1.sva#2.dfm(0), prng_refill_no_structs#1:for:state(5)(19:16)#1.sva#2.dfm(0), prng_refill_no_structs#2:for:state(5)(19:16)#1.sva#2.dfm(0)' (7 registers deleted). (FSM-3)
# Creating shared register 'prng_refill_no_structs#1:for:state(5)(19:16)#1.sva#2(1)' for variables 'prng_refill_no_structs#1:for:state(5)(19:16)#1.sva#2(1), prng_refill_no_structs#2:for:state(5)(19:16)#1.sva#2(1), prng_refill_no_structs#3:for:state(5)(19:16)#1.sva#2(1), prng_refill_no_structs:for:state(5)(19:16)#1.sva#2(1), prng_refill_no_structs:for:state(5)(19:16)#1.sva#2.dfm(1), prng_refill_no_structs#3:for:state(5)(19:16)#1.sva#2.dfm(1), prng_refill_no_structs#1:for:state(5)(19:16)#1.sva#2.dfm(1), prng_refill_no_structs#2:for:state(5)(19:16)#1.sva#2.dfm(1)' (7 registers deleted). (FSM-3)
# Info: Running transformation 'dpfsm' on solution 'sampler_hls.v1': elapsed time 71.30 seconds, memory usage 1792424kB, peak memory usage 1857960kB (SOL-15)
# Creating shared register 'prng_refill_no_structs#1:for:state(5)(19:16)#1.sva#2(2)' for variables 'prng_refill_no_structs#1:for:state(5)(19:16)#1.sva#2(2), prng_refill_no_structs#2:for:state(5)(19:16)#1.sva#2(2), prng_refill_no_structs#3:for:state(5)(19:16)#1.sva#2(2), prng_refill_no_structs:for:state(5)(19:16)#1.sva#2(2), prng_refill_no_structs:for:state(5)(19:16)#1.sva#2.dfm(2), prng_refill_no_structs#3:for:state(5)(19:16)#1.sva#2.dfm(2), prng_refill_no_structs#1:for:state(5)(19:16)#1.sva#2.dfm(2), prng_refill_no_structs#2:for:state(5)(19:16)#1.sva#2.dfm(2)' (7 registers deleted). (FSM-3)
# Creating shared register 'prng_refill_no_structs#1:for:state(5)(19:16)#1.sva#2(3)' for variables 'prng_refill_no_structs#1:for:state(5)(19:16)#1.sva#2(3), prng_refill_no_structs#2:for:state(5)(19:16)#1.sva#2(3), prng_refill_no_structs#3:for:state(5)(19:16)#1.sva#2(3), prng_refill_no_structs:for:state(5)(19:16)#1.sva#2(3), prng_refill_no_structs:for:state(5)(19:16)#1.sva#2.dfm(3), prng_refill_no_structs#3:for:state(5)(19:16)#1.sva#2.dfm(3), prng_refill_no_structs#1:for:state(5)(19:16)#1.sva#2.dfm(3), prng_refill_no_structs#2:for:state(5)(19:16)#1.sva#2.dfm(3)' (7 registers deleted). (FSM-3)
# Creating shared register 'prng_refill_no_structs#1:for:state(5)(23:20)#1.sva#2(0)' for variables 'prng_refill_no_structs#1:for:state(5)(23:20)#1.sva#2(0), prng_refill_no_structs#2:for:state(5)(23:20)#1.sva#2(0), prng_refill_no_structs#3:for:state(5)(23:20)#1.sva#2(0), prng_refill_no_structs:for:state(5)(23:20)#1.sva#2(0), prng_refill_no_structs:for:state(5)(23:20)#1.sva#2.dfm(0), prng_refill_no_structs#3:for:state(5)(23:20)#1.sva#2.dfm(0), prng_refill_no_structs#1:for:state(5)(23:20)#1.sva#2.dfm(0), prng_refill_no_structs#2:for:state(5)(23:20)#1.sva#2.dfm(0)' (7 registers deleted). (FSM-3)
# Creating shared register 'prng_refill_no_structs#1:for:state(5)(23:20)#1.sva#2(1)' for variables 'prng_refill_no_structs#1:for:state(5)(23:20)#1.sva#2(1), prng_refill_no_structs#2:for:state(5)(23:20)#1.sva#2(1), prng_refill_no_structs#3:for:state(5)(23:20)#1.sva#2(1), prng_refill_no_structs:for:state(5)(23:20)#1.sva#2(1), prng_refill_no_structs:for:state(5)(23:20)#1.sva#2.dfm(1), prng_refill_no_structs#3:for:state(5)(23:20)#1.sva#2.dfm(1), prng_refill_no_structs#1:for:state(5)(23:20)#1.sva#2.dfm(1), prng_refill_no_structs#2:for:state(5)(23:20)#1.sva#2.dfm(1)' (7 registers deleted). (FSM-3)
# Creating shared register 'prng_refill_no_structs#1:for:state(5)(23:20)#1.sva#2(2)' for variables 'prng_refill_no_structs#1:for:state(5)(23:20)#1.sva#2(2), prng_refill_no_structs#2:for:state(5)(23:20)#1.sva#2(2), prng_refill_no_structs#3:for:state(5)(23:20)#1.sva#2(2), prng_refill_no_structs:for:state(5)(23:20)#1.sva#2(2), prng_refill_no_structs:for:state(5)(23:20)#1.sva#2.dfm(2), prng_refill_no_structs#3:for:state(5)(23:20)#1.sva#2.dfm(2), prng_refill_no_structs#1:for:state(5)(23:20)#1.sva#2.dfm(2), prng_refill_no_structs#2:for:state(5)(23:20)#1.sva#2.dfm(2)' (7 registers deleted). (FSM-3)
# Creating shared register 'prng_refill_no_structs#1:for:state(5)(23:20)#1.sva#2(3)' for variables 'prng_refill_no_structs#1:for:state(5)(23:20)#1.sva#2(3), prng_refill_no_structs#2:for:state(5)(23:20)#1.sva#2(3), prng_refill_no_structs#3:for:state(5)(23:20)#1.sva#2(3), prng_refill_no_structs:for:state(5)(23:20)#1.sva#2(3), prng_refill_no_structs:for:state(5)(23:20)#1.sva#2.dfm(3), prng_refill_no_structs#3:for:state(5)(23:20)#1.sva#2.dfm(3), prng_refill_no_structs#1:for:state(5)(23:20)#1.sva#2.dfm(3), prng_refill_no_structs#2:for:state(5)(23:20)#1.sva#2.dfm(3)' (7 registers deleted). (FSM-3)
# Creating shared register 'prng_refill_no_structs#1:for:state(5)(27:24)#1.sva#2(0)' for variables 'prng_refill_no_structs#1:for:state(5)(27:24)#1.sva#2(0), prng_refill_no_structs#2:for:state(5)(27:24)#1.sva#2(0), prng_refill_no_structs#3:for:state(5)(27:24)#1.sva#2(0), prng_refill_no_structs:for:state(5)(27:24)#1.sva#2(0), prng_refill_no_structs:for:state(5)(27:24)#1.sva#2.dfm(0), prng_refill_no_structs#3:for:state(5)(27:24)#1.sva#2.dfm(0), prng_refill_no_structs#1:for:state(5)(27:24)#1.sva#2.dfm(0), prng_refill_no_structs#2:for:state(5)(27:24)#1.sva#2.dfm(0)' (7 registers deleted). (FSM-3)
# Creating shared register 'prng_refill_no_structs#1:for:state(5)(27:24)#1.sva#2(1)' for variables 'prng_refill_no_structs#1:for:state(5)(27:24)#1.sva#2(1), prng_refill_no_structs#2:for:state(5)(27:24)#1.sva#2(1), prng_refill_no_structs#3:for:state(5)(27:24)#1.sva#2(1), prng_refill_no_structs:for:state(5)(27:24)#1.sva#2(1), prng_refill_no_structs:for:state(5)(27:24)#1.sva#2.dfm(1), prng_refill_no_structs#3:for:state(5)(27:24)#1.sva#2.dfm(1), prng_refill_no_structs#1:for:state(5)(27:24)#1.sva#2.dfm(1), prng_refill_no_structs#2:for:state(5)(27:24)#1.sva#2.dfm(1)' (7 registers deleted). (FSM-3)
# Creating shared register 'prng_refill_no_structs#1:for:state(5)(27:24)#1.sva#2(2)' for variables 'prng_refill_no_structs#1:for:state(5)(27:24)#1.sva#2(2), prng_refill_no_structs#2:for:state(5)(27:24)#1.sva#2(2), prng_refill_no_structs#3:for:state(5)(27:24)#1.sva#2(2), prng_refill_no_structs:for:state(5)(27:24)#1.sva#2(2), prng_refill_no_structs:for:state(5)(27:24)#1.sva#2.dfm(2), prng_refill_no_structs#3:for:state(5)(27:24)#1.sva#2.dfm(2), prng_refill_no_structs#1:for:state(5)(27:24)#1.sva#2.dfm(2), prng_refill_no_structs#2:for:state(5)(27:24)#1.sva#2.dfm(2)' (7 registers deleted). (FSM-3)
# Creating shared register 'prng_refill_no_structs#1:for:state(5)(27:24)#1.sva#2(3)' for variables 'prng_refill_no_structs#1:for:state(5)(27:24)#1.sva#2(3), prng_refill_no_structs#2:for:state(5)(27:24)#1.sva#2(3), prng_refill_no_structs#3:for:state(5)(27:24)#1.sva#2(3), prng_refill_no_structs:for:state(5)(27:24)#1.sva#2(3), prng_refill_no_structs:for:state(5)(27:24)#1.sva#2.dfm(3), prng_refill_no_structs#3:for:state(5)(27:24)#1.sva#2.dfm(3), prng_refill_no_structs#1:for:state(5)(27:24)#1.sva#2.dfm(3), prng_refill_no_structs#2:for:state(5)(27:24)#1.sva#2.dfm(3)' (7 registers deleted). (FSM-3)
# Creating shared register 'prng_refill_no_structs#1:for:state(5)(31:28)#1.sva#2(0)' for variables 'prng_refill_no_structs#1:for:state(5)(31:28)#1.sva#2(0), prng_refill_no_structs#2:for:state(5)(31:28)#1.sva#2(0), prng_refill_no_structs#3:for:state(5)(31:28)#1.sva#2(0), prng_refill_no_structs:for:state(5)(31:28)#1.sva#2(0), prng_refill_no_structs:for:state(5)(31:28)#1.sva#2.dfm(0), prng_refill_no_structs#3:for:state(5)(31:28)#1.sva#2.dfm(0), prng_refill_no_structs#1:for:state(5)(31:28)#1.sva#2.dfm(0), prng_refill_no_structs#2:for:state(5)(31:28)#1.sva#2.dfm(0)' (7 registers deleted). (FSM-3)
# Creating shared register 'prng_refill_no_structs#1:for:state(5)(31:28)#1.sva#2(1)' for variables 'prng_refill_no_structs#1:for:state(5)(31:28)#1.sva#2(1), prng_refill_no_structs#2:for:state(5)(31:28)#1.sva#2(1), prng_refill_no_structs#3:for:state(5)(31:28)#1.sva#2(1), prng_refill_no_structs:for:state(5)(31:28)#1.sva#2(1), prng_refill_no_structs:for:state(5)(31:28)#1.sva#2.dfm(1), prng_refill_no_structs#3:for:state(5)(31:28)#1.sva#2.dfm(1), prng_refill_no_structs#1:for:state(5)(31:28)#1.sva#2.dfm(1), prng_refill_no_structs#2:for:state(5)(31:28)#1.sva#2.dfm(1)' (7 registers deleted). (FSM-3)
# Creating shared register 'prng_refill_no_structs#1:for:state(5)(31:28)#1.sva#2(2)' for variables 'prng_refill_no_structs#1:for:state(5)(31:28)#1.sva#2(2), prng_refill_no_structs#2:for:state(5)(31:28)#1.sva#2(2), prng_refill_no_structs#3:for:state(5)(31:28)#1.sva#2(2), prng_refill_no_structs:for:state(5)(31:28)#1.sva#2(2), prng_refill_no_structs:for:state(5)(31:28)#1.sva#2.dfm(2), prng_refill_no_structs#3:for:state(5)(31:28)#1.sva#2.dfm(2), prng_refill_no_structs#1:for:state(5)(31:28)#1.sva#2.dfm(2), prng_refill_no_structs#2:for:state(5)(31:28)#1.sva#2.dfm(2)' (7 registers deleted). (FSM-3)
# Creating shared register 'prng_refill_no_structs#1:for:state(5)(31:28)#1.sva#2(3)' for variables 'prng_refill_no_structs#1:for:state(5)(31:28)#1.sva#2(3), prng_refill_no_structs#2:for:state(5)(31:28)#1.sva#2(3), prng_refill_no_structs#3:for:state(5)(31:28)#1.sva#2(3), prng_refill_no_structs:for:state(5)(31:28)#1.sva#2(3), prng_refill_no_structs:for:state(5)(31:28)#1.sva#2.dfm(3), prng_refill_no_structs#3:for:state(5)(31:28)#1.sva#2.dfm(3), prng_refill_no_structs#1:for:state(5)(31:28)#1.sva#2.dfm(3), prng_refill_no_structs#2:for:state(5)(31:28)#1.sva#2.dfm(3)' (7 registers deleted). (FSM-3)
# Creating shared register 'prng_refill_no_structs#1:for:state(5)(3:0)#1.sva#2(0)' for variables 'prng_refill_no_structs#1:for:state(5)(3:0)#1.sva#2(0), prng_refill_no_structs#2:for:state(5)(3:0)#1.sva#2(0), prng_refill_no_structs#3:for:state(5)(3:0)#1.sva#2(0), prng_refill_no_structs:for:state(5)(3:0)#1.sva#2(0), prng_refill_no_structs:for:state(5)(3:0)#1.sva#2.dfm(0), prng_refill_no_structs#3:for:state(5)(3:0)#1.sva#2.dfm(0), prng_refill_no_structs#1:for:state(5)(3:0)#1.sva#2.dfm(0), prng_refill_no_structs#2:for:state(5)(3:0)#1.sva#2.dfm(0)' (7 registers deleted). (FSM-3)
# Creating shared register 'prng_refill_no_structs#1:for:state(5)(3:0)#1.sva#2(1)' for variables 'prng_refill_no_structs#1:for:state(5)(3:0)#1.sva#2(1), prng_refill_no_structs#2:for:state(5)(3:0)#1.sva#2(1), prng_refill_no_structs#3:for:state(5)(3:0)#1.sva#2(1), prng_refill_no_structs:for:state(5)(3:0)#1.sva#2(1), prng_refill_no_structs:for:state(5)(3:0)#1.sva#2.dfm(1), prng_refill_no_structs#3:for:state(5)(3:0)#1.sva#2.dfm(1), prng_refill_no_structs#1:for:state(5)(3:0)#1.sva#2.dfm(1), prng_refill_no_structs#2:for:state(5)(3:0)#1.sva#2.dfm(1)' (7 registers deleted). (FSM-3)
# Creating shared register 'prng_refill_no_structs#1:for:state(5)(3:0)#1.sva#2(2)' for variables 'prng_refill_no_structs#1:for:state(5)(3:0)#1.sva#2(2), prng_refill_no_structs#2:for:state(5)(3:0)#1.sva#2(2), prng_refill_no_structs#3:for:state(5)(3:0)#1.sva#2(2), prng_refill_no_structs:for:state(5)(3:0)#1.sva#2(2), prng_refill_no_structs:for:state(5)(3:0)#1.sva#2.dfm(2), prng_refill_no_structs#3:for:state(5)(3:0)#1.sva#2.dfm(2), prng_refill_no_structs#1:for:state(5)(3:0)#1.sva#2.dfm(2), prng_refill_no_structs#2:for:state(5)(3:0)#1.sva#2.dfm(2)' (7 registers deleted). (FSM-3)
# Creating shared register 'prng_refill_no_structs#1:for:state(5)(3:0)#1.sva#2(3)' for variables 'prng_refill_no_structs#1:for:state(5)(3:0)#1.sva#2(3), prng_refill_no_structs#2:for:state(5)(3:0)#1.sva#2(3), prng_refill_no_structs#3:for:state(5)(3:0)#1.sva#2(3), prng_refill_no_structs:for:state(5)(3:0)#1.sva#2(3), prng_refill_no_structs:for:state(5)(3:0)#1.sva#2.dfm(3), prng_refill_no_structs#3:for:state(5)(3:0)#1.sva#2.dfm(3), prng_refill_no_structs#1:for:state(5)(3:0)#1.sva#2.dfm(3), prng_refill_no_structs#2:for:state(5)(3:0)#1.sva#2.dfm(3)' (7 registers deleted). (FSM-3)
# Creating shared register 'prng_refill_no_structs#1:for:state(5)(7:4)#1.sva#2(0)' for variables 'prng_refill_no_structs#1:for:state(5)(7:4)#1.sva#2(0), prng_refill_no_structs#2:for:state(5)(7:4)#1.sva#2(0), prng_refill_no_structs#3:for:state(5)(7:4)#1.sva#2(0), prng_refill_no_structs:for:state(5)(7:4)#1.sva#2(0), prng_refill_no_structs:for:state(5)(7:4)#1.sva#2.dfm(0), prng_refill_no_structs#3:for:state(5)(7:4)#1.sva#2.dfm(0), prng_refill_no_structs#1:for:state(5)(7:4)#1.sva#2.dfm(0), prng_refill_no_structs#2:for:state(5)(7:4)#1.sva#2.dfm(0)' (7 registers deleted). (FSM-3)
# Creating shared register 'prng_refill_no_structs#1:for:state(5)(7:4)#1.sva#2(1)' for variables 'prng_refill_no_structs#1:for:state(5)(7:4)#1.sva#2(1), prng_refill_no_structs#2:for:state(5)(7:4)#1.sva#2(1), prng_refill_no_structs#3:for:state(5)(7:4)#1.sva#2(1), prng_refill_no_structs:for:state(5)(7:4)#1.sva#2(1), prng_refill_no_structs:for:state(5)(7:4)#1.sva#2.dfm(1), prng_refill_no_structs#3:for:state(5)(7:4)#1.sva#2.dfm(1), prng_refill_no_structs#1:for:state(5)(7:4)#1.sva#2.dfm(1), prng_refill_no_structs#2:for:state(5)(7:4)#1.sva#2.dfm(1)' (7 registers deleted). (FSM-3)
# Creating shared register 'prng_refill_no_structs#1:for:state(5)(7:4)#1.sva#2(2)' for variables 'prng_refill_no_structs#1:for:state(5)(7:4)#1.sva#2(2), prng_refill_no_structs#2:for:state(5)(7:4)#1.sva#2(2), prng_refill_no_structs#3:for:state(5)(7:4)#1.sva#2(2), prng_refill_no_structs:for:state(5)(7:4)#1.sva#2(2), prng_refill_no_structs:for:state(5)(7:4)#1.sva#2.dfm(2), prng_refill_no_structs#3:for:state(5)(7:4)#1.sva#2.dfm(2), prng_refill_no_structs#1:for:state(5)(7:4)#1.sva#2.dfm(2), prng_refill_no_structs#2:for:state(5)(7:4)#1.sva#2.dfm(2)' (7 registers deleted). (FSM-3)
# Creating shared register 'prng_refill_no_structs#1:for:state(5)(7:4)#1.sva#2(3)' for variables 'prng_refill_no_structs#1:for:state(5)(7:4)#1.sva#2(3), prng_refill_no_structs#2:for:state(5)(7:4)#1.sva#2(3), prng_refill_no_structs#3:for:state(5)(7:4)#1.sva#2(3), prng_refill_no_structs:for:state(5)(7:4)#1.sva#2(3), prng_refill_no_structs:for:state(5)(7:4)#1.sva#2.dfm(3), prng_refill_no_structs#3:for:state(5)(7:4)#1.sva#2.dfm(3), prng_refill_no_structs#1:for:state(5)(7:4)#1.sva#2.dfm(3), prng_refill_no_structs#2:for:state(5)(7:4)#1.sva#2.dfm(3)' (7 registers deleted). (FSM-3)
# Creating shared register 'prng_refill_no_structs#1:for:state(6)(11:8)#1.sva#2(0)' for variables 'prng_refill_no_structs#1:for:state(6)(11:8)#1.sva#2(0), prng_refill_no_structs#2:for:state(6)(11:8)#1.sva#2(0), prng_refill_no_structs#3:for:state(6)(11:8)#1.sva#2(0), prng_refill_no_structs:for:state(6)(11:8)#1.sva#2(0), prng_refill_no_structs:for:state(6)(11:8)#1.sva#2.dfm(0), prng_refill_no_structs#3:for:state(6)(11:8)#1.sva#2.dfm(0), prng_refill_no_structs#1:for:state(6)(11:8)#1.sva#2.dfm(0), prng_refill_no_structs#2:for:state(6)(11:8)#1.sva#2.dfm(0)' (7 registers deleted). (FSM-3)
# Creating shared register 'prng_refill_no_structs#1:for:state(6)(11:8)#1.sva#2(1)' for variables 'prng_refill_no_structs#1:for:state(6)(11:8)#1.sva#2(1), prng_refill_no_structs#2:for:state(6)(11:8)#1.sva#2(1), prng_refill_no_structs#3:for:state(6)(11:8)#1.sva#2(1), prng_refill_no_structs:for:state(6)(11:8)#1.sva#2(1), prng_refill_no_structs:for:state(6)(11:8)#1.sva#2.dfm(1), prng_refill_no_structs#3:for:state(6)(11:8)#1.sva#2.dfm(1), prng_refill_no_structs#1:for:state(6)(11:8)#1.sva#2.dfm(1), prng_refill_no_structs#2:for:state(6)(11:8)#1.sva#2.dfm(1)' (7 registers deleted). (FSM-3)
# Creating shared register 'prng_refill_no_structs#1:for:state(6)(11:8)#1.sva#2(2)' for variables 'prng_refill_no_structs#1:for:state(6)(11:8)#1.sva#2(2), prng_refill_no_structs#2:for:state(6)(11:8)#1.sva#2(2), prng_refill_no_structs#3:for:state(6)(11:8)#1.sva#2(2), prng_refill_no_structs:for:state(6)(11:8)#1.sva#2(2), prng_refill_no_structs:for:state(6)(11:8)#1.sva#2.dfm(2), prng_refill_no_structs#3:for:state(6)(11:8)#1.sva#2.dfm(2), prng_refill_no_structs#1:for:state(6)(11:8)#1.sva#2.dfm(2), prng_refill_no_structs#2:for:state(6)(11:8)#1.sva#2.dfm(2)' (7 registers deleted). (FSM-3)
# Creating shared register 'prng_refill_no_structs#1:for:state(6)(11:8)#1.sva#2(3)' for variables 'prng_refill_no_structs#1:for:state(6)(11:8)#1.sva#2(3), prng_refill_no_structs#2:for:state(6)(11:8)#1.sva#2(3), prng_refill_no_structs#3:for:state(6)(11:8)#1.sva#2(3), prng_refill_no_structs:for:state(6)(11:8)#1.sva#2(3), prng_refill_no_structs:for:state(6)(11:8)#1.sva#2.dfm(3), prng_refill_no_structs#3:for:state(6)(11:8)#1.sva#2.dfm(3), prng_refill_no_structs#1:for:state(6)(11:8)#1.sva#2.dfm(3), prng_refill_no_structs#2:for:state(6)(11:8)#1.sva#2.dfm(3)' (7 registers deleted). (FSM-3)
# Creating shared register 'prng_refill_no_structs#1:for:state(6)(15:12)#1.sva#2(0)' for variables 'prng_refill_no_structs#1:for:state(6)(15:12)#1.sva#2(0), prng_refill_no_structs#2:for:state(6)(15:12)#1.sva#2(0), prng_refill_no_structs#3:for:state(6)(15:12)#1.sva#2(0), prng_refill_no_structs:for:state(6)(15:12)#1.sva#2(0), prng_refill_no_structs:for:state(6)(15:12)#1.sva#2.dfm(0), prng_refill_no_structs#3:for:state(6)(15:12)#1.sva#2.dfm(0), prng_refill_no_structs#1:for:state(6)(15:12)#1.sva#2.dfm(0), prng_refill_no_structs#2:for:state(6)(15:12)#1.sva#2.dfm(0)' (7 registers deleted). (FSM-3)
# Creating shared register 'prng_refill_no_structs#1:for:state(6)(15:12)#1.sva#2(1)' for variables 'prng_refill_no_structs#1:for:state(6)(15:12)#1.sva#2(1), prng_refill_no_structs#2:for:state(6)(15:12)#1.sva#2(1), prng_refill_no_structs#3:for:state(6)(15:12)#1.sva#2(1), prng_refill_no_structs:for:state(6)(15:12)#1.sva#2(1), prng_refill_no_structs:for:state(6)(15:12)#1.sva#2.dfm(1), prng_refill_no_structs#3:for:state(6)(15:12)#1.sva#2.dfm(1), prng_refill_no_structs#1:for:state(6)(15:12)#1.sva#2.dfm(1), prng_refill_no_structs#2:for:state(6)(15:12)#1.sva#2.dfm(1)' (7 registers deleted). (FSM-3)
# Creating shared register 'prng_refill_no_structs#1:for:state(6)(15:12)#1.sva#2(2)' for variables 'prng_refill_no_structs#1:for:state(6)(15:12)#1.sva#2(2), prng_refill_no_structs#2:for:state(6)(15:12)#1.sva#2(2), prng_refill_no_structs#3:for:state(6)(15:12)#1.sva#2(2), prng_refill_no_structs:for:state(6)(15:12)#1.sva#2(2), prng_refill_no_structs:for:state(6)(15:12)#1.sva#2.dfm(2), prng_refill_no_structs#3:for:state(6)(15:12)#1.sva#2.dfm(2), prng_refill_no_structs#1:for:state(6)(15:12)#1.sva#2.dfm(2), prng_refill_no_structs#2:for:state(6)(15:12)#1.sva#2.dfm(2)' (7 registers deleted). (FSM-3)
# Creating shared register 'prng_refill_no_structs#1:for:state(6)(15:12)#1.sva#2(3)' for variables 'prng_refill_no_structs#1:for:state(6)(15:12)#1.sva#2(3), prng_refill_no_structs#2:for:state(6)(15:12)#1.sva#2(3), prng_refill_no_structs#3:for:state(6)(15:12)#1.sva#2(3), prng_refill_no_structs:for:state(6)(15:12)#1.sva#2(3), prng_refill_no_structs:for:state(6)(15:12)#1.sva#2.dfm(3), prng_refill_no_structs#3:for:state(6)(15:12)#1.sva#2.dfm(3), prng_refill_no_structs#1:for:state(6)(15:12)#1.sva#2.dfm(3), prng_refill_no_structs#2:for:state(6)(15:12)#1.sva#2.dfm(3)' (7 registers deleted). (FSM-3)
# Creating shared register 'prng_refill_no_structs#1:for:state(6)(19:16)#1.sva#2(0)' for variables 'prng_refill_no_structs#1:for:state(6)(19:16)#1.sva#2(0), prng_refill_no_structs#2:for:state(6)(19:16)#1.sva#2(0), prng_refill_no_structs#3:for:state(6)(19:16)#1.sva#2(0), prng_refill_no_structs:for:state(6)(19:16)#1.sva#2(0), prng_refill_no_structs:for:state(6)(19:16)#1.sva#2.dfm(0), prng_refill_no_structs#3:for:state(6)(19:16)#1.sva#2.dfm(0), prng_refill_no_structs#1:for:state(6)(19:16)#1.sva#2.dfm(0), prng_refill_no_structs#2:for:state(6)(19:16)#1.sva#2.dfm(0)' (7 registers deleted). (FSM-3)
# Creating shared register 'prng_refill_no_structs#1:for:state(6)(19:16)#1.sva#2(1)' for variables 'prng_refill_no_structs#1:for:state(6)(19:16)#1.sva#2(1), prng_refill_no_structs#2:for:state(6)(19:16)#1.sva#2(1), prng_refill_no_structs#3:for:state(6)(19:16)#1.sva#2(1), prng_refill_no_structs:for:state(6)(19:16)#1.sva#2(1), prng_refill_no_structs:for:state(6)(19:16)#1.sva#2.dfm(1), prng_refill_no_structs#3:for:state(6)(19:16)#1.sva#2.dfm(1), prng_refill_no_structs#1:for:state(6)(19:16)#1.sva#2.dfm(1), prng_refill_no_structs#2:for:state(6)(19:16)#1.sva#2.dfm(1)' (7 registers deleted). (FSM-3)
# Creating shared register 'prng_refill_no_structs#1:for:state(6)(19:16)#1.sva#2(2)' for variables 'prng_refill_no_structs#1:for:state(6)(19:16)#1.sva#2(2), prng_refill_no_structs#2:for:state(6)(19:16)#1.sva#2(2), prng_refill_no_structs#3:for:state(6)(19:16)#1.sva#2(2), prng_refill_no_structs:for:state(6)(19:16)#1.sva#2(2), prng_refill_no_structs:for:state(6)(19:16)#1.sva#2.dfm(2), prng_refill_no_structs#3:for:state(6)(19:16)#1.sva#2.dfm(2), prng_refill_no_structs#1:for:state(6)(19:16)#1.sva#2.dfm(2), prng_refill_no_structs#2:for:state(6)(19:16)#1.sva#2.dfm(2)' (7 registers deleted). (FSM-3)
# Creating shared register 'prng_refill_no_structs#1:for:state(6)(19:16)#1.sva#2(3)' for variables 'prng_refill_no_structs#1:for:state(6)(19:16)#1.sva#2(3), prng_refill_no_structs#2:for:state(6)(19:16)#1.sva#2(3), prng_refill_no_structs#3:for:state(6)(19:16)#1.sva#2(3), prng_refill_no_structs:for:state(6)(19:16)#1.sva#2(3), prng_refill_no_structs:for:state(6)(19:16)#1.sva#2.dfm(3), prng_refill_no_structs#3:for:state(6)(19:16)#1.sva#2.dfm(3), prng_refill_no_structs#1:for:state(6)(19:16)#1.sva#2.dfm(3), prng_refill_no_structs#2:for:state(6)(19:16)#1.sva#2.dfm(3)' (7 registers deleted). (FSM-3)
# Creating shared register 'prng_refill_no_structs#1:for:state(6)(23:20)#1.sva#2(0)' for variables 'prng_refill_no_structs#1:for:state(6)(23:20)#1.sva#2(0), prng_refill_no_structs#2:for:state(6)(23:20)#1.sva#2(0), prng_refill_no_structs#3:for:state(6)(23:20)#1.sva#2(0), prng_refill_no_structs:for:state(6)(23:20)#1.sva#2(0), prng_refill_no_structs:for:state(6)(23:20)#1.sva#2.dfm(0), prng_refill_no_structs#3:for:state(6)(23:20)#1.sva#2.dfm(0), prng_refill_no_structs#1:for:state(6)(23:20)#1.sva#2.dfm(0), prng_refill_no_structs#2:for:state(6)(23:20)#1.sva#2.dfm(0)' (7 registers deleted). (FSM-3)
# Creating shared register 'prng_refill_no_structs#1:for:state(6)(23:20)#1.sva#2(1)' for variables 'prng_refill_no_structs#1:for:state(6)(23:20)#1.sva#2(1), prng_refill_no_structs#2:for:state(6)(23:20)#1.sva#2(1), prng_refill_no_structs#3:for:state(6)(23:20)#1.sva#2(1), prng_refill_no_structs:for:state(6)(23:20)#1.sva#2(1), prng_refill_no_structs:for:state(6)(23:20)#1.sva#2.dfm(1), prng_refill_no_structs#3:for:state(6)(23:20)#1.sva#2.dfm(1), prng_refill_no_structs#1:for:state(6)(23:20)#1.sva#2.dfm(1), prng_refill_no_structs#2:for:state(6)(23:20)#1.sva#2.dfm(1)' (7 registers deleted). (FSM-3)
# Creating shared register 'prng_refill_no_structs#1:for:state(6)(23:20)#1.sva#2(2)' for variables 'prng_refill_no_structs#1:for:state(6)(23:20)#1.sva#2(2), prng_refill_no_structs#2:for:state(6)(23:20)#1.sva#2(2), prng_refill_no_structs#3:for:state(6)(23:20)#1.sva#2(2), prng_refill_no_structs:for:state(6)(23:20)#1.sva#2(2), prng_refill_no_structs:for:state(6)(23:20)#1.sva#2.dfm(2), prng_refill_no_structs#3:for:state(6)(23:20)#1.sva#2.dfm(2), prng_refill_no_structs#1:for:state(6)(23:20)#1.sva#2.dfm(2), prng_refill_no_structs#2:for:state(6)(23:20)#1.sva#2.dfm(2)' (7 registers deleted). (FSM-3)
# Creating shared register 'prng_refill_no_structs#1:for:state(6)(23:20)#1.sva#2(3)' for variables 'prng_refill_no_structs#1:for:state(6)(23:20)#1.sva#2(3), prng_refill_no_structs#2:for:state(6)(23:20)#1.sva#2(3), prng_refill_no_structs#3:for:state(6)(23:20)#1.sva#2(3), prng_refill_no_structs:for:state(6)(23:20)#1.sva#2(3), prng_refill_no_structs:for:state(6)(23:20)#1.sva#2.dfm(3), prng_refill_no_structs#3:for:state(6)(23:20)#1.sva#2.dfm(3), prng_refill_no_structs#1:for:state(6)(23:20)#1.sva#2.dfm(3), prng_refill_no_structs#2:for:state(6)(23:20)#1.sva#2.dfm(3)' (7 registers deleted). (FSM-3)
# Creating shared register 'prng_refill_no_structs#1:for:state(6)(27:24)#1.sva#2(0)' for variables 'prng_refill_no_structs#1:for:state(6)(27:24)#1.sva#2(0), prng_refill_no_structs#2:for:state(6)(27:24)#1.sva#2(0), prng_refill_no_structs#3:for:state(6)(27:24)#1.sva#2(0), prng_refill_no_structs:for:state(6)(27:24)#1.sva#2(0), prng_refill_no_structs:for:state(6)(27:24)#1.sva#2.dfm(0), prng_refill_no_structs#3:for:state(6)(27:24)#1.sva#2.dfm(0), prng_refill_no_structs#1:for:state(6)(27:24)#1.sva#2.dfm(0), prng_refill_no_structs#2:for:state(6)(27:24)#1.sva#2.dfm(0)' (7 registers deleted). (FSM-3)
# Creating shared register 'prng_refill_no_structs#1:for:state(6)(27:24)#1.sva#2(1)' for variables 'prng_refill_no_structs#1:for:state(6)(27:24)#1.sva#2(1), prng_refill_no_structs#2:for:state(6)(27:24)#1.sva#2(1), prng_refill_no_structs#3:for:state(6)(27:24)#1.sva#2(1), prng_refill_no_structs:for:state(6)(27:24)#1.sva#2(1), prng_refill_no_structs:for:state(6)(27:24)#1.sva#2.dfm(1), prng_refill_no_structs#3:for:state(6)(27:24)#1.sva#2.dfm(1), prng_refill_no_structs#1:for:state(6)(27:24)#1.sva#2.dfm(1), prng_refill_no_structs#2:for:state(6)(27:24)#1.sva#2.dfm(1)' (7 registers deleted). (FSM-3)
# Creating shared register 'prng_refill_no_structs#1:for:state(6)(27:24)#1.sva#2(2)' for variables 'prng_refill_no_structs#1:for:state(6)(27:24)#1.sva#2(2), prng_refill_no_structs#2:for:state(6)(27:24)#1.sva#2(2), prng_refill_no_structs#3:for:state(6)(27:24)#1.sva#2(2), prng_refill_no_structs:for:state(6)(27:24)#1.sva#2(2), prng_refill_no_structs:for:state(6)(27:24)#1.sva#2.dfm(2), prng_refill_no_structs#3:for:state(6)(27:24)#1.sva#2.dfm(2), prng_refill_no_structs#1:for:state(6)(27:24)#1.sva#2.dfm(2), prng_refill_no_structs#2:for:state(6)(27:24)#1.sva#2.dfm(2)' (7 registers deleted). (FSM-3)
# Creating shared register 'prng_refill_no_structs#1:for:state(6)(27:24)#1.sva#2(3)' for variables 'prng_refill_no_structs#1:for:state(6)(27:24)#1.sva#2(3), prng_refill_no_structs#2:for:state(6)(27:24)#1.sva#2(3), prng_refill_no_structs#3:for:state(6)(27:24)#1.sva#2(3), prng_refill_no_structs:for:state(6)(27:24)#1.sva#2(3), prng_refill_no_structs:for:state(6)(27:24)#1.sva#2.dfm(3), prng_refill_no_structs#3:for:state(6)(27:24)#1.sva#2.dfm(3), prng_refill_no_structs#1:for:state(6)(27:24)#1.sva#2.dfm(3), prng_refill_no_structs#2:for:state(6)(27:24)#1.sva#2.dfm(3)' (7 registers deleted). (FSM-3)
# Creating shared register 'prng_refill_no_structs#1:for:state(6)(31:28)#1.sva#2(0)' for variables 'prng_refill_no_structs#1:for:state(6)(31:28)#1.sva#2(0), prng_refill_no_structs#2:for:state(6)(31:28)#1.sva#2(0), prng_refill_no_structs#3:for:state(6)(31:28)#1.sva#2(0), prng_refill_no_structs:for:state(6)(31:28)#1.sva#2(0), prng_refill_no_structs:for:state(6)(31:28)#1.sva#2.dfm(0), prng_refill_no_structs#3:for:state(6)(31:28)#1.sva#2.dfm(0), prng_refill_no_structs#1:for:state(6)(31:28)#1.sva#2.dfm(0), prng_refill_no_structs#2:for:state(6)(31:28)#1.sva#2.dfm(0)' (7 registers deleted). (FSM-3)
# Creating shared register 'prng_refill_no_structs#1:for:state(6)(31:28)#1.sva#2(1)' for variables 'prng_refill_no_structs#1:for:state(6)(31:28)#1.sva#2(1), prng_refill_no_structs#2:for:state(6)(31:28)#1.sva#2(1), prng_refill_no_structs#3:for:state(6)(31:28)#1.sva#2(1), prng_refill_no_structs:for:state(6)(31:28)#1.sva#2(1), prng_refill_no_structs:for:state(6)(31:28)#1.sva#2.dfm(1), prng_refill_no_structs#3:for:state(6)(31:28)#1.sva#2.dfm(1), prng_refill_no_structs#1:for:state(6)(31:28)#1.sva#2.dfm(1), prng_refill_no_structs#2:for:state(6)(31:28)#1.sva#2.dfm(1)' (7 registers deleted). (FSM-3)
# Creating shared register 'prng_refill_no_structs#1:for:state(6)(31:28)#1.sva#2(2)' for variables 'prng_refill_no_structs#1:for:state(6)(31:28)#1.sva#2(2), prng_refill_no_structs#2:for:state(6)(31:28)#1.sva#2(2), prng_refill_no_structs#3:for:state(6)(31:28)#1.sva#2(2), prng_refill_no_structs:for:state(6)(31:28)#1.sva#2(2), prng_refill_no_structs:for:state(6)(31:28)#1.sva#2.dfm(2), prng_refill_no_structs#3:for:state(6)(31:28)#1.sva#2.dfm(2), prng_refill_no_structs#1:for:state(6)(31:28)#1.sva#2.dfm(2), prng_refill_no_structs#2:for:state(6)(31:28)#1.sva#2.dfm(2)' (7 registers deleted). (FSM-3)
# Creating shared register 'prng_refill_no_structs#1:for:state(6)(31:28)#1.sva#2(3)' for variables 'prng_refill_no_structs#1:for:state(6)(31:28)#1.sva#2(3), prng_refill_no_structs#2:for:state(6)(31:28)#1.sva#2(3), prng_refill_no_structs#3:for:state(6)(31:28)#1.sva#2(3), prng_refill_no_structs:for:state(6)(31:28)#1.sva#2(3), prng_refill_no_structs:for:state(6)(31:28)#1.sva#2.dfm(3), prng_refill_no_structs#3:for:state(6)(31:28)#1.sva#2.dfm(3), prng_refill_no_structs#1:for:state(6)(31:28)#1.sva#2.dfm(3), prng_refill_no_structs#2:for:state(6)(31:28)#1.sva#2.dfm(3)' (7 registers deleted). (FSM-3)
# Creating shared register 'prng_refill_no_structs#1:for:state(6)(3:0)#1.sva#2(0)' for variables 'prng_refill_no_structs#1:for:state(6)(3:0)#1.sva#2(0), prng_refill_no_structs#2:for:state(6)(3:0)#1.sva#2(0), prng_refill_no_structs#3:for:state(6)(3:0)#1.sva#2(0), prng_refill_no_structs:for:state(6)(3:0)#1.sva#2(0), prng_refill_no_structs:for:state(6)(3:0)#1.sva#2.dfm(0), prng_refill_no_structs#3:for:state(6)(3:0)#1.sva#2.dfm(0), prng_refill_no_structs#1:for:state(6)(3:0)#1.sva#2.dfm(0), prng_refill_no_structs#2:for:state(6)(3:0)#1.sva#2.dfm(0)' (7 registers deleted). (FSM-3)
# Creating shared register 'prng_refill_no_structs#1:for:state(6)(3:0)#1.sva#2(1)' for variables 'prng_refill_no_structs#1:for:state(6)(3:0)#1.sva#2(1), prng_refill_no_structs#2:for:state(6)(3:0)#1.sva#2(1), prng_refill_no_structs#3:for:state(6)(3:0)#1.sva#2(1), prng_refill_no_structs:for:state(6)(3:0)#1.sva#2(1), prng_refill_no_structs:for:state(6)(3:0)#1.sva#2.dfm(1), prng_refill_no_structs#3:for:state(6)(3:0)#1.sva#2.dfm(1), prng_refill_no_structs#1:for:state(6)(3:0)#1.sva#2.dfm(1), prng_refill_no_structs#2:for:state(6)(3:0)#1.sva#2.dfm(1)' (7 registers deleted). (FSM-3)
# Creating shared register 'prng_refill_no_structs#1:for:state(6)(3:0)#1.sva#2(2)' for variables 'prng_refill_no_structs#1:for:state(6)(3:0)#1.sva#2(2), prng_refill_no_structs#2:for:state(6)(3:0)#1.sva#2(2), prng_refill_no_structs#3:for:state(6)(3:0)#1.sva#2(2), prng_refill_no_structs:for:state(6)(3:0)#1.sva#2(2), prng_refill_no_structs:for:state(6)(3:0)#1.sva#2.dfm(2), prng_refill_no_structs#3:for:state(6)(3:0)#1.sva#2.dfm(2), prng_refill_no_structs#1:for:state(6)(3:0)#1.sva#2.dfm(2), prng_refill_no_structs#2:for:state(6)(3:0)#1.sva#2.dfm(2)' (7 registers deleted). (FSM-3)
# Creating shared register 'prng_refill_no_structs#1:for:state(6)(3:0)#1.sva#2(3)' for variables 'prng_refill_no_structs#1:for:state(6)(3:0)#1.sva#2(3), prng_refill_no_structs#2:for:state(6)(3:0)#1.sva#2(3), prng_refill_no_structs#3:for:state(6)(3:0)#1.sva#2(3), prng_refill_no_structs:for:state(6)(3:0)#1.sva#2(3), prng_refill_no_structs:for:state(6)(3:0)#1.sva#2.dfm(3), prng_refill_no_structs#3:for:state(6)(3:0)#1.sva#2.dfm(3), prng_refill_no_structs#1:for:state(6)(3:0)#1.sva#2.dfm(3), prng_refill_no_structs#2:for:state(6)(3:0)#1.sva#2.dfm(3)' (7 registers deleted). (FSM-3)
# Creating shared register 'prng_refill_no_structs#1:for:state(6)(7:4)#1.sva#2(0)' for variables 'prng_refill_no_structs#1:for:state(6)(7:4)#1.sva#2(0), prng_refill_no_structs#2:for:state(6)(7:4)#1.sva#2(0), prng_refill_no_structs#3:for:state(6)(7:4)#1.sva#2(0), prng_refill_no_structs:for:state(6)(7:4)#1.sva#2(0), prng_refill_no_structs:for:state(6)(7:4)#1.sva#2.dfm(0), prng_refill_no_structs#3:for:state(6)(7:4)#1.sva#2.dfm(0), prng_refill_no_structs#1:for:state(6)(7:4)#1.sva#2.dfm(0), prng_refill_no_structs#2:for:state(6)(7:4)#1.sva#2.dfm(0)' (7 registers deleted). (FSM-3)
# Creating shared register 'prng_refill_no_structs#1:for:state(6)(7:4)#1.sva#2(1)' for variables 'prng_refill_no_structs#1:for:state(6)(7:4)#1.sva#2(1), prng_refill_no_structs#2:for:state(6)(7:4)#1.sva#2(1), prng_refill_no_structs#3:for:state(6)(7:4)#1.sva#2(1), prng_refill_no_structs:for:state(6)(7:4)#1.sva#2(1), prng_refill_no_structs:for:state(6)(7:4)#1.sva#2.dfm(1), prng_refill_no_structs#3:for:state(6)(7:4)#1.sva#2.dfm(1), prng_refill_no_structs#1:for:state(6)(7:4)#1.sva#2.dfm(1), prng_refill_no_structs#2:for:state(6)(7:4)#1.sva#2.dfm(1)' (7 registers deleted). (FSM-3)
# Creating shared register 'prng_refill_no_structs#1:for:state(6)(7:4)#1.sva#2(2)' for variables 'prng_refill_no_structs#1:for:state(6)(7:4)#1.sva#2(2), prng_refill_no_structs#2:for:state(6)(7:4)#1.sva#2(2), prng_refill_no_structs#3:for:state(6)(7:4)#1.sva#2(2), prng_refill_no_structs:for:state(6)(7:4)#1.sva#2(2), prng_refill_no_structs:for:state(6)(7:4)#1.sva#2.dfm(2), prng_refill_no_structs#3:for:state(6)(7:4)#1.sva#2.dfm(2), prng_refill_no_structs#1:for:state(6)(7:4)#1.sva#2.dfm(2), prng_refill_no_structs#2:for:state(6)(7:4)#1.sva#2.dfm(2)' (7 registers deleted). (FSM-3)
# Creating shared register 'prng_refill_no_structs#1:for:state(6)(7:4)#1.sva#2(3)' for variables 'prng_refill_no_structs#1:for:state(6)(7:4)#1.sva#2(3), prng_refill_no_structs#2:for:state(6)(7:4)#1.sva#2(3), prng_refill_no_structs#3:for:state(6)(7:4)#1.sva#2(3), prng_refill_no_structs:for:state(6)(7:4)#1.sva#2(3), prng_refill_no_structs:for:state(6)(7:4)#1.sva#2.dfm(3), prng_refill_no_structs#3:for:state(6)(7:4)#1.sva#2.dfm(3), prng_refill_no_structs#1:for:state(6)(7:4)#1.sva#2.dfm(3), prng_refill_no_structs#2:for:state(6)(7:4)#1.sva#2.dfm(3)' (7 registers deleted). (FSM-3)
# Creating shared register 'prng_refill_no_structs#1:for:state(7)(11:8)#1.sva#2(0)' for variables 'prng_refill_no_structs#1:for:state(7)(11:8)#1.sva#2(0), prng_refill_no_structs#2:for:state(7)(11:8)#1.sva#2(0), prng_refill_no_structs#3:for:state(7)(11:8)#1.sva#2(0), prng_refill_no_structs:for:state(7)(11:8)#1.sva#2(0), prng_refill_no_structs:for:state(7)(11:8)#1.sva#2.dfm(0), prng_refill_no_structs#3:for:state(7)(11:8)#1.sva#2.dfm(0), prng_refill_no_structs#1:for:state(7)(11:8)#1.sva#2.dfm(0), prng_refill_no_structs#2:for:state(7)(11:8)#1.sva#2.dfm(0)' (7 registers deleted). (FSM-3)
# Creating shared register 'prng_refill_no_structs#1:for:state(7)(11:8)#1.sva#2(1)' for variables 'prng_refill_no_structs#1:for:state(7)(11:8)#1.sva#2(1), prng_refill_no_structs#2:for:state(7)(11:8)#1.sva#2(1), prng_refill_no_structs#3:for:state(7)(11:8)#1.sva#2(1), prng_refill_no_structs:for:state(7)(11:8)#1.sva#2(1), prng_refill_no_structs:for:state(7)(11:8)#1.sva#2.dfm(1), prng_refill_no_structs#3:for:state(7)(11:8)#1.sva#2.dfm(1), prng_refill_no_structs#1:for:state(7)(11:8)#1.sva#2.dfm(1), prng_refill_no_structs#2:for:state(7)(11:8)#1.sva#2.dfm(1)' (7 registers deleted). (FSM-3)
# Creating shared register 'prng_refill_no_structs#1:for:state(7)(11:8)#1.sva#2(2)' for variables 'prng_refill_no_structs#1:for:state(7)(11:8)#1.sva#2(2), prng_refill_no_structs#2:for:state(7)(11:8)#1.sva#2(2), prng_refill_no_structs#3:for:state(7)(11:8)#1.sva#2(2), prng_refill_no_structs:for:state(7)(11:8)#1.sva#2(2), prng_refill_no_structs:for:state(7)(11:8)#1.sva#2.dfm(2), prng_refill_no_structs#3:for:state(7)(11:8)#1.sva#2.dfm(2), prng_refill_no_structs#1:for:state(7)(11:8)#1.sva#2.dfm(2), prng_refill_no_structs#2:for:state(7)(11:8)#1.sva#2.dfm(2)' (7 registers deleted). (FSM-3)
# Creating shared register 'prng_refill_no_structs#1:for:state(7)(11:8)#1.sva#2(3)' for variables 'prng_refill_no_structs#1:for:state(7)(11:8)#1.sva#2(3), prng_refill_no_structs#2:for:state(7)(11:8)#1.sva#2(3), prng_refill_no_structs#3:for:state(7)(11:8)#1.sva#2(3), prng_refill_no_structs:for:state(7)(11:8)#1.sva#2(3), prng_refill_no_structs:for:state(7)(11:8)#1.sva#2.dfm(3), prng_refill_no_structs#3:for:state(7)(11:8)#1.sva#2.dfm(3), prng_refill_no_structs#1:for:state(7)(11:8)#1.sva#2.dfm(3), prng_refill_no_structs#2:for:state(7)(11:8)#1.sva#2.dfm(3)' (7 registers deleted). (FSM-3)
# Creating shared register 'prng_refill_no_structs#1:for:state(7)(15:12)#1.sva#2(0)' for variables 'prng_refill_no_structs#1:for:state(7)(15:12)#1.sva#2(0), prng_refill_no_structs#2:for:state(7)(15:12)#1.sva#2(0), prng_refill_no_structs#3:for:state(7)(15:12)#1.sva#2(0), prng_refill_no_structs:for:state(7)(15:12)#1.sva#2(0), prng_refill_no_structs:for:state(7)(15:12)#1.sva#2.dfm(0), prng_refill_no_structs#3:for:state(7)(15:12)#1.sva#2.dfm(0), prng_refill_no_structs#1:for:state(7)(15:12)#1.sva#2.dfm(0), prng_refill_no_structs#2:for:state(7)(15:12)#1.sva#2.dfm(0)' (7 registers deleted). (FSM-3)
# Creating shared register 'prng_refill_no_structs#1:for:state(7)(15:12)#1.sva#2(1)' for variables 'prng_refill_no_structs#1:for:state(7)(15:12)#1.sva#2(1), prng_refill_no_structs#2:for:state(7)(15:12)#1.sva#2(1), prng_refill_no_structs#3:for:state(7)(15:12)#1.sva#2(1), prng_refill_no_structs:for:state(7)(15:12)#1.sva#2(1), prng_refill_no_structs:for:state(7)(15:12)#1.sva#2.dfm(1), prng_refill_no_structs#3:for:state(7)(15:12)#1.sva#2.dfm(1), prng_refill_no_structs#1:for:state(7)(15:12)#1.sva#2.dfm(1), prng_refill_no_structs#2:for:state(7)(15:12)#1.sva#2.dfm(1)' (7 registers deleted). (FSM-3)
# Creating shared register 'prng_refill_no_structs#1:for:state(7)(15:12)#1.sva#2(2)' for variables 'prng_refill_no_structs#1:for:state(7)(15:12)#1.sva#2(2), prng_refill_no_structs#2:for:state(7)(15:12)#1.sva#2(2), prng_refill_no_structs#3:for:state(7)(15:12)#1.sva#2(2), prng_refill_no_structs:for:state(7)(15:12)#1.sva#2(2), prng_refill_no_structs:for:state(7)(15:12)#1.sva#2.dfm(2), prng_refill_no_structs#3:for:state(7)(15:12)#1.sva#2.dfm(2), prng_refill_no_structs#1:for:state(7)(15:12)#1.sva#2.dfm(2), prng_refill_no_structs#2:for:state(7)(15:12)#1.sva#2.dfm(2)' (7 registers deleted). (FSM-3)
# Creating shared register 'prng_refill_no_structs#1:for:state(7)(15:12)#1.sva#2(3)' for variables 'prng_refill_no_structs#1:for:state(7)(15:12)#1.sva#2(3), prng_refill_no_structs#2:for:state(7)(15:12)#1.sva#2(3), prng_refill_no_structs#3:for:state(7)(15:12)#1.sva#2(3), prng_refill_no_structs:for:state(7)(15:12)#1.sva#2(3), prng_refill_no_structs:for:state(7)(15:12)#1.sva#2.dfm(3), prng_refill_no_structs#3:for:state(7)(15:12)#1.sva#2.dfm(3), prng_refill_no_structs#1:for:state(7)(15:12)#1.sva#2.dfm(3), prng_refill_no_structs#2:for:state(7)(15:12)#1.sva#2.dfm(3)' (7 registers deleted). (FSM-3)
# Creating shared register 'prng_refill_no_structs#1:for:state(7)(19:16)#1.sva#2(0)' for variables 'prng_refill_no_structs#1:for:state(7)(19:16)#1.sva#2(0), prng_refill_no_structs#2:for:state(7)(19:16)#1.sva#2(0), prng_refill_no_structs#3:for:state(7)(19:16)#1.sva#2(0), prng_refill_no_structs:for:state(7)(19:16)#1.sva#2(0), prng_refill_no_structs:for:state(7)(19:16)#1.sva#2.dfm(0), prng_refill_no_structs#3:for:state(7)(19:16)#1.sva#2.dfm(0), prng_refill_no_structs#1:for:state(7)(19:16)#1.sva#2.dfm(0), prng_refill_no_structs#2:for:state(7)(19:16)#1.sva#2.dfm(0)' (7 registers deleted). (FSM-3)
# Creating shared register 'prng_refill_no_structs#1:for:state(7)(19:16)#1.sva#2(1)' for variables 'prng_refill_no_structs#1:for:state(7)(19:16)#1.sva#2(1), prng_refill_no_structs#2:for:state(7)(19:16)#1.sva#2(1), prng_refill_no_structs#3:for:state(7)(19:16)#1.sva#2(1), prng_refill_no_structs:for:state(7)(19:16)#1.sva#2(1), prng_refill_no_structs:for:state(7)(19:16)#1.sva#2.dfm(1), prng_refill_no_structs#3:for:state(7)(19:16)#1.sva#2.dfm(1), prng_refill_no_structs#1:for:state(7)(19:16)#1.sva#2.dfm(1), prng_refill_no_structs#2:for:state(7)(19:16)#1.sva#2.dfm(1)' (7 registers deleted). (FSM-3)
# Creating shared register 'prng_refill_no_structs#1:for:state(7)(19:16)#1.sva#2(2)' for variables 'prng_refill_no_structs#1:for:state(7)(19:16)#1.sva#2(2), prng_refill_no_structs#2:for:state(7)(19:16)#1.sva#2(2), prng_refill_no_structs#3:for:state(7)(19:16)#1.sva#2(2), prng_refill_no_structs:for:state(7)(19:16)#1.sva#2(2), prng_refill_no_structs:for:state(7)(19:16)#1.sva#2.dfm(2), prng_refill_no_structs#3:for:state(7)(19:16)#1.sva#2.dfm(2), prng_refill_no_structs#1:for:state(7)(19:16)#1.sva#2.dfm(2), prng_refill_no_structs#2:for:state(7)(19:16)#1.sva#2.dfm(2)' (7 registers deleted). (FSM-3)
# Creating shared register 'prng_refill_no_structs#1:for:state(7)(19:16)#1.sva#2(3)' for variables 'prng_refill_no_structs#1:for:state(7)(19:16)#1.sva#2(3), prng_refill_no_structs#2:for:state(7)(19:16)#1.sva#2(3), prng_refill_no_structs#3:for:state(7)(19:16)#1.sva#2(3), prng_refill_no_structs:for:state(7)(19:16)#1.sva#2(3), prng_refill_no_structs:for:state(7)(19:16)#1.sva#2.dfm(3), prng_refill_no_structs#3:for:state(7)(19:16)#1.sva#2.dfm(3), prng_refill_no_structs#1:for:state(7)(19:16)#1.sva#2.dfm(3), prng_refill_no_structs#2:for:state(7)(19:16)#1.sva#2.dfm(3)' (7 registers deleted). (FSM-3)
# Creating shared register 'prng_refill_no_structs#1:for:state(7)(23:20)#1.sva#2(0)' for variables 'prng_refill_no_structs#1:for:state(7)(23:20)#1.sva#2(0), prng_refill_no_structs#2:for:state(7)(23:20)#1.sva#2(0), prng_refill_no_structs#3:for:state(7)(23:20)#1.sva#2(0), prng_refill_no_structs:for:state(7)(23:20)#1.sva#2(0), prng_refill_no_structs:for:state(7)(23:20)#1.sva#2.dfm(0), prng_refill_no_structs#3:for:state(7)(23:20)#1.sva#2.dfm(0), prng_refill_no_structs#1:for:state(7)(23:20)#1.sva#2.dfm(0), prng_refill_no_structs#2:for:state(7)(23:20)#1.sva#2.dfm(0)' (7 registers deleted). (FSM-3)
# Creating shared register 'prng_refill_no_structs#1:for:state(7)(23:20)#1.sva#2(1)' for variables 'prng_refill_no_structs#1:for:state(7)(23:20)#1.sva#2(1), prng_refill_no_structs#2:for:state(7)(23:20)#1.sva#2(1), prng_refill_no_structs#3:for:state(7)(23:20)#1.sva#2(1), prng_refill_no_structs:for:state(7)(23:20)#1.sva#2(1), prng_refill_no_structs:for:state(7)(23:20)#1.sva#2.dfm(1), prng_refill_no_structs#3:for:state(7)(23:20)#1.sva#2.dfm(1), prng_refill_no_structs#1:for:state(7)(23:20)#1.sva#2.dfm(1), prng_refill_no_structs#2:for:state(7)(23:20)#1.sva#2.dfm(1)' (7 registers deleted). (FSM-3)
# Creating shared register 'prng_refill_no_structs#1:for:state(7)(23:20)#1.sva#2(2)' for variables 'prng_refill_no_structs#1:for:state(7)(23:20)#1.sva#2(2), prng_refill_no_structs#2:for:state(7)(23:20)#1.sva#2(2), prng_refill_no_structs#3:for:state(7)(23:20)#1.sva#2(2), prng_refill_no_structs:for:state(7)(23:20)#1.sva#2(2), prng_refill_no_structs:for:state(7)(23:20)#1.sva#2.dfm(2), prng_refill_no_structs#3:for:state(7)(23:20)#1.sva#2.dfm(2), prng_refill_no_structs#1:for:state(7)(23:20)#1.sva#2.dfm(2), prng_refill_no_structs#2:for:state(7)(23:20)#1.sva#2.dfm(2)' (7 registers deleted). (FSM-3)
# Creating shared register 'prng_refill_no_structs#1:for:state(7)(23:20)#1.sva#2(3)' for variables 'prng_refill_no_structs#1:for:state(7)(23:20)#1.sva#2(3), prng_refill_no_structs#2:for:state(7)(23:20)#1.sva#2(3), prng_refill_no_structs#3:for:state(7)(23:20)#1.sva#2(3), prng_refill_no_structs:for:state(7)(23:20)#1.sva#2(3), prng_refill_no_structs:for:state(7)(23:20)#1.sva#2.dfm(3), prng_refill_no_structs#3:for:state(7)(23:20)#1.sva#2.dfm(3), prng_refill_no_structs#1:for:state(7)(23:20)#1.sva#2.dfm(3), prng_refill_no_structs#2:for:state(7)(23:20)#1.sva#2.dfm(3)' (7 registers deleted). (FSM-3)
# Creating shared register 'prng_refill_no_structs#1:for:state(7)(27:24)#1.sva#2(0)' for variables 'prng_refill_no_structs#1:for:state(7)(27:24)#1.sva#2(0), prng_refill_no_structs#2:for:state(7)(27:24)#1.sva#2(0), prng_refill_no_structs#3:for:state(7)(27:24)#1.sva#2(0), prng_refill_no_structs:for:state(7)(27:24)#1.sva#2(0), prng_refill_no_structs:for:state(7)(27:24)#1.sva#2.dfm(0), prng_refill_no_structs#3:for:state(7)(27:24)#1.sva#2.dfm(0), prng_refill_no_structs#1:for:state(7)(27:24)#1.sva#2.dfm(0), prng_refill_no_structs#2:for:state(7)(27:24)#1.sva#2.dfm(0)' (7 registers deleted). (FSM-3)
# Creating shared register 'prng_refill_no_structs#1:for:state(7)(27:24)#1.sva#2(1)' for variables 'prng_refill_no_structs#1:for:state(7)(27:24)#1.sva#2(1), prng_refill_no_structs#2:for:state(7)(27:24)#1.sva#2(1), prng_refill_no_structs#3:for:state(7)(27:24)#1.sva#2(1), prng_refill_no_structs:for:state(7)(27:24)#1.sva#2(1), prng_refill_no_structs:for:state(7)(27:24)#1.sva#2.dfm(1), prng_refill_no_structs#3:for:state(7)(27:24)#1.sva#2.dfm(1), prng_refill_no_structs#1:for:state(7)(27:24)#1.sva#2.dfm(1), prng_refill_no_structs#2:for:state(7)(27:24)#1.sva#2.dfm(1)' (7 registers deleted). (FSM-3)
# Creating shared register 'prng_refill_no_structs#1:for:state(7)(27:24)#1.sva#2(2)' for variables 'prng_refill_no_structs#1:for:state(7)(27:24)#1.sva#2(2), prng_refill_no_structs#2:for:state(7)(27:24)#1.sva#2(2), prng_refill_no_structs#3:for:state(7)(27:24)#1.sva#2(2), prng_refill_no_structs:for:state(7)(27:24)#1.sva#2(2), prng_refill_no_structs:for:state(7)(27:24)#1.sva#2.dfm(2), prng_refill_no_structs#3:for:state(7)(27:24)#1.sva#2.dfm(2), prng_refill_no_structs#1:for:state(7)(27:24)#1.sva#2.dfm(2), prng_refill_no_structs#2:for:state(7)(27:24)#1.sva#2.dfm(2)' (7 registers deleted). (FSM-3)
# Creating shared register 'prng_refill_no_structs#1:for:state(7)(27:24)#1.sva#2(3)' for variables 'prng_refill_no_structs#1:for:state(7)(27:24)#1.sva#2(3), prng_refill_no_structs#2:for:state(7)(27:24)#1.sva#2(3), prng_refill_no_structs#3:for:state(7)(27:24)#1.sva#2(3), prng_refill_no_structs:for:state(7)(27:24)#1.sva#2(3), prng_refill_no_structs:for:state(7)(27:24)#1.sva#2.dfm(3), prng_refill_no_structs#3:for:state(7)(27:24)#1.sva#2.dfm(3), prng_refill_no_structs#1:for:state(7)(27:24)#1.sva#2.dfm(3), prng_refill_no_structs#2:for:state(7)(27:24)#1.sva#2.dfm(3)' (7 registers deleted). (FSM-3)
# Creating shared register 'prng_refill_no_structs#1:for:state(7)(31:28)#1.sva#2(0)' for variables 'prng_refill_no_structs#1:for:state(7)(31:28)#1.sva#2(0), prng_refill_no_structs#2:for:state(7)(31:28)#1.sva#2(0), prng_refill_no_structs#3:for:state(7)(31:28)#1.sva#2(0), prng_refill_no_structs:for:state(7)(31:28)#1.sva#2(0), prng_refill_no_structs:for:state(7)(31:28)#1.sva#2.dfm(0), prng_refill_no_structs#3:for:state(7)(31:28)#1.sva#2.dfm(0), prng_refill_no_structs#1:for:state(7)(31:28)#1.sva#2.dfm(0), prng_refill_no_structs#2:for:state(7)(31:28)#1.sva#2.dfm(0)' (7 registers deleted). (FSM-3)
# Creating shared register 'prng_refill_no_structs#1:for:state(7)(31:28)#1.sva#2(1)' for variables 'prng_refill_no_structs#1:for:state(7)(31:28)#1.sva#2(1), prng_refill_no_structs#2:for:state(7)(31:28)#1.sva#2(1), prng_refill_no_structs#3:for:state(7)(31:28)#1.sva#2(1), prng_refill_no_structs:for:state(7)(31:28)#1.sva#2(1), prng_refill_no_structs:for:state(7)(31:28)#1.sva#2.dfm(1), prng_refill_no_structs#3:for:state(7)(31:28)#1.sva#2.dfm(1), prng_refill_no_structs#1:for:state(7)(31:28)#1.sva#2.dfm(1), prng_refill_no_structs#2:for:state(7)(31:28)#1.sva#2.dfm(1)' (7 registers deleted). (FSM-3)
# Creating shared register 'prng_refill_no_structs#1:for:state(7)(31:28)#1.sva#2(2)' for variables 'prng_refill_no_structs#1:for:state(7)(31:28)#1.sva#2(2), prng_refill_no_structs#2:for:state(7)(31:28)#1.sva#2(2), prng_refill_no_structs#3:for:state(7)(31:28)#1.sva#2(2), prng_refill_no_structs:for:state(7)(31:28)#1.sva#2(2), prng_refill_no_structs:for:state(7)(31:28)#1.sva#2.dfm(2), prng_refill_no_structs#3:for:state(7)(31:28)#1.sva#2.dfm(2), prng_refill_no_structs#1:for:state(7)(31:28)#1.sva#2.dfm(2), prng_refill_no_structs#2:for:state(7)(31:28)#1.sva#2.dfm(2)' (7 registers deleted). (FSM-3)
# Creating shared register 'prng_refill_no_structs#1:for:state(7)(31:28)#1.sva#2(3)' for variables 'prng_refill_no_structs#1:for:state(7)(31:28)#1.sva#2(3), prng_refill_no_structs#2:for:state(7)(31:28)#1.sva#2(3), prng_refill_no_structs#3:for:state(7)(31:28)#1.sva#2(3), prng_refill_no_structs:for:state(7)(31:28)#1.sva#2(3), prng_refill_no_structs:for:state(7)(31:28)#1.sva#2.dfm(3), prng_refill_no_structs#3:for:state(7)(31:28)#1.sva#2.dfm(3), prng_refill_no_structs#1:for:state(7)(31:28)#1.sva#2.dfm(3), prng_refill_no_structs#2:for:state(7)(31:28)#1.sva#2.dfm(3)' (7 registers deleted). (FSM-3)
# Creating shared register 'prng_refill_no_structs#1:for:state(7)(3:0)#1.sva#2(0)' for variables 'prng_refill_no_structs#1:for:state(7)(3:0)#1.sva#2(0), prng_refill_no_structs#2:for:state(7)(3:0)#1.sva#2(0), prng_refill_no_structs#3:for:state(7)(3:0)#1.sva#2(0), prng_refill_no_structs:for:state(7)(3:0)#1.sva#2(0), prng_refill_no_structs:for:state(7)(3:0)#1.sva#2.dfm(0), prng_refill_no_structs#3:for:state(7)(3:0)#1.sva#2.dfm(0), prng_refill_no_structs#1:for:state(7)(3:0)#1.sva#2.dfm(0), prng_refill_no_structs#2:for:state(7)(3:0)#1.sva#2.dfm(0)' (7 registers deleted). (FSM-3)
# Creating shared register 'prng_refill_no_structs#1:for:state(7)(3:0)#1.sva#2(1)' for variables 'prng_refill_no_structs#1:for:state(7)(3:0)#1.sva#2(1), prng_refill_no_structs#2:for:state(7)(3:0)#1.sva#2(1), prng_refill_no_structs#3:for:state(7)(3:0)#1.sva#2(1), prng_refill_no_structs:for:state(7)(3:0)#1.sva#2(1), prng_refill_no_structs:for:state(7)(3:0)#1.sva#2.dfm(1), prng_refill_no_structs#3:for:state(7)(3:0)#1.sva#2.dfm(1), prng_refill_no_structs#1:for:state(7)(3:0)#1.sva#2.dfm(1), prng_refill_no_structs#2:for:state(7)(3:0)#1.sva#2.dfm(1)' (7 registers deleted). (FSM-3)
# Creating shared register 'prng_refill_no_structs#1:for:state(7)(3:0)#1.sva#2(2)' for variables 'prng_refill_no_structs#1:for:state(7)(3:0)#1.sva#2(2), prng_refill_no_structs#2:for:state(7)(3:0)#1.sva#2(2), prng_refill_no_structs#3:for:state(7)(3:0)#1.sva#2(2), prng_refill_no_structs:for:state(7)(3:0)#1.sva#2(2), prng_refill_no_structs:for:state(7)(3:0)#1.sva#2.dfm(2), prng_refill_no_structs#3:for:state(7)(3:0)#1.sva#2.dfm(2), prng_refill_no_structs#1:for:state(7)(3:0)#1.sva#2.dfm(2), prng_refill_no_structs#2:for:state(7)(3:0)#1.sva#2.dfm(2)' (7 registers deleted). (FSM-3)
# Creating shared register 'prng_refill_no_structs#1:for:state(7)(3:0)#1.sva#2(3)' for variables 'prng_refill_no_structs#1:for:state(7)(3:0)#1.sva#2(3), prng_refill_no_structs#2:for:state(7)(3:0)#1.sva#2(3), prng_refill_no_structs#3:for:state(7)(3:0)#1.sva#2(3), prng_refill_no_structs:for:state(7)(3:0)#1.sva#2(3), prng_refill_no_structs:for:state(7)(3:0)#1.sva#2.dfm(3), prng_refill_no_structs#3:for:state(7)(3:0)#1.sva#2.dfm(3), prng_refill_no_structs#1:for:state(7)(3:0)#1.sva#2.dfm(3), prng_refill_no_structs#2:for:state(7)(3:0)#1.sva#2.dfm(3)' (7 registers deleted). (FSM-3)
# Creating shared register 'prng_refill_no_structs#1:for:state(7)(7:4)#1.sva#2(0)' for variables 'prng_refill_no_structs#1:for:state(7)(7:4)#1.sva#2(0), prng_refill_no_structs#2:for:state(7)(7:4)#1.sva#2(0), prng_refill_no_structs#3:for:state(7)(7:4)#1.sva#2(0), prng_refill_no_structs:for:state(7)(7:4)#1.sva#2(0), prng_refill_no_structs:for:state(7)(7:4)#1.sva#2.dfm(0), prng_refill_no_structs#3:for:state(7)(7:4)#1.sva#2.dfm(0), prng_refill_no_structs#1:for:state(7)(7:4)#1.sva#2.dfm(0), prng_refill_no_structs#2:for:state(7)(7:4)#1.sva#2.dfm(0)' (7 registers deleted). (FSM-3)
# Creating shared register 'prng_refill_no_structs#1:for:state(7)(7:4)#1.sva#2(1)' for variables 'prng_refill_no_structs#1:for:state(7)(7:4)#1.sva#2(1), prng_refill_no_structs#2:for:state(7)(7:4)#1.sva#2(1), prng_refill_no_structs#3:for:state(7)(7:4)#1.sva#2(1), prng_refill_no_structs:for:state(7)(7:4)#1.sva#2(1), prng_refill_no_structs:for:state(7)(7:4)#1.sva#2.dfm(1), prng_refill_no_structs#3:for:state(7)(7:4)#1.sva#2.dfm(1), prng_refill_no_structs#1:for:state(7)(7:4)#1.sva#2.dfm(1), prng_refill_no_structs#2:for:state(7)(7:4)#1.sva#2.dfm(1)' (7 registers deleted). (FSM-3)
# Creating shared register 'prng_refill_no_structs#1:for:state(7)(7:4)#1.sva#2(2)' for variables 'prng_refill_no_structs#1:for:state(7)(7:4)#1.sva#2(2), prng_refill_no_structs#2:for:state(7)(7:4)#1.sva#2(2), prng_refill_no_structs#3:for:state(7)(7:4)#1.sva#2(2), prng_refill_no_structs:for:state(7)(7:4)#1.sva#2(2), prng_refill_no_structs:for:state(7)(7:4)#1.sva#2.dfm(2), prng_refill_no_structs#3:for:state(7)(7:4)#1.sva#2.dfm(2), prng_refill_no_structs#1:for:state(7)(7:4)#1.sva#2.dfm(2), prng_refill_no_structs#2:for:state(7)(7:4)#1.sva#2.dfm(2)' (7 registers deleted). (FSM-3)
# Creating shared register 'prng_refill_no_structs#1:for:state(7)(7:4)#1.sva#2(3)' for variables 'prng_refill_no_structs#1:for:state(7)(7:4)#1.sva#2(3), prng_refill_no_structs#2:for:state(7)(7:4)#1.sva#2(3), prng_refill_no_structs#3:for:state(7)(7:4)#1.sva#2(3), prng_refill_no_structs:for:state(7)(7:4)#1.sva#2(3), prng_refill_no_structs:for:state(7)(7:4)#1.sva#2.dfm(3), prng_refill_no_structs#3:for:state(7)(7:4)#1.sva#2.dfm(3), prng_refill_no_structs#1:for:state(7)(7:4)#1.sva#2.dfm(3), prng_refill_no_structs#2:for:state(7)(7:4)#1.sva#2.dfm(3)' (7 registers deleted). (FSM-3)
# Creating shared register 'fpr_mul#1:slc(fpr_mul#1:acc#11)(11).itm' for variables 'fpr_mul#1:slc(fpr_mul#1:acc#11)(11).itm, fpr_mul#3:slc(fpr_mul#3:acc#11)(11).itm, fpr_mul#6:fpr_mul#6:slc(fpr_mul#6:acc#10.sdt)(11).seb.sva, prng_refill_no_structs#1:for:for#3:mux.itm(4), prng_refill_no_structs#2:for:for#3:mux.itm(4), prng_refill_no_structs#3:for:for#3:mux.itm(4), prng_refill_no_structs:for:for#3:mux.itm(4)' (6 registers deleted). (FSM-3)
# Creating shared register 'fpr_add#1:do:nt:or.psp.sva' for variables 'fpr_add#1:do:nt:or.psp.sva, fpr_add:do:nt:or.psp.sva, fpr_add#1:m#1(21).sva, fpr_add:m#1(21).sva, fpr_add#2:or#5.itm, fpr_add#3:or#5.itm, fpr_scaled#3:t(0).sva, prng_get_u8_no_structs#1:v(0).sva' (7 registers deleted). (FSM-3)
# Creating shared register 'prng_refill_no_structs#1:for:for#3:mux.itm(5)' for variables 'prng_refill_no_structs#1:for:for#3:mux.itm(5), prng_refill_no_structs#2:for:for#3:mux.itm(5), prng_refill_no_structs#3:for:for#3:mux.itm(5), prng_refill_no_structs:for:for#3:mux.itm(5), fpr_mul:acc#10.cse(11).sva' (4 registers deleted). (FSM-3)
# Creating shared register 'prng_refill_no_structs#1:for:for#3:mux.itm(6)' for variables 'prng_refill_no_structs#1:for:for#3:mux.itm(6), prng_refill_no_structs#2:for:for#3:mux.itm(6), prng_refill_no_structs#3:for:for#3:mux.itm(6), prng_refill_no_structs:for:for#3:mux.itm(6)' (3 registers deleted). (FSM-3)
# Creating shared register 'prng_refill_no_structs#1:for:for#3:mux.itm(7)' for variables 'prng_refill_no_structs#1:for:for#3:mux.itm(7), prng_refill_no_structs#2:for:for#3:mux.itm(7), prng_refill_no_structs#3:for:for#3:mux.itm(7), prng_refill_no_structs:for:for#3:mux.itm(7)' (3 registers deleted). (FSM-3)
# Creating shared register 'prng_refill_no_structs#1:for:for#3:mux.itm(8)' for variables 'prng_refill_no_structs#1:for:for#3:mux.itm(8), prng_refill_no_structs#2:for:for#3:mux.itm(8), prng_refill_no_structs#3:for:for#3:mux.itm(8), prng_refill_no_structs:for:for#3:mux.itm(8)' (3 registers deleted). (FSM-3)
# Creating shared register 'prng_refill_no_structs#1:for:for#3:mux.itm(9)' for variables 'prng_refill_no_structs#1:for:for#3:mux.itm(9), prng_refill_no_structs#2:for:for#3:mux.itm(9), prng_refill_no_structs#3:for:for#3:mux.itm(9), prng_refill_no_structs:for:for#3:mux.itm(9)' (3 registers deleted). (FSM-3)
# Creating shared register 'fpr_add#1:xor#1.itm' for variables 'fpr_add#1:xor#1.itm, fpr_add:m#1(22).sva, prng_refill_no_structs#1:for:for#3:and.stg_1_0.sva, prng_refill_no_structs#2:for:for#3:and.stg_1_0.sva, prng_refill_no_structs#3:for:for#3:and.stg_1_0.sva, prng_refill_no_structs:for:for#3:and.stg_1_0.sva, prng_refill_no_structs#1:for:for#3:and.stg_2_4.sva, prng_refill_no_structs#2:for:for#3:and.stg_2_4.sva, prng_refill_no_structs#3:for:for#3:and.stg_2_4.sva, prng_refill_no_structs:for:for#3:and.stg_2_4.sva' (9 registers deleted). (FSM-3)
# Creating shared register 'fpr_add#1:xor#10.itm' for variables 'fpr_add#1:xor#10.itm, fpr_add:m#1(23).sva, prng_refill_no_structs#1:for:for#3:and.stg_1_1.sva, prng_refill_no_structs#2:for:for#3:and.stg_1_1.sva, prng_refill_no_structs#3:for:for#3:and.stg_1_1.sva, prng_refill_no_structs:for:for#3:and.stg_1_1.sva, prng_refill_no_structs#1:for:for#3:and.stg_2_5.sva, prng_refill_no_structs#2:for:for#3:and.stg_2_5.sva, prng_refill_no_structs#3:for:for#3:and.stg_2_5.sva, prng_refill_no_structs:for:for#3:and.stg_2_5.sva' (9 registers deleted). (FSM-3)
# Creating shared register 'fpr_add#1:xor#11.itm' for variables 'fpr_add#1:xor#11.itm, fpr_add:m#1(24).sva, prng_refill_no_structs#1:for:for#3:and.stg_1_2.sva, prng_refill_no_structs#2:for:for#3:and.stg_1_2.sva, prng_refill_no_structs#3:for:for#3:and.stg_1_2.sva, prng_refill_no_structs:for:for#3:and.stg_1_2.sva, fpr_scaled#1:do:xor#67.itm, prng_refill_no_structs#1:for:for#4:prng_refill_no_structs#1:for:for#4:slc(prng_refill_no_structs#1:for:prng_refill_no_structs#1:for:for#4:mux#1.itm(0), prng_refill_no_structs#2:for:for#4:prng_refill_no_structs#2:for:for#4:slc(prng_refill_no_structs#2:for:prng_refill_no_structs#2:for:for#4:mux#1.itm(0), prng_refill_no_structs#3:for:for#4:prng_refill_no_structs#3:for:for#4:slc(prng_refill_no_structs#3:for:prng_refill_no_structs#3:for:for#4:mux#1.itm(0), prng_refill_no_structs:for:for#4:prng_refill_no_structs:for:for#4:slc(prng_refill_no_structs:for:prng_refill_no_structs:for:for#4:mux#1.itm(0)' (10 registers deleted). (FSM-3)
# Creating shared register 'fpr_add#1:xor#12.itm' for variables 'fpr_add#1:xor#12.itm, fpr_add:m#1(25).sva, prng_refill_no_structs#1:for:for#3:and.stg_1_3.sva, prng_refill_no_structs#2:for:for#3:and.stg_1_3.sva, prng_refill_no_structs#3:for:for#3:and.stg_1_3.sva, prng_refill_no_structs:for:for#3:and.stg_1_3.sva, prng_refill_no_structs#1:for:for#4:prng_refill_no_structs#1:for:for#4:slc(prng_refill_no_structs#1:for:prng_refill_no_structs#1:for:for#4:mux#1.itm(1), prng_refill_no_structs#2:for:for#4:prng_refill_no_structs#2:for:for#4:slc(prng_refill_no_structs#2:for:prng_refill_no_structs#2:for:for#4:mux#1.itm(1), prng_refill_no_structs#3:for:for#4:prng_refill_no_structs#3:for:for#4:slc(prng_refill_no_structs#3:for:prng_refill_no_structs#3:for:for#4:mux#1.itm(1), prng_refill_no_structs:for:for#4:prng_refill_no_structs:for:for#4:slc(prng_refill_no_structs:for:prng_refill_no_structs:for:for#4:mux#1.itm(1)' (9 registers deleted). (FSM-3)
# Creating shared register 'fpr_add#1:xor#13.itm' for variables 'fpr_add#1:xor#13.itm, fpr_add:m#1(26).sva, prng_refill_no_structs#1:for:for#3:mux.itm(0), prng_refill_no_structs#2:for:for#3:mux.itm(0), prng_refill_no_structs#3:for:for#3:mux.itm(0), prng_refill_no_structs:for:for#3:mux.itm(0), prng_refill_no_structs#1:for:for#4:prng_refill_no_structs#1:for:for#4:slc(prng_refill_no_structs#1:for:prng_refill_no_structs#1:for:for#4:mux#1.itm(2), prng_refill_no_structs#2:for:for#4:prng_refill_no_structs#2:for:for#4:slc(prng_refill_no_structs#2:for:prng_refill_no_structs#2:for:for#4:mux#1.itm(2), prng_refill_no_structs#3:for:for#4:prng_refill_no_structs#3:for:for#4:slc(prng_refill_no_structs#3:for:prng_refill_no_structs#3:for:for#4:mux#1.itm(2), prng_refill_no_structs:for:for#4:prng_refill_no_structs:for:for#4:slc(prng_refill_no_structs:for:prng_refill_no_structs:for:for#4:mux#1.itm(2)' (9 registers deleted). (FSM-3)
# Creating shared register 'fpr_add#1:xor#14.itm' for variables 'fpr_add#1:xor#14.itm, fpr_add:m#1(27).sva, prng_refill_no_structs#1:for:for#3:mux.itm(1), prng_refill_no_structs#2:for:for#3:mux.itm(1), prng_refill_no_structs#3:for:for#3:mux.itm(1), prng_refill_no_structs:for:for#3:mux.itm(1), prng_refill_no_structs#1:for:for#4:prng_refill_no_structs#1:for:for#4:slc(prng_refill_no_structs#1:for:prng_refill_no_structs#1:for:for#4:mux#1.itm(3), prng_refill_no_structs#2:for:for#4:prng_refill_no_structs#2:for:for#4:slc(prng_refill_no_structs#2:for:prng_refill_no_structs#2:for:for#4:mux#1.itm(3), prng_refill_no_structs#3:for:for#4:prng_refill_no_structs#3:for:for#4:slc(prng_refill_no_structs#3:for:prng_refill_no_structs#3:for:for#4:mux#1.itm(3), prng_refill_no_structs:for:for#4:prng_refill_no_structs:for:for#4:slc(prng_refill_no_structs:for:prng_refill_no_structs:for:for#4:mux#1.itm(3)' (9 registers deleted). (FSM-3)
# Creating shared register 'fpr_add#1:xor#15.itm' for variables 'fpr_add#1:xor#15.itm, fpr_add:m#1(28).sva, prng_refill_no_structs#1:for:for#3:mux.itm(10), prng_refill_no_structs#2:for:for#3:mux.itm(10), prng_refill_no_structs#3:for:for#3:mux.itm(10), prng_refill_no_structs:for:for#3:mux.itm(10), prng_refill_no_structs#1:for:for#4:prng_refill_no_structs#1:for:for#4:slc(prng_refill_no_structs#1:for:prng_refill_no_structs#1:for:for#4:mux#1.itm(4), prng_refill_no_structs#2:for:for#4:prng_refill_no_structs#2:for:for#4:slc(prng_refill_no_structs#2:for:prng_refill_no_structs#2:for:for#4:mux#1.itm(4), prng_refill_no_structs#3:for:for#4:prng_refill_no_structs#3:for:for#4:slc(prng_refill_no_structs#3:for:prng_refill_no_structs#3:for:for#4:mux#1.itm(4), prng_refill_no_structs:for:for#4:prng_refill_no_structs:for:for#4:slc(prng_refill_no_structs:for:prng_refill_no_structs:for:for#4:mux#1.itm(4)' (9 registers deleted). (FSM-3)
# Creating shared register 'fpr_add#1:xor#16.itm' for variables 'fpr_add#1:xor#16.itm, fpr_add:m#1(29).sva, prng_refill_no_structs#1:for:for#3:mux.itm(11), prng_refill_no_structs#2:for:for#3:mux.itm(11), prng_refill_no_structs#3:for:for#3:mux.itm(11), prng_refill_no_structs:for:for#3:mux.itm(11), prng_refill_no_structs#1:for:for#4:prng_refill_no_structs#1:for:for#4:slc(prng_refill_no_structs#1:for:prng_refill_no_structs#1:for:for#4:mux#1.itm(5), prng_refill_no_structs#2:for:for#4:prng_refill_no_structs#2:for:for#4:slc(prng_refill_no_structs#2:for:prng_refill_no_structs#2:for:for#4:mux#1.itm(5), prng_refill_no_structs#3:for:for#4:prng_refill_no_structs#3:for:for#4:slc(prng_refill_no_structs#3:for:prng_refill_no_structs#3:for:for#4:mux#1.itm(5), prng_refill_no_structs:for:for#4:prng_refill_no_structs:for:for#4:slc(prng_refill_no_structs:for:prng_refill_no_structs:for:for#4:mux#1.itm(5)' (9 registers deleted). (FSM-3)
# Creating shared register 'fpr_add#1:xor#17.itm' for variables 'fpr_add#1:xor#17.itm, fpr_add:m#1(30).sva, prng_refill_no_structs#1:for:for#3:mux.itm(12), prng_refill_no_structs#2:for:for#3:mux.itm(12), prng_refill_no_structs#3:for:for#3:mux.itm(12), prng_refill_no_structs:for:for#3:mux.itm(12), prng_refill_no_structs#1:for:for#4:prng_refill_no_structs#1:for:for#4:slc(prng_refill_no_structs#1:for:prng_refill_no_structs#1:for:for#4:mux#1.itm(6), prng_refill_no_structs#2:for:for#4:prng_refill_no_structs#2:for:for#4:slc(prng_refill_no_structs#2:for:prng_refill_no_structs#2:for:for#4:mux#1.itm(6), prng_refill_no_structs#3:for:for#4:prng_refill_no_structs#3:for:for#4:slc(prng_refill_no_structs#3:for:prng_refill_no_structs#3:for:for#4:mux#1.itm(6), prng_refill_no_structs:for:for#4:prng_refill_no_structs:for:for#4:slc(prng_refill_no_structs:for:prng_refill_no_structs:for:for#4:mux#1.itm(6)' (9 registers deleted). (FSM-3)
# Creating shared register 'fpr_add#1:xor#18.itm' for variables 'fpr_add#1:xor#18.itm, fpr_add:m#1(31).sva, prng_refill_no_structs#1:for:for#3:mux.itm(13), prng_refill_no_structs#2:for:for#3:mux.itm(13), prng_refill_no_structs#3:for:for#3:mux.itm(13), prng_refill_no_structs:for:for#3:mux.itm(13), prng_refill_no_structs#1:for:for#4:prng_refill_no_structs#1:for:for#4:slc(prng_refill_no_structs#1:for:prng_refill_no_structs#1:for:for#4:mux#1.itm(7), prng_refill_no_structs#2:for:for#4:prng_refill_no_structs#2:for:for#4:slc(prng_refill_no_structs#2:for:prng_refill_no_structs#2:for:for#4:mux#1.itm(7), prng_refill_no_structs#3:for:for#4:prng_refill_no_structs#3:for:for#4:slc(prng_refill_no_structs#3:for:prng_refill_no_structs#3:for:for#4:mux#1.itm(7), prng_refill_no_structs:for:for#4:prng_refill_no_structs:for:for#4:slc(prng_refill_no_structs:for:prng_refill_no_structs:for:for#4:mux#1.itm(7)' (9 registers deleted). (FSM-3)
# Creating shared register 'fpr_add#1:xor#19.itm' for variables 'fpr_add#1:xor#19.itm, fpr_add:m#1(32).sva, prng_refill_no_structs#1:for:for#3:mux.itm(14), prng_refill_no_structs#2:for:for#3:mux.itm(14), prng_refill_no_structs#3:for:for#3:mux.itm(14), prng_refill_no_structs:for:for#3:mux.itm(14), prng_refill_no_structs#1:for:for#4:prng_refill_no_structs#1:for:for#4:slc(prng_refill_no_structs#1:for:prng_refill_no_structs#1:for:for#4:mux#2.itm(0), prng_refill_no_structs#2:for:for#4:prng_refill_no_structs#2:for:for#4:slc(prng_refill_no_structs#2:for:prng_refill_no_structs#2:for:for#4:mux#2.itm(0), prng_refill_no_structs#3:for:for#4:prng_refill_no_structs#3:for:for#4:slc(prng_refill_no_structs#3:for:prng_refill_no_structs#3:for:for#4:mux#2.itm(0), prng_refill_no_structs:for:for#4:prng_refill_no_structs:for:for#4:slc(prng_refill_no_structs:for:prng_refill_no_structs:for:for#4:mux#2.itm(0)' (9 registers deleted). (FSM-3)
# Creating shared register 'fpr_add#1:xor#20.itm' for variables 'fpr_add#1:xor#20.itm, fpr_add:m#1(33).sva, prng_refill_no_structs#1:for:for#3:mux.itm(15), prng_refill_no_structs#2:for:for#3:mux.itm(15), prng_refill_no_structs#3:for:for#3:mux.itm(15), prng_refill_no_structs:for:for#3:mux.itm(15), prng_refill_no_structs#1:for:for#4:prng_refill_no_structs#1:for:for#4:slc(prng_refill_no_structs#1:for:prng_refill_no_structs#1:for:for#4:mux#2.itm(1), prng_refill_no_structs#2:for:for#4:prng_refill_no_structs#2:for:for#4:slc(prng_refill_no_structs#2:for:prng_refill_no_structs#2:for:for#4:mux#2.itm(1), prng_refill_no_structs#3:for:for#4:prng_refill_no_structs#3:for:for#4:slc(prng_refill_no_structs#3:for:prng_refill_no_structs#3:for:for#4:mux#2.itm(1), prng_refill_no_structs:for:for#4:prng_refill_no_structs:for:for#4:slc(prng_refill_no_structs:for:prng_refill_no_structs:for:for#4:mux#2.itm(1)' (9 registers deleted). (FSM-3)
# Creating shared register 'fpr_add#1:xor#21.itm' for variables 'fpr_add#1:xor#21.itm, fpr_add:m#1(34).sva, prng_refill_no_structs#1:for:for#3:mux.itm(16), prng_refill_no_structs#2:for:for#3:mux.itm(16), prng_refill_no_structs#3:for:for#3:mux.itm(16), prng_refill_no_structs:for:for#3:mux.itm(16), prng_refill_no_structs#1:for:for#4:prng_refill_no_structs#1:for:for#4:slc(prng_refill_no_structs#1:for:prng_refill_no_structs#1:for:for#4:mux#2.itm(2), prng_refill_no_structs#2:for:for#4:prng_refill_no_structs#2:for:for#4:slc(prng_refill_no_structs#2:for:prng_refill_no_structs#2:for:for#4:mux#2.itm(2), prng_refill_no_structs#3:for:for#4:prng_refill_no_structs#3:for:for#4:slc(prng_refill_no_structs#3:for:prng_refill_no_structs#3:for:for#4:mux#2.itm(2), prng_refill_no_structs:for:for#4:prng_refill_no_structs:for:for#4:slc(prng_refill_no_structs:for:prng_refill_no_structs:for:for#4:mux#2.itm(2)' (9 registers deleted). (FSM-3)
# Creating shared register 'fpr_add#1:xor#22.itm' for variables 'fpr_add#1:xor#22.itm, fpr_add:m#1(35).sva, prng_refill_no_structs#1:for:for#3:mux.itm(17), prng_refill_no_structs#2:for:for#3:mux.itm(17), prng_refill_no_structs#3:for:for#3:mux.itm(17), prng_refill_no_structs:for:for#3:mux.itm(17), prng_refill_no_structs#1:for:for#4:prng_refill_no_structs#1:for:for#4:slc(prng_refill_no_structs#1:for:prng_refill_no_structs#1:for:for#4:mux#2.itm(3), prng_refill_no_structs#2:for:for#4:prng_refill_no_structs#2:for:for#4:slc(prng_refill_no_structs#2:for:prng_refill_no_structs#2:for:for#4:mux#2.itm(3), prng_refill_no_structs#3:for:for#4:prng_refill_no_structs#3:for:for#4:slc(prng_refill_no_structs#3:for:prng_refill_no_structs#3:for:for#4:mux#2.itm(3), prng_refill_no_structs:for:for#4:prng_refill_no_structs:for:for#4:slc(prng_refill_no_structs:for:prng_refill_no_structs:for:for#4:mux#2.itm(3)' (9 registers deleted). (FSM-3)
# Creating shared register 'fpr_add#1:xor#23.itm' for variables 'fpr_add#1:xor#23.itm, fpr_add:m#1(36).sva, prng_refill_no_structs#1:for:for#3:mux.itm(18), prng_refill_no_structs#2:for:for#3:mux.itm(18), prng_refill_no_structs#3:for:for#3:mux.itm(18), prng_refill_no_structs:for:for#3:mux.itm(18), prng_refill_no_structs#1:for:for#4:prng_refill_no_structs#1:for:for#4:slc(prng_refill_no_structs#1:for:prng_refill_no_structs#1:for:for#4:mux#2.itm(4), prng_refill_no_structs#2:for:for#4:prng_refill_no_structs#2:for:for#4:slc(prng_refill_no_structs#2:for:prng_refill_no_structs#2:for:for#4:mux#2.itm(4), prng_refill_no_structs#3:for:for#4:prng_refill_no_structs#3:for:for#4:slc(prng_refill_no_structs#3:for:prng_refill_no_structs#3:for:for#4:mux#2.itm(4), prng_refill_no_structs:for:for#4:prng_refill_no_structs:for:for#4:slc(prng_refill_no_structs:for:prng_refill_no_structs:for:for#4:mux#2.itm(4)' (9 registers deleted). (FSM-3)
# Creating shared register 'fpr_add#1:xor#24.itm' for variables 'fpr_add#1:xor#24.itm, fpr_add:m#1(37).sva, prng_refill_no_structs#1:for:for#3:mux.itm(19), prng_refill_no_structs#2:for:for#3:mux.itm(19), prng_refill_no_structs#3:for:for#3:mux.itm(19), prng_refill_no_structs:for:for#3:mux.itm(19), prng_refill_no_structs#1:for:for#4:prng_refill_no_structs#1:for:for#4:slc(prng_refill_no_structs#1:for:prng_refill_no_structs#1:for:for#4:mux#2.itm(5), prng_refill_no_structs#2:for:for#4:prng_refill_no_structs#2:for:for#4:slc(prng_refill_no_structs#2:for:prng_refill_no_structs#2:for:for#4:mux#2.itm(5), prng_refill_no_structs#3:for:for#4:prng_refill_no_structs#3:for:for#4:slc(prng_refill_no_structs#3:for:prng_refill_no_structs#3:for:for#4:mux#2.itm(5), prng_refill_no_structs:for:for#4:prng_refill_no_structs:for:for#4:slc(prng_refill_no_structs:for:prng_refill_no_structs:for:for#4:mux#2.itm(5)' (9 registers deleted). (FSM-3)
# Creating shared register 'fpr_add#1:xor#25.itm' for variables 'fpr_add#1:xor#25.itm, fpr_add:m#1(38).sva, prng_refill_no_structs#1:for:for#3:mux.itm(2), prng_refill_no_structs#2:for:for#3:mux.itm(2), prng_refill_no_structs#3:for:for#3:mux.itm(2), prng_refill_no_structs:for:for#3:mux.itm(2), prng_refill_no_structs#1:for:for#4:prng_refill_no_structs#1:for:for#4:slc(prng_refill_no_structs#1:for:prng_refill_no_structs#1:for:for#4:mux#2.itm(6), prng_refill_no_structs#2:for:for#4:prng_refill_no_structs#2:for:for#4:slc(prng_refill_no_structs#2:for:prng_refill_no_structs#2:for:for#4:mux#2.itm(6), prng_refill_no_structs#3:for:for#4:prng_refill_no_structs#3:for:for#4:slc(prng_refill_no_structs#3:for:prng_refill_no_structs#3:for:for#4:mux#2.itm(6), prng_refill_no_structs:for:for#4:prng_refill_no_structs:for:for#4:slc(prng_refill_no_structs:for:prng_refill_no_structs:for:for#4:mux#2.itm(6)' (9 registers deleted). (FSM-3)
# Creating shared register 'fpr_add#1:xor#26.itm' for variables 'fpr_add#1:xor#26.itm, fpr_add:m#1(39).sva, prng_refill_no_structs#1:for:for#3:mux.itm(20), prng_refill_no_structs#2:for:for#3:mux.itm(20), prng_refill_no_structs#3:for:for#3:mux.itm(20), prng_refill_no_structs:for:for#3:mux.itm(20), prng_refill_no_structs#1:for:for#4:prng_refill_no_structs#1:for:for#4:slc(prng_refill_no_structs#1:for:prng_refill_no_structs#1:for:for#4:mux#2.itm(7), prng_refill_no_structs#2:for:for#4:prng_refill_no_structs#2:for:for#4:slc(prng_refill_no_structs#2:for:prng_refill_no_structs#2:for:for#4:mux#2.itm(7), prng_refill_no_structs#3:for:for#4:prng_refill_no_structs#3:for:for#4:slc(prng_refill_no_structs#3:for:prng_refill_no_structs#3:for:for#4:mux#2.itm(7), prng_refill_no_structs:for:for#4:prng_refill_no_structs:for:for#4:slc(prng_refill_no_structs:for:prng_refill_no_structs:for:for#4:mux#2.itm(7)' (9 registers deleted). (FSM-3)
# Creating shared register 'fpr_add#1:xor#27.itm' for variables 'fpr_add#1:xor#27.itm, fpr_add:m#1(40).sva, prng_refill_no_structs#1:for:for#3:mux.itm(21), prng_refill_no_structs#2:for:for#3:mux.itm(21), prng_refill_no_structs#3:for:for#3:mux.itm(21), prng_refill_no_structs:for:for#3:mux.itm(21), prng_refill_no_structs#1:for:for#4:prng_refill_no_structs#1:for:for#4:slc(prng_refill_no_structs#1:for:prng_refill_no_structs#1:for:for#4:mux#3.itm(0), prng_refill_no_structs#2:for:for#4:prng_refill_no_structs#2:for:for#4:slc(prng_refill_no_structs#2:for:prng_refill_no_structs#2:for:for#4:mux#3.itm(0), prng_refill_no_structs#3:for:for#4:prng_refill_no_structs#3:for:for#4:slc(prng_refill_no_structs#3:for:prng_refill_no_structs#3:for:for#4:mux#3.itm(0), prng_refill_no_structs:for:for#4:prng_refill_no_structs:for:for#4:slc(prng_refill_no_structs:for:prng_refill_no_structs:for:for#4:mux#3.itm(0)' (9 registers deleted). (FSM-3)
# Creating shared register 'fpr_add#1:xor#28.itm' for variables 'fpr_add#1:xor#28.itm, fpr_add:m#1(41).sva, prng_refill_no_structs#1:for:for#3:mux.itm(22), prng_refill_no_structs#2:for:for#3:mux.itm(22), prng_refill_no_structs#3:for:for#3:mux.itm(22), prng_refill_no_structs:for:for#3:mux.itm(22), prng_refill_no_structs#1:for:for#4:prng_refill_no_structs#1:for:for#4:slc(prng_refill_no_structs#1:for:prng_refill_no_structs#1:for:for#4:mux#3.itm(1), prng_refill_no_structs#2:for:for#4:prng_refill_no_structs#2:for:for#4:slc(prng_refill_no_structs#2:for:prng_refill_no_structs#2:for:for#4:mux#3.itm(1), prng_refill_no_structs#3:for:for#4:prng_refill_no_structs#3:for:for#4:slc(prng_refill_no_structs#3:for:prng_refill_no_structs#3:for:for#4:mux#3.itm(1), prng_refill_no_structs:for:for#4:prng_refill_no_structs:for:for#4:slc(prng_refill_no_structs:for:prng_refill_no_structs:for:for#4:mux#3.itm(1)' (9 registers deleted). (FSM-3)
# Creating shared register 'fpr_add#1:xor#29.itm' for variables 'fpr_add#1:xor#29.itm, fpr_add:m#1(42).sva, prng_refill_no_structs#1:for:for#3:mux.itm(23), prng_refill_no_structs#2:for:for#3:mux.itm(23), prng_refill_no_structs#3:for:for#3:mux.itm(23), prng_refill_no_structs:for:for#3:mux.itm(23), prng_refill_no_structs#1:for:for#4:prng_refill_no_structs#1:for:for#4:slc(prng_refill_no_structs#1:for:prng_refill_no_structs#1:for:for#4:mux#3.itm(2), prng_refill_no_structs#2:for:for#4:prng_refill_no_structs#2:for:for#4:slc(prng_refill_no_structs#2:for:prng_refill_no_structs#2:for:for#4:mux#3.itm(2), prng_refill_no_structs#3:for:for#4:prng_refill_no_structs#3:for:for#4:slc(prng_refill_no_structs#3:for:prng_refill_no_structs#3:for:for#4:mux#3.itm(2), prng_refill_no_structs:for:for#4:prng_refill_no_structs:for:for#4:slc(prng_refill_no_structs:for:prng_refill_no_structs:for:for#4:mux#3.itm(2)' (9 registers deleted). (FSM-3)
# Creating shared register 'fpr_add#1:xor#3.itm' for variables 'fpr_add#1:xor#3.itm, fpr_add:m#1(43).sva, prng_refill_no_structs#1:for:for#3:mux.itm(24), prng_refill_no_structs#2:for:for#3:mux.itm(24), prng_refill_no_structs#3:for:for#3:mux.itm(24), prng_refill_no_structs:for:for#3:mux.itm(24), prng_refill_no_structs#1:for:for#4:prng_refill_no_structs#1:for:for#4:slc(prng_refill_no_structs#1:for:prng_refill_no_structs#1:for:for#4:mux#3.itm(3), prng_refill_no_structs#2:for:for#4:prng_refill_no_structs#2:for:for#4:slc(prng_refill_no_structs#2:for:prng_refill_no_structs#2:for:for#4:mux#3.itm(3), prng_refill_no_structs#3:for:for#4:prng_refill_no_structs#3:for:for#4:slc(prng_refill_no_structs#3:for:prng_refill_no_structs#3:for:for#4:mux#3.itm(3), prng_refill_no_structs:for:for#4:prng_refill_no_structs:for:for#4:slc(prng_refill_no_structs:for:prng_refill_no_structs:for:for#4:mux#3.itm(3)' (9 registers deleted). (FSM-3)
# Creating shared register 'fpr_add#1:xor#30.itm' for variables 'fpr_add#1:xor#30.itm, fpr_add:m#1(44).sva, prng_refill_no_structs#1:for:for#3:mux.itm(25), prng_refill_no_structs#2:for:for#3:mux.itm(25), prng_refill_no_structs#3:for:for#3:mux.itm(25), prng_refill_no_structs:for:for#3:mux.itm(25), prng_refill_no_structs#1:for:for#4:prng_refill_no_structs#1:for:for#4:slc(prng_refill_no_structs#1:for:prng_refill_no_structs#1:for:for#4:mux#3.itm(4), prng_refill_no_structs#2:for:for#4:prng_refill_no_structs#2:for:for#4:slc(prng_refill_no_structs#2:for:prng_refill_no_structs#2:for:for#4:mux#3.itm(4), prng_refill_no_structs#3:for:for#4:prng_refill_no_structs#3:for:for#4:slc(prng_refill_no_structs#3:for:prng_refill_no_structs#3:for:for#4:mux#3.itm(4), prng_refill_no_structs:for:for#4:prng_refill_no_structs:for:for#4:slc(prng_refill_no_structs:for:prng_refill_no_structs:for:for#4:mux#3.itm(4)' (9 registers deleted). (FSM-3)
# Creating shared register 'fpr_add#1:xor#32.itm' for variables 'fpr_add#1:xor#32.itm, fpr_add:m#1(45).sva, prng_refill_no_structs#1:for:for#3:mux.itm(26), prng_refill_no_structs#2:for:for#3:mux.itm(26), prng_refill_no_structs#3:for:for#3:mux.itm(26), prng_refill_no_structs:for:for#3:mux.itm(26), prng_refill_no_structs#1:for:for#4:prng_refill_no_structs#1:for:for#4:slc(prng_refill_no_structs#1:for:prng_refill_no_structs#1:for:for#4:mux#3.itm(5), prng_refill_no_structs#2:for:for#4:prng_refill_no_structs#2:for:for#4:slc(prng_refill_no_structs#2:for:prng_refill_no_structs#2:for:for#4:mux#3.itm(5), prng_refill_no_structs#3:for:for#4:prng_refill_no_structs#3:for:for#4:slc(prng_refill_no_structs#3:for:prng_refill_no_structs#3:for:for#4:mux#3.itm(5), prng_refill_no_structs:for:for#4:prng_refill_no_structs:for:for#4:slc(prng_refill_no_structs:for:prng_refill_no_structs:for:for#4:mux#3.itm(5)' (9 registers deleted). (FSM-3)
# Creating shared register 'fpr_add#1:xor#4.itm' for variables 'fpr_add#1:xor#4.itm, fpr_add:m#1(46).sva, prng_refill_no_structs#1:for:for#3:mux.itm(27), prng_refill_no_structs#2:for:for#3:mux.itm(27), prng_refill_no_structs#3:for:for#3:mux.itm(27), prng_refill_no_structs:for:for#3:mux.itm(27), prng_refill_no_structs#1:for:for#4:prng_refill_no_structs#1:for:for#4:slc(prng_refill_no_structs#1:for:prng_refill_no_structs#1:for:for#4:mux#3.itm(6), prng_refill_no_structs#2:for:for#4:prng_refill_no_structs#2:for:for#4:slc(prng_refill_no_structs#2:for:prng_refill_no_structs#2:for:for#4:mux#3.itm(6), prng_refill_no_structs#3:for:for#4:prng_refill_no_structs#3:for:for#4:slc(prng_refill_no_structs#3:for:prng_refill_no_structs#3:for:for#4:mux#3.itm(6), prng_refill_no_structs:for:for#4:prng_refill_no_structs:for:for#4:slc(prng_refill_no_structs:for:prng_refill_no_structs:for:for#4:mux#3.itm(6)' (9 registers deleted). (FSM-3)
# Creating shared register 'fpr_add#1:xor#5.itm' for variables 'fpr_add#1:xor#5.itm, fpr_add:m#1(47).sva, prng_refill_no_structs#1:for:for#3:mux.itm(28), prng_refill_no_structs#2:for:for#3:mux.itm(28), prng_refill_no_structs#3:for:for#3:mux.itm(28), prng_refill_no_structs:for:for#3:mux.itm(28), prng_refill_no_structs#1:for:for#4:prng_refill_no_structs#1:for:for#4:slc(prng_refill_no_structs#1:for:prng_refill_no_structs#1:for:for#4:mux#3.itm(7), prng_refill_no_structs#2:for:for#4:prng_refill_no_structs#2:for:for#4:slc(prng_refill_no_structs#2:for:prng_refill_no_structs#2:for:for#4:mux#3.itm(7), prng_refill_no_structs#3:for:for#4:prng_refill_no_structs#3:for:for#4:slc(prng_refill_no_structs#3:for:prng_refill_no_structs#3:for:for#4:mux#3.itm(7), prng_refill_no_structs:for:for#4:prng_refill_no_structs:for:for#4:slc(prng_refill_no_structs:for:prng_refill_no_structs:for:for#4:mux#3.itm(7)' (9 registers deleted). (FSM-3)
# Creating shared register 'fpr_add#1:xor#6.itm' for variables 'fpr_add#1:xor#6.itm, fpr_add:m#1(48).sva, prng_refill_no_structs#1:for:for#3:mux.itm(29), prng_refill_no_structs#2:for:for#3:mux.itm(29), prng_refill_no_structs#3:for:for#3:mux.itm(29), prng_refill_no_structs:for:for#3:mux.itm(29)' (5 registers deleted). (FSM-3)
# Creating shared register 'fpr_add#1:xor#7.itm' for variables 'fpr_add#1:xor#7.itm, fpr_add:m#1(49).sva, prng_refill_no_structs#1:for:for#3:mux.itm(3), prng_refill_no_structs#2:for:for#3:mux.itm(3), prng_refill_no_structs#3:for:for#3:mux.itm(3), prng_refill_no_structs:for:for#3:mux.itm(3)' (5 registers deleted). (FSM-3)
# Creating shared register 'fpr_add#1:xor#8.itm' for variables 'fpr_add#1:xor#8.itm, fpr_add:m#1(50).sva, prng_refill_no_structs#1:for:for#3:mux.itm(30), prng_refill_no_structs#2:for:for#3:mux.itm(30), prng_refill_no_structs#3:for:for#3:mux.itm(30), prng_refill_no_structs:for:for#3:mux.itm(30)' (5 registers deleted). (FSM-3)
# Creating shared register 'fpr_add#1:xor#9.itm' for variables 'fpr_add#1:xor#9.itm, fpr_add:m#1(51).sva, prng_refill_no_structs#1:for:for#3:mux.itm(31), prng_refill_no_structs#2:for:for#3:mux.itm(31), prng_refill_no_structs#3:for:for#3:mux.itm(31), prng_refill_no_structs:for:for#3:mux.itm(31)' (5 registers deleted). (FSM-3)
# Creating shared register 'fpr_add#2:acc#8.psp.sva' for variables 'fpr_add#2:acc#8.psp.sva, fpr_add#3:acc#8.psp.sva, FPR#12:acc#6.psp.sva, fpr_add:y(63:52).sva' (3 registers deleted). (FSM-3)
# Info: Running transformation 'dpfsm' on solution 'sampler_hls.v1': elapsed time 97.09 seconds, memory usage 1671520kB, peak memory usage 1908836kB (SOL-15)
# Creating shared register 'prng_refill_no_structs#1:for:for#1:do#2:prng_refill_no_structs#1:for:for#1:do#2:acc#7.ncse.sva' for variables 'prng_refill_no_structs#1:for:for#1:do#2:prng_refill_no_structs#1:for:for#1:do#2:acc#7.ncse.sva, prng_refill_no_structs#2:for:for#1:do#2:prng_refill_no_structs#2:for:for#1:do#2:acc#7.ncse.sva, prng_refill_no_structs#3:for:for#1:do#2:prng_refill_no_structs#3:for:for#1:do#2:acc#7.ncse.sva, prng_refill_no_structs:for:for#1:do#2:prng_refill_no_structs:for:for#1:do#2:acc#7.ncse.sva, prng_refill_no_structs#1:for:state(1).sva, prng_refill_no_structs#2:for:state(1).sva, prng_refill_no_structs#3:for:state(1).sva, prng_refill_no_structs:for:state(1).sva, prng_refill_no_structs#1:for:state(1).sva#1, prng_refill_no_structs#1:for:state(1).sva#1.dfm#1, prng_refill_no_structs#2:for:state(1).sva#1, prng_refill_no_structs#2:for:state(1).sva#1.dfm#1, prng_refill_no_structs#3:for:state(1).sva#1, prng_refill_no_structs#3:for:state(1).sva#1.dfm#1, prng_refill_no_structs:for:state(1).sva#1, prng_refill_no_structs:for:state(1).sva#1.dfm#1' (15 registers deleted). (FSM-3)
# Creating shared register 'prng_refill_no_structs#1:for:for#1:do#3:prng_refill_no_structs#1:for:for#1:do#3:acc#7.ncse.sva' for variables 'prng_refill_no_structs#1:for:for#1:do#3:prng_refill_no_structs#1:for:for#1:do#3:acc#7.ncse.sva, prng_refill_no_structs#2:for:for#1:do#3:prng_refill_no_structs#2:for:for#1:do#3:acc#7.ncse.sva, prng_refill_no_structs#3:for:for#1:do#3:prng_refill_no_structs#3:for:for#1:do#3:acc#7.ncse.sva, prng_refill_no_structs:for:for#1:do#3:prng_refill_no_structs:for:for#1:do#3:acc#7.ncse.sva, prng_refill_no_structs#1:for:state(10).sva#2, prng_refill_no_structs#1:for:state(10).sva#2.dfm, prng_refill_no_structs#1:for:state(2).sva, prng_refill_no_structs#2:for:state(2).sva, prng_refill_no_structs#3:for:state(2).sva, prng_refill_no_structs:for:state(2).sva, prng_refill_no_structs#2:for:state(10).sva#2, prng_refill_no_structs#2:for:state(10).sva#2.dfm, prng_refill_no_structs#3:for:state(10).sva#2, prng_refill_no_structs#3:for:state(10).sva#2.dfm, prng_refill_no_structs:for:state(10).sva#2, prng_refill_no_structs:for:state(10).sva#2.dfm' (15 registers deleted). (FSM-3)
# Creating shared register 'prng_refill_no_structs#1:for:for#1:do:prng_refill_no_structs#1:for:for#1:do:acc#7.ncse.sva' for variables 'prng_refill_no_structs#1:for:for#1:do:prng_refill_no_structs#1:for:for#1:do:acc#7.ncse.sva, prng_refill_no_structs#2:for:for#1:do:prng_refill_no_structs#2:for:for#1:do:acc#7.ncse.sva, prng_refill_no_structs#3:for:for#1:do:prng_refill_no_structs#3:for:for#1:do:acc#7.ncse.sva, prng_refill_no_structs:for:for#1:do:prng_refill_no_structs:for:for#1:do:acc#7.ncse.sva, prng_refill_no_structs#1:for:state(11).sva#2, prng_refill_no_structs#1:for:state(11).sva#2.dfm, prng_refill_no_structs#1:for:state(3).sva, prng_refill_no_structs#2:for:state(3).sva, prng_refill_no_structs#3:for:state(3).sva, prng_refill_no_structs:for:state(3).sva, prng_refill_no_structs#2:for:state(11).sva#2, prng_refill_no_structs#2:for:state(11).sva#2.dfm, prng_refill_no_structs#3:for:state(11).sva#2, prng_refill_no_structs#3:for:state(11).sva#2.dfm, prng_refill_no_structs:for:state(11).sva#2, prng_refill_no_structs:for:state(11).sva#2.dfm' (15 registers deleted). (FSM-3)
# Creating shared register 'prng_refill_no_structs#1:for:state(14).sva' for variables 'prng_refill_no_structs#1:for:state(14).sva, prng_refill_no_structs#1:for:state(14).sva.dfm, prng_refill_no_structs#2:for:state(14).sva, prng_refill_no_structs#2:for:state(14).sva.dfm, prng_refill_no_structs#3:for:state(14).sva, prng_refill_no_structs#3:for:state(14).sva.dfm, prng_refill_no_structs:for:state(14).sva, prng_refill_no_structs:for:state(14).sva.dfm' (7 registers deleted). (FSM-3)
# Creating shared register 'prng_refill_no_structs#1:for:state(2).sva#1' for variables 'prng_refill_no_structs#1:for:state(2).sva#1, prng_refill_no_structs#1:for:state(2).sva#1.dfm#1, prng_refill_no_structs#2:for:state(2).sva#1, prng_refill_no_structs#2:for:state(2).sva#1.dfm#1, prng_refill_no_structs#3:for:state(2).sva#1, prng_refill_no_structs#3:for:state(2).sva#1.dfm#1, prng_refill_no_structs:for:state(2).sva#1, prng_refill_no_structs:for:state(2).sva#1.dfm#1' (7 registers deleted). (FSM-3)
# Creating shared register 'prng_refill_no_structs#1:for:state(3).sva#1' for variables 'prng_refill_no_structs#1:for:state(3).sva#1, prng_refill_no_structs#1:for:state(3).sva#1.dfm#1, prng_refill_no_structs#2:for:state(3).sva#1, prng_refill_no_structs#2:for:state(3).sva#1.dfm#1, prng_refill_no_structs#3:for:state(3).sva#1, prng_refill_no_structs#3:for:state(3).sva#1.dfm#1, prng_refill_no_structs:for:state(3).sva#1, prng_refill_no_structs:for:state(3).sva#1.dfm#1' (7 registers deleted). (FSM-3)
# Creating shared register 'prng_refill_no_structs#1:for:state(8).sva#2' for variables 'prng_refill_no_structs#1:for:state(8).sva#2, prng_refill_no_structs#1:for:state(8).sva#2.dfm, prng_refill_no_structs#2:for:state(8).sva#2, prng_refill_no_structs#2:for:state(8).sva#2.dfm, prng_refill_no_structs#3:for:state(8).sva#2, prng_refill_no_structs#3:for:state(8).sva#2.dfm, prng_refill_no_structs:for:state(8).sva#2, prng_refill_no_structs:for:state(8).sva#2.dfm' (7 registers deleted). (FSM-3)
# Creating shared register 'prng_refill_no_structs#1:for:state(9).sva#2' for variables 'prng_refill_no_structs#1:for:state(9).sva#2, prng_refill_no_structs#1:for:state(9).sva#2.dfm, prng_refill_no_structs#2:for:state(9).sva#2, prng_refill_no_structs#2:for:state(9).sva#2.dfm, prng_refill_no_structs#3:for:state(9).sva#2, prng_refill_no_structs#3:for:state(9).sva#2.dfm, prng_refill_no_structs:for:state(9).sva#2, prng_refill_no_structs:for:state(9).sva#2.dfm' (7 registers deleted). (FSM-3)
# Creating shared register 'prng_refill_no_structs#1:for:state(15).sva' for variables 'prng_refill_no_structs#1:for:state(15).sva, prng_refill_no_structs#2:for:state(15).sva, prng_refill_no_structs#3:for:state(15).sva, prng_refill_no_structs:for:state(15).sva' (3 registers deleted). (FSM-3)
# Creating shared register 'for:mul#1.psp.sva' for variables 'for:mul#1.psp.sva, fpr_expm_p63:slc(fpr_expm_p63:mul#1)(62-31).slc.sva, prng_refill_no_structs#1:for:for#1:do#1:prng_refill_no_structs#1:for:for#1:do#1:acc#7.ncse.sva, prng_refill_no_structs#2:for:for#1:do#1:prng_refill_no_structs#2:for:for#1:do#1:acc#7.ncse.sva, prng_refill_no_structs#3:for:for#1:do#1:prng_refill_no_structs#3:for:for#1:do#1:acc#7.ncse.sva, prng_refill_no_structs:for:for#1:do#1:prng_refill_no_structs:for:for#1:do#1:acc#7.ncse.sva, gaussian0_sampler_no_structs:z.sva, prng_refill_no_structs#1:for:state(0).sva, prng_refill_no_structs#2:for:state(0).sva, prng_refill_no_structs#3:for:state(0).sva, prng_refill_no_structs:for:state(0).sva, prng_refill_no_structs#1:for:state(0).sva#1, prng_refill_no_structs#1:for:state(0).sva#1.dfm#1, prng_refill_no_structs#2:for:state(0).sva#1, prng_refill_no_structs#2:for:state(0).sva#1.dfm#1, prng_refill_no_structs#3:for:state(0).sva#1, prng_refill_no_structs#3:for:state(0).sva#1.dfm#1, prng_refill_no_structs:for:state(0).sva#1, prng_refill_no_structs:for:state(0).sva#1.dfm#1' (18 registers deleted). (FSM-3)
# Creating shared register 'fpr_add#1:fpr_add#1:fpr_add#1:or.seb.sva' for variables 'fpr_add#1:fpr_add#1:fpr_add#1:or.seb.sva, fpr_add:fpr_add:fpr_add:or.seb.sva, fpr_mul#3:xor#2.itm, prng_refill_no_structs#1:for:for#1:slc(prng_refill_no_structs#1:for:for#1:acc)(3).itm, prng_refill_no_structs#2:for:for#1:slc(prng_refill_no_structs#2:for:for#1:acc)(3).itm, prng_refill_no_structs#3:for:for#1:slc(prng_refill_no_structs#3:for:for#1:acc)(3).itm, prng_refill_no_structs:for:for#1:slc(prng_refill_no_structs:for:for#1:acc)(3).itm, prng_refill_no_structs#1:for:for:slc(prng_refill_no_structs#1:for:for:acc)(2).itm, prng_refill_no_structs#2:for:for:slc(prng_refill_no_structs#2:for:for:acc)(2).itm, prng_refill_no_structs#3:for:for:slc(prng_refill_no_structs#3:for:for:acc)(2).itm, prng_refill_no_structs:for:for:slc(prng_refill_no_structs:for:for:acc)(2).itm' (10 registers deleted). (FSM-3)
# Creating shared register 'prng_refill_no_structs#1:for:for#2:mux#20.itm' for variables 'prng_refill_no_structs#1:for:for#2:mux#20.itm, prng_refill_no_structs#2:for:for#2:mux#20.itm, prng_refill_no_structs#3:for:for#2:mux#20.itm, prng_refill_no_structs:for:for#2:mux#20.itm, prng_refill_no_structs#2:for:i(3:0).sva, prng_refill_no_structs#2:for:i(3:0).sva#1, prng_refill_no_structs#3:for:i(3:0).sva, prng_refill_no_structs#3:for:i(3:0).sva#1, prng_refill_no_structs:for:i(3:0).sva, prng_refill_no_structs:for:i(3:0).sva#1' (9 registers deleted). (FSM-3)
# Creating shared register 'fpr_expm_p63:u(3:0).sva' for variables 'fpr_expm_p63:u(3:0).sva, fpr_expm_p63:u(3:0).sva#1, prng_refill_no_structs#1:for:v(4:0).sva(3:0), prng_refill_no_structs#2:for:v(4:0).sva(3:0), prng_refill_no_structs#3:for:v(4:0).sva(3:0), prng_refill_no_structs:for:v(4:0).sva(3:0), prng_refill_no_structs#1:for:j(3:0).sva#1, prng_refill_no_structs#2:for:j(3:0).sva#1, prng_refill_no_structs#3:for:j(3:0).sva#1, prng_refill_no_structs:for:j(3:0).sva#1' (9 registers deleted). (FSM-3)
# Creating shared register 'prng_refill_no_structs#1:for:i(3:0).sva' for variables 'prng_refill_no_structs#1:for:i(3:0).sva, prng_refill_no_structs#1:for:i(3:0).sva#1, prng_refill_no_structs#1:for:j(3:0).sva, prng_refill_no_structs#2:for:j(3:0).sva, prng_refill_no_structs#3:for:j(3:0).sva, prng_refill_no_structs:for:j(3:0).sva, prng_refill_no_structs#1:for:v#2(3:0).sva, prng_refill_no_structs#2:for:v#2(3:0).sva, prng_refill_no_structs#3:for:v#2(3:0).sva, prng_refill_no_structs:for:v#2(3:0).sva' (9 registers deleted). (FSM-3)
# Creating shared register 'fpr_mul#1:mul#1.psp.sva' for variables 'fpr_mul#1:mul#1.psp.sva, fpr_mul#3:mul#1.psp.sva, fpr_mul#1:mul#2.psp.sva' (2 registers deleted). (FSM-3)
# Creating shared register 'prng_refill_no_structs#1:for:v(4:0).sva#1' for variables 'prng_refill_no_structs#1:for:v(4:0).sva#1, prng_refill_no_structs#2:for:v(4:0).sva#1, prng_refill_no_structs#3:for:v(4:0).sva#1, prng_refill_no_structs:for:v(4:0).sva#1' (3 registers deleted). (FSM-3)
# Creating shared register 'prng_refill_no_structs#1:for:state(12)(31:24)#1.sva#2' for variables 'prng_refill_no_structs#1:for:state(12)(31:24)#1.sva#2, prng_refill_no_structs#1:for:state(12)(31:24)#1.sva#2.dfm, prng_refill_no_structs#1:for:state(14)#2(31:24).sva, prng_refill_no_structs#2:for:state(14)#2(31:24).sva, prng_refill_no_structs#3:for:state(14)#2(31:24).sva, prng_refill_no_structs:for:state(14)#2(31:24).sva, prng_refill_no_structs#2:for:state(12)(31:24)#1.sva#2, prng_refill_no_structs#2:for:state(12)(31:24)#1.sva#2.dfm, prng_refill_no_structs#3:for:state(12)(31:24)#1.sva#2, prng_refill_no_structs#3:for:state(12)(31:24)#1.sva#2.dfm, prng_refill_no_structs:for:state(12)(31:24)#1.sva#2, prng_refill_no_structs:for:state(12)(31:24)#1.sva#2.dfm' (11 registers deleted). (FSM-3)
# Creating shared register 'prng_refill_no_structs#1:for:state(12)(7:0)#1.sva#2' for variables 'prng_refill_no_structs#1:for:state(12)(7:0)#1.sva#2, prng_refill_no_structs#1:for:state(12)(7:0)#1.sva#2.dfm, prng_refill_no_structs#1:for:state(14)#2(7:0).sva, prng_refill_no_structs#2:for:state(14)#2(7:0).sva, prng_refill_no_structs#3:for:state(14)#2(7:0).sva, prng_refill_no_structs:for:state(14)#2(7:0).sva, prng_refill_no_structs#2:for:state(12)(7:0)#1.sva#2, prng_refill_no_structs#2:for:state(12)(7:0)#1.sva#2.dfm, prng_refill_no_structs#3:for:state(12)(7:0)#1.sva#2, prng_refill_no_structs#3:for:state(12)(7:0)#1.sva#2.dfm, prng_refill_no_structs:for:state(12)(7:0)#1.sva#2, prng_refill_no_structs:for:state(12)(7:0)#1.sva#2.dfm' (11 registers deleted). (FSM-3)
# Creating shared register 'prng_refill_no_structs#1:for:state(13)(15:8)#1.sva#2' for variables 'prng_refill_no_structs#1:for:state(13)(15:8)#1.sva#2, prng_refill_no_structs#1:for:state(13)(15:8)#1.sva#2.dfm, prng_refill_no_structs#1:for:state(15)#2(15:8).sva, prng_refill_no_structs#2:for:state(15)#2(15:8).sva, prng_refill_no_structs#3:for:state(15)#2(15:8).sva, prng_refill_no_structs:for:state(15)#2(15:8).sva, prng_refill_no_structs#2:for:state(13)(15:8)#1.sva#2, prng_refill_no_structs#2:for:state(13)(15:8)#1.sva#2.dfm, prng_refill_no_structs#3:for:state(13)(15:8)#1.sva#2, prng_refill_no_structs#3:for:state(13)(15:8)#1.sva#2.dfm, prng_refill_no_structs:for:state(13)(15:8)#1.sva#2, prng_refill_no_structs:for:state(13)(15:8)#1.sva#2.dfm' (11 registers deleted). (FSM-3)
# Creating shared register 'prng_refill_no_structs#1:for:state(13)(23:16)#1.sva#2' for variables 'prng_refill_no_structs#1:for:state(13)(23:16)#1.sva#2, prng_refill_no_structs#1:for:state(13)(23:16)#1.sva#2.dfm, prng_refill_no_structs#1:for:state(15)#2(23:16).sva, prng_refill_no_structs#2:for:state(15)#2(23:16).sva, prng_refill_no_structs#3:for:state(15)#2(23:16).sva, prng_refill_no_structs:for:state(15)#2(23:16).sva, prng_refill_no_structs#2:for:state(13)(23:16)#1.sva#2, prng_refill_no_structs#2:for:state(13)(23:16)#1.sva#2.dfm, prng_refill_no_structs#3:for:state(13)(23:16)#1.sva#2, prng_refill_no_structs#3:for:state(13)(23:16)#1.sva#2.dfm, prng_refill_no_structs:for:state(13)(23:16)#1.sva#2, prng_refill_no_structs:for:state(13)(23:16)#1.sva#2.dfm' (11 registers deleted). (FSM-3)
# Creating shared register 'prng_refill_no_structs#1:for:state(13)(31:24)#1.sva#2' for variables 'prng_refill_no_structs#1:for:state(13)(31:24)#1.sva#2, prng_refill_no_structs#1:for:state(13)(31:24)#1.sva#2.dfm, prng_refill_no_structs#1:for:state(15)#2(31:24).sva, prng_refill_no_structs#2:for:state(15)#2(31:24).sva, prng_refill_no_structs#3:for:state(15)#2(31:24).sva, prng_refill_no_structs:for:state(15)#2(31:24).sva, prng_refill_no_structs#2:for:state(13)(31:24)#1.sva#2, prng_refill_no_structs#2:for:state(13)(31:24)#1.sva#2.dfm, prng_refill_no_structs#3:for:state(13)(31:24)#1.sva#2, prng_refill_no_structs#3:for:state(13)(31:24)#1.sva#2.dfm, prng_refill_no_structs:for:state(13)(31:24)#1.sva#2, prng_refill_no_structs:for:state(13)(31:24)#1.sva#2.dfm' (11 registers deleted). (FSM-3)
# Creating shared register 'prng_refill_no_structs#1:for:state(13)(7:0)#1.sva#2' for variables 'prng_refill_no_structs#1:for:state(13)(7:0)#1.sva#2, prng_refill_no_structs#1:for:state(13)(7:0)#1.sva#2.dfm, prng_refill_no_structs#1:for:state(15)#2(7:0).sva, prng_refill_no_structs#2:for:state(15)#2(7:0).sva, prng_refill_no_structs#3:for:state(15)#2(7:0).sva, prng_refill_no_structs:for:state(15)#2(7:0).sva, prng_refill_no_structs#2:for:state(13)(7:0)#1.sva#2, prng_refill_no_structs#2:for:state(13)(7:0)#1.sva#2.dfm, prng_refill_no_structs#3:for:state(13)(7:0)#1.sva#2, prng_refill_no_structs#3:for:state(13)(7:0)#1.sva#2.dfm, prng_refill_no_structs:for:state(13)(7:0)#1.sva#2, prng_refill_no_structs:for:state(13)(7:0)#1.sva#2.dfm' (11 registers deleted). (FSM-3)
# Creating shared register 'prng_refill_no_structs#1:cc.sva(47:40)' for variables 'prng_refill_no_structs#1:cc.sva(47:40), prng_refill_no_structs#2:cc.sva(47:40), prng_refill_no_structs#3:cc.sva(47:40), prng_refill_no_structs:cc.sva(47:40)' (3 registers deleted). (FSM-3)
# Creating shared register 'prng_refill_no_structs#1:cc.sva(55:48)' for variables 'prng_refill_no_structs#1:cc.sva(55:48), prng_refill_no_structs#2:cc.sva(55:48), prng_refill_no_structs#3:cc.sva(55:48), prng_refill_no_structs:cc.sva(55:48)' (3 registers deleted). (FSM-3)
# Creating shared register 'prng_refill_no_structs#1:cc.sva(63:56)' for variables 'prng_refill_no_structs#1:cc.sva(63:56), prng_refill_no_structs#2:cc.sva(63:56), prng_refill_no_structs#3:cc.sva(63:56), prng_refill_no_structs:cc.sva(63:56)' (3 registers deleted). (FSM-3)
# Creating shared register 'prng_refill_no_structs#1:for:for:asn#55.itm' for variables 'prng_refill_no_structs#1:for:for:asn#55.itm, prng_refill_no_structs#2:for:for:asn#55.itm, prng_refill_no_structs#3:for:for:asn#55.itm, prng_refill_no_structs#1:for:state(12)(15:8)#1.sva#2, prng_refill_no_structs#1:for:state(12)(15:8)#1.sva#2.dfm, prng_refill_no_structs#1:for:state(14)#2(15:8).sva, prng_refill_no_structs#2:for:state(14)#2(15:8).sva, prng_refill_no_structs#3:for:state(14)#2(15:8).sva, prng_refill_no_structs:for:state(14)#2(15:8).sva, prng_refill_no_structs#2:for:state(12)(15:8)#1.sva#2, prng_refill_no_structs#2:for:state(12)(15:8)#1.sva#2.dfm, prng_refill_no_structs#3:for:state(12)(15:8)#1.sva#2, prng_refill_no_structs#3:for:state(12)(15:8)#1.sva#2.dfm, prng_refill_no_structs:for:state(12)(15:8)#1.sva#2, prng_refill_no_structs:for:state(12)(15:8)#1.sva#2.dfm' (14 registers deleted). (FSM-3)
# Creating shared register 'prng_refill_no_structs#1:for:for:asn#57.itm' for variables 'prng_refill_no_structs#1:for:for:asn#57.itm, prng_refill_no_structs#2:for:for:asn#57.itm, prng_refill_no_structs#3:for:for:asn#57.itm, prng_refill_no_structs#1:for:state(12)(23:16)#1.sva#2, prng_refill_no_structs#1:for:state(12)(23:16)#1.sva#2.dfm, prng_refill_no_structs#1:for:state(14)#2(23:16).sva, prng_refill_no_structs#2:for:state(14)#2(23:16).sva, prng_refill_no_structs#3:for:state(14)#2(23:16).sva, prng_refill_no_structs:for:state(14)#2(23:16).sva, prng_refill_no_structs#2:for:state(12)(23:16)#1.sva#2, prng_refill_no_structs#2:for:state(12)(23:16)#1.sva#2.dfm, prng_refill_no_structs#3:for:state(12)(23:16)#1.sva#2, prng_refill_no_structs#3:for:state(12)(23:16)#1.sva#2.dfm, prng_refill_no_structs:for:state(12)(23:16)#1.sva#2, prng_refill_no_structs:for:state(12)(23:16)#1.sva#2.dfm' (14 registers deleted). (FSM-3)
# Creating shared register 'prng_refill_no_structs#1:asn#1.itm' for variables 'prng_refill_no_structs#1:asn#1.itm, prng_refill_no_structs#2:asn#1.itm, prng_refill_no_structs#3:asn#2.itm, prng_refill_no_structs:asn#2.itm, prng_refill_no_structs#1:for:for#3:tmp:asn#3.itm, prng_refill_no_structs#2:for:for#3:tmp:asn#3.itm, prng_refill_no_structs#3:for:for#3:tmp:asn#3.itm, prng_refill_no_structs:asn.psp#2, prng_refill_no_structs:for:for:asn#54.itm, prng_refill_no_structs:for:for#3:tmp:asn#2.itm, prng_refill_no_structs#1:for:state(14)#6(15:8).sva, prng_refill_no_structs#2:for:state(14)#6(15:8).sva, prng_refill_no_structs#3:for:state(14)#6(15:8).sva, prng_refill_no_structs:for:state(14)#6(15:8).sva' (13 registers deleted). (FSM-3)
# Creating shared register 'prng_refill_no_structs#1:asn#2.itm' for variables 'prng_refill_no_structs#1:asn#2.itm, prng_refill_no_structs#2:asn#2.itm, prng_refill_no_structs#3:asn#3.itm, prng_refill_no_structs:asn#3.itm, prng_refill_no_structs#1:for:tmp#1:asn#3.itm, prng_refill_no_structs#2:for:tmp#1:asn#3.itm, prng_refill_no_structs#3:for:tmp#1:asn#3.itm, prng_refill_no_structs:asn.psp#3, prng_refill_no_structs:for:for:asn#55.itm, prng_refill_no_structs:for:tmp#1:asn#3.itm, prng_refill_no_structs#1:for:tmp:asn#2.itm, prng_refill_no_structs#2:for:tmp:asn#1.itm, prng_refill_no_structs#3:for:tmp:asn#1.itm, prng_refill_no_structs:for:tmp:asn#1.itm' (13 registers deleted). (FSM-3)
# Creating shared register 'prng_refill_no_structs#1:asn#3.itm' for variables 'prng_refill_no_structs#1:asn#3.itm, prng_refill_no_structs#2:asn#3.itm, prng_refill_no_structs#3:asn#4.itm, prng_refill_no_structs:asn#4.itm, prng_refill_no_structs#1:cc.sva(39:32), prng_refill_no_structs#2:cc.sva(39:32), prng_refill_no_structs#3:cc.sva(39:32), prng_refill_no_structs:cc.sva(39:32)' (7 registers deleted). (FSM-3)
# Creating shared register 'prng_refill_no_structs#1:asn#4.itm' for variables 'prng_refill_no_structs#1:asn#4.itm, prng_refill_no_structs#2:asn#4.itm, prng_refill_no_structs#3:asn#5.itm, prng_refill_no_structs:asn#5.itm, prng_refill_no_structs#1:cc.sva(31:24), prng_refill_no_structs#2:cc.sva(31:24), prng_refill_no_structs#3:cc.sva(31:24), prng_refill_no_structs:cc.sva(31:24)' (7 registers deleted). (FSM-3)
# Creating shared register 'prng_refill_no_structs#1:asn#5.itm' for variables 'prng_refill_no_structs#1:asn#5.itm, prng_refill_no_structs#2:asn#5.itm, prng_refill_no_structs#3:asn#6.itm, prng_refill_no_structs:asn#6.itm, prng_refill_no_structs#1:cc.sva(23:16), prng_refill_no_structs#2:cc.sva(23:16), prng_refill_no_structs#3:cc.sva(23:16), prng_refill_no_structs:cc.sva(23:16)' (7 registers deleted). (FSM-3)
# Creating shared register 'prng_refill_no_structs#1:asn#6.itm' for variables 'prng_refill_no_structs#1:asn#6.itm, prng_refill_no_structs#2:asn#6.itm, prng_refill_no_structs#3:asn#7.itm, prng_refill_no_structs:asn#7.itm, prng_refill_no_structs#1:cc.sva(15:8), prng_refill_no_structs#2:cc.sva(15:8), prng_refill_no_structs#3:cc.sva(15:8), prng_refill_no_structs:cc.sva(15:8)' (7 registers deleted). (FSM-3)
# Creating shared register 'prng_refill_no_structs#1:asn#7.itm' for variables 'prng_refill_no_structs#1:asn#7.itm, prng_refill_no_structs#3:asn#8.itm, prng_refill_no_structs:asn#8.itm, prng_refill_no_structs#1:cc.sva(7:0), prng_refill_no_structs#2:cc.sva(7:0), prng_refill_no_structs#3:cc.sva(7:0), prng_refill_no_structs:cc.sva(7:0)' (6 registers deleted). (FSM-3)
# Creating shared register 'prng_refill_no_structs#1:for:for#3:tmp:asn#1.itm' for variables 'prng_refill_no_structs#1:for:for#3:tmp:asn#1.itm, prng_refill_no_structs#2:for:for#3:tmp:asn#2.itm, prng_refill_no_structs#3:for:for#3:tmp:asn#2.itm, prng_refill_no_structs:for:for#3:tmp:asn#3.itm, prng_refill_no_structs#1:for:tmp#1:asn#2.itm, prng_refill_no_structs#2:for:tmp#1:asn#1.itm, prng_refill_no_structs#3:for:tmp#1:asn#1.itm, prng_refill_no_structs:for:tmp#1:asn#1.itm, prng_refill_no_structs:asn.psp#1, prng_refill_no_structs:for:for:asn#53.itm, prng_refill_no_structs:for:tmp:asn#3.itm, prng_refill_no_structs#1:for:tmp:asn#1.itm, prng_refill_no_structs#2:for:tmp:asn#2.itm, prng_refill_no_structs#3:for:tmp:asn#2.itm' (13 registers deleted). (FSM-3)
# Creating shared register 'prng_refill_no_structs#1:for:for#3:tmp:asn#2.itm' for variables 'prng_refill_no_structs#1:for:for#3:tmp:asn#2.itm, prng_refill_no_structs#2:for:for#3:tmp:asn#1.itm, prng_refill_no_structs#3:for:for#3:tmp:asn#1.itm, prng_refill_no_structs:for:for#3:tmp:asn#1.itm, prng_refill_no_structs#1:for:tmp#1:asn#1.itm, prng_refill_no_structs#2:for:tmp#1:asn#2.itm, prng_refill_no_structs#3:for:tmp#1:asn#2.itm, prng_refill_no_structs#1:for:tmp:asn#3.itm, prng_refill_no_structs#2:for:tmp:asn#3.itm, prng_refill_no_structs#3:for:tmp:asn#3.itm, prng_refill_no_structs:asn.psp, prng_refill_no_structs:for:tmp#1:asn#2.itm, prng_refill_no_structs:for:tmp:asn#2.itm, prng_refill_no_structs#1:for:for:asn#56.itm, prng_refill_no_structs#2:for:for:asn#56.itm, prng_refill_no_structs#3:for:for:asn#56.itm, prng_refill_no_structs#2:asn#7.itm' (16 registers deleted). (FSM-3)
# Creating shared register 'prng_refill_no_structs#1:for:state(14)#6(23:16).sva' for variables 'prng_refill_no_structs#1:for:state(14)#6(23:16).sva, prng_refill_no_structs#2:for:state(14)#6(23:16).sva, prng_refill_no_structs#3:for:state(14)#6(23:16).sva, prng_refill_no_structs:for:state(14)#6(23:16).sva' (3 registers deleted). (FSM-3)
# Creating shared register 'prng_refill_no_structs#1:for:state(14)#6(31:24).sva' for variables 'prng_refill_no_structs#1:for:state(14)#6(31:24).sva, prng_refill_no_structs#2:for:state(14)#6(31:24).sva, prng_refill_no_structs#3:for:state(14)#6(31:24).sva, prng_refill_no_structs:for:state(14)#6(31:24).sva' (3 registers deleted). (FSM-3)
# Creating shared register 'prng_refill_no_structs#1:for:state(14)#6(7:0).sva' for variables 'prng_refill_no_structs#1:for:state(14)#6(7:0).sva, prng_refill_no_structs#2:for:state(14)#6(7:0).sva, prng_refill_no_structs#3:for:state(14)#6(7:0).sva, prng_refill_no_structs:for:state(14)#6(7:0).sva' (3 registers deleted). (FSM-3)
# Creating shared register 'prng_refill_no_structs#1:for:state(15)#6(15:8).sva' for variables 'prng_refill_no_structs#1:for:state(15)#6(15:8).sva, prng_refill_no_structs#2:for:state(15)#6(15:8).sva, prng_refill_no_structs#3:for:state(15)#6(15:8).sva, prng_refill_no_structs:for:state(15)#6(15:8).sva' (3 registers deleted). (FSM-3)
# Creating shared register 'prng_refill_no_structs#1:for:state(15)#6(23:16).sva' for variables 'prng_refill_no_structs#1:for:state(15)#6(23:16).sva, prng_refill_no_structs#2:for:state(15)#6(23:16).sva, prng_refill_no_structs#3:for:state(15)#6(23:16).sva, prng_refill_no_structs:for:state(15)#6(23:16).sva' (3 registers deleted). (FSM-3)
# Creating shared register 'prng_refill_no_structs#1:for:state(15)#6(31:24).sva' for variables 'prng_refill_no_structs#1:for:state(15)#6(31:24).sva, prng_refill_no_structs#2:for:state(15)#6(31:24).sva, prng_refill_no_structs#3:for:state(15)#6(31:24).sva, prng_refill_no_structs:for:state(15)#6(31:24).sva' (3 registers deleted). (FSM-3)
# Creating shared register 'prng_refill_no_structs#1:for:state(15)#6(7:0).sva' for variables 'prng_refill_no_structs#1:for:state(15)#6(7:0).sva, prng_refill_no_structs#2:for:state(15)#6(7:0).sva, prng_refill_no_structs#3:for:state(15)#6(7:0).sva, prng_refill_no_structs:for:state(15)#6(7:0).sva' (3 registers deleted). (FSM-3)
# Creating shared register 'fpr_scaled#1:m#5(33:32).sva' for variables 'fpr_scaled#1:m#5(33:32).sva, fpr_scaled:m#5(33:32).sva, prng_refill_no_structs#1:for:for#2:mux#19.itm(1:0), prng_refill_no_structs#2:for:for#2:mux#19.itm(1:0), prng_refill_no_structs#3:for:for#2:mux#19.itm(1:0), prng_refill_no_structs:for:for#2:mux#19.itm(1:0), prng_refill_no_structs:for:v#1(2:0).sva(1:0), prng_refill_no_structs#3:for:v#1(2:0).sva(1:0), prng_refill_no_structs#1:for:v#1(2:0).sva(1:0), prng_refill_no_structs#2:for:v#1(2:0).sva(1:0)' (9 registers deleted). (FSM-3)
# Creating shared register 'fpr_scaled#1:m#5(35:34).sva' for variables 'fpr_scaled#1:m#5(35:34).sva, fpr_scaled:m#5(35:34).sva, prng_refill_no_structs#1:for:for#3:idx:acc.psp.sva, prng_refill_no_structs#2:for:for#3:idx:acc.psp.sva, prng_refill_no_structs#3:for:for#3:idx:acc.psp.sva, prng_refill_no_structs:for:for#3:idx:acc.psp.sva' (5 registers deleted). (FSM-3)
# Creating shared register 'fpr_mul#1:acc#20.itm' for variables 'fpr_mul#1:acc#20.itm, BerExp_no_structs:xor.itm, gaussian0_sampler_no_structs:u(5:0).sva, prng_get_u64_no_structs:prng_get_u64_no_structs:prng_get_u64_no_structs:conc.ncse(8:3).sva, prng_refill_no_structs#1:asn#1.itm, prng_refill_no_structs#2:asn#1.itm, prng_refill_no_structs#3:asn#2.itm, prng_refill_no_structs:asn#2.itm, prng_refill_no_structs#1:for:for#3:tmp:asn#3.itm, prng_refill_no_structs#2:for:for#3:tmp:asn#3.itm, prng_refill_no_structs#3:for:for#3:tmp:asn#3.itm, prng_refill_no_structs:asn.psp#2, prng_refill_no_structs:for:for:asn#54.itm, prng_refill_no_structs:for:for#3:tmp:asn#2.itm, prng_refill_no_structs#1:for:state(14)#6(15:8).sva, prng_refill_no_structs#2:for:state(14)#6(15:8).sva, prng_refill_no_structs#3:for:state(14)#6(15:8).sva, prng_refill_no_structs:for:state(14)#6(15:8).sva' (2 registers deleted). (FSM-3)
# Creating shared register 'fpr_add#2:acc#5.psp.sva' for variables 'fpr_add#2:acc#5.psp.sva, fpr_add#3:acc#5.psp.sva, BerExp_no_structs:do:acc#1.psp.sva, prng_get_u64_no_structs:acc#1.itm, gaussian0_sampler_no_structs:lo(47:40).sva' (2 registers deleted). (FSM-3)
# Info: Running transformation 'dpfsm' on solution 'sampler_hls.v1': elapsed time 126.94 seconds, memory usage 1671520kB, peak memory usage 1908836kB (SOL-15)
# Info: Running transformation 'dpfsm' on solution 'sampler_hls.v1': elapsed time 150.70 seconds, memory usage 1671520kB, peak memory usage 1908836kB (SOL-15)
# Info: Completed transformation 'dpfsm' on solution 'sampler_hls.v1': elapsed time 157.21 seconds, memory usage 1671520kB, peak memory usage 1908836kB (SOL-9)
# Info: Design complexity at end of 'dpfsm': Total ops = 31694, Real ops = 15397, Vars = 4961 (SOL-21)
# Info: Starting transformation 'instance' on solution 'sampler_hls.v1' (SOL-8)
# Info: Running transformation 'instance' on solution 'sampler_hls.v1': elapsed time 29.88 seconds, memory usage 1671520kB, peak memory usage 1908836kB (SOL-15)
# Info: Running transformation 'instance' on solution 'sampler_hls.v1': elapsed time 53.47 seconds, memory usage 1671520kB, peak memory usage 1908836kB (SOL-15)
# Netlist written to file 'schematic.nlv' (NET-4)
# Info: Completed transformation 'instance' on solution 'sampler_hls.v1': elapsed time 64.25 seconds, memory usage 1671520kB, peak memory usage 1908836kB (SOL-9)
# Info: Design complexity at end of 'instance': Total ops = 30792, Real ops = 14372, Vars = 30256 (SOL-21)
# Info: Starting transformation 'extract' on solution 'sampler_hls.v1' (SOL-8)
# Info: Running transformation 'extract' on solution 'sampler_hls.v1': elapsed time 27.02 seconds, memory usage 1737056kB, peak memory usage 1908836kB (SOL-15)
# Report written to file 'rtl.rpt'
# Generating scverify_top.cpp
# Netlist written to file 'rtl.v' (NET-4)
# generate concat
# order file name is: rtl.v_order.txt
# Add dependent file: /eda/mentor/Siemens_EDA/Catapult_Synthesis_2023.1_2/Mgc_home/pkgs/siflibs/mgc_inout_prereg_en_v1.v
# Add dependent file: /eda/mentor/Siemens_EDA/Catapult_Synthesis_2023.1_2/Mgc_home/pkgs/siflibs/ccs_in_v1.v
# Add dependent file: /eda/mentor/Siemens_EDA/Catapult_Synthesis_2023.1_2/Mgc_home/pkgs/siflibs/ccs_out_v1.v
# Add dependent file: /eda/mentor/Siemens_EDA/Catapult_Synthesis_2023.1_2/Mgc_home/pkgs/siflibs/mgc_io_sync_v2.v
# Add dependent file: /eda/mentor/Siemens_EDA/Catapult_Synthesis_2023.1_2/Mgc_home/pkgs/siflibs/mgc_shift_r_beh_v5.v
# Add dependent file: /eda/mentor/Siemens_EDA/Catapult_Synthesis_2023.1_2/Mgc_home/pkgs/siflibs/mgc_shift_br_beh_v5.v
# Add dependent file: /eda/mentor/Siemens_EDA/Catapult_Synthesis_2023.1_2/Mgc_home/pkgs/siflibs/mgc_shift_l_beh_v5.v
# Add dependent file: ./rtl.v
# Finished writing concatenated file: /home/ghp7482/projects/c2hlsc/Catapult_328/sampler_hls.v1/concat_rtl.v
# order file name is: rtl.v_order_sim.txt
# Add dependent file: /eda/mentor/Siemens_EDA/Catapult_Synthesis_2023.1_2/Mgc_home/pkgs/siflibs/mgc_inout_prereg_en_v1.v
# Add dependent file: /eda/mentor/Siemens_EDA/Catapult_Synthesis_2023.1_2/Mgc_home/pkgs/siflibs/ccs_in_v1.v
# Add dependent file: /eda/mentor/Siemens_EDA/Catapult_Synthesis_2023.1_2/Mgc_home/pkgs/siflibs/ccs_out_v1.v
# Add dependent file: /eda/mentor/Siemens_EDA/Catapult_Synthesis_2023.1_2/Mgc_home/pkgs/siflibs/mgc_io_sync_v2.v
# Add dependent file: /eda/mentor/Siemens_EDA/Catapult_Synthesis_2023.1_2/Mgc_home/pkgs/siflibs/mgc_shift_r_beh_v5.v
# Add dependent file: /eda/mentor/Siemens_EDA/Catapult_Synthesis_2023.1_2/Mgc_home/pkgs/siflibs/mgc_shift_br_beh_v5.v
# Add dependent file: /eda/mentor/Siemens_EDA/Catapult_Synthesis_2023.1_2/Mgc_home/pkgs/siflibs/mgc_shift_l_beh_v5.v
# Add dependent file: ./rtl.v
# Finished writing concatenated simulation file: /home/ghp7482/projects/c2hlsc/Catapult_328/sampler_hls.v1/concat_sim_rtl.v
# Generating SCVerify testbench files
# Makefile for RTL Verilog output 'rtl.v' vs Untimed C++ written to file './scverify/Verify_rtl_v_msim.mk'
# Info: Xilinx Vivado synthesis script written to 'vivado_v/rtl.v.xv'
# Info: Xilinx Vivado synthesis script written to 'vivado_concat_v/concat_rtl.v.xv'
# Makefile for Concat RTL Verilog output 'concat_sim_rtl.v' vs Untimed C++ written to file './scverify/Verify_concat_sim_rtl_v_msim.mk'
# Info: Running transformation 'extract' on solution 'sampler_hls.v1': elapsed time 56.80 seconds, memory usage 1933664kB, peak memory usage 1933664kB (SOL-15)
# Info: Completed transformation 'extract' on solution 'sampler_hls.v1': elapsed time 61.54 seconds, memory usage 1933664kB, peak memory usage 1933664kB (SOL-9)
# Info: Design complexity at end of 'extract': Total ops = 32164, Real ops = 15136, Vars = 5296 (SOL-21)
# > end dofile ./outputs_sampler_o3-mini_17/initial.tcl
// Finish time Sat Jan 17 22:36:12 2026, time elapsed 21:50, peak memory 1.84GB, exit status 0
